Round,Wk,Day,Date,Time,Home,Score,Away,Attendance,Venue,Referee,Match Report,Notes,Home_Clean,Away_Clean,Home_Score,Away_Score,Penalities_Home,Penalties_Away
First group stage,1,Tue,17/09/2002,,Auxerrefr,0–0,nlPSV Eindhoven,,Stade Abbé,Alfredo Trentalange,Match Report,,Auxerre,PSV Eindhoven,0,0,,
First group stage,1,Tue,17/09/2002,,Rosenborgno,2–2,itInter,,Lerkendal Stadion,Fernández Marín,Match Report,,Rosenborg,Inter,2,2,,
First group stage,1,Tue,17/09/2002,,Romait,0–3,esReal Madrid,,Stadio Olimpico,Markus Merk,Match Report,,Roma,Real Madrid,0,3,,
First group stage,1,Tue,17/09/2002,,Baselch,2–0,ruSpartak Moscow,,St. Jakob,Claus Bo Larsen,Match Report,,Basel,Spartak Moscow,2,0,,
First group stage,1,Tue,17/09/2002,,Genkbe,0–0,grAEK Athens,,KRC Genk Arena,Konrad Plautz,Match Report,,Genk,AEK Athens,0,0,,
First group stage,1,Tue,17/09/2002,,Arsenaleng,2–0,deDortmund,,Highbury,Anders Frisk,Match Report,,Arsenal,Dortmund,2,0,,
First group stage,1,Tue,17/09/2002,,Ajaxnl,2–1,frLyon,,Amsterdam ArenA,Mike Riley,Match Report,,Ajax,Lyon,2,1,,
First group stage,1,Tue,17/09/2002,,Valenciaes,2–0,engLiverpool,,Estadi de Mestalla,Herbert Fandel,Match Report,,Valencia,Liverpool,2,0,,
First group stage,1,Wed,18/09/2002,,Bayern Munichde,2–3,esLa Coruña,,Olympiastadion,Graham Poll,Match Report,,Bayern Munich,La Coruña,2,3,,
First group stage,1,Wed,18/09/2002,,Milanit,2–1,frLens,,Stadio Giuseppe Meazza,Kyros Vassaras,Match Report,,Milan,Lens,2,1,,
First group stage,1,Wed,18/09/2002,,Feyenoordnl,1–1,itJuventus,,Feijenoord Stadion,López Nieto,Match Report,,Feyenoord,Juventus,1,1,,
First group stage,1,Wed,18/09/2002,,Manchester Utdeng,5–2,ilMaccabi Haifa,,Old Trafford,Paul Allaerts,Match Report,,Manchester Utd,Maccabi Haifa,5,2,,
First group stage,1,Wed,18/09/2002,,Olympiacosgr,6–2,deLeverkusen,,Georgios Kamaras,Daudén Ibáñez,Match Report,,Olympiacos,Leverkusen,6,2,,
First group stage,1,Wed,18/09/2002,,Dynamo Kyivua,2–0,engNewcastle Utd,,NSK Olimpiyskyi,Iturralde González,Match Report,,Dynamo Kyiv,Newcastle Utd,2,0,,
First group stage,1,Wed,18/09/2002,,Barcelonaes,3–2,beClub Brugge,,Camp Nou,Helmut Fleischer,Match Report,,Barcelona,Club Brugge,3,2,,
First group stage,1,Wed,18/09/2002,,Loko Moscowru,0–2,trGalatasaray,,Stadion Lokomotiv,Massimo Busacca,Match Report,,Loko Moscow,Galatasaray,0,2,,
,,,,,,,,,,,,,,,,,,
First group stage,2,Tue,24/09/2002,,Galatasaraytr,0–2,esBarcelona,,Ali Sami Yen Stadyumu,Domenico Messina,Match Report,,Galatasaray,Barcelona,0,2,,
First group stage,2,Tue,24/09/2002,,Lensfr,1–1,deBayern Munich,,Stade Félix,Lucílio Batista,Match Report,,Lens,Bayern Munich,1,1,,
First group stage,2,Tue,24/09/2002,,Maccabi Haifail,3–0,grOlympiacos,,GSP Stadium,Massimo De Santis,Match Report,,Maccabi Haifa,Olympiacos,3,0,,
First group stage,2,Tue,24/09/2002,,Newcastle Utdeng,0–1,nlFeyenoord,,St James' Park,Claude Colombo,Match Report,,Newcastle Utd,Feyenoord,0,1,,
First group stage,2,Tue,24/09/2002,,Leverkusende,1–2,engManchester Utd,,BayArena,Jan Wegereef,Match Report,,Leverkusen,Manchester Utd,1,2,,
First group stage,2,Tue,24/09/2002,,Juventusit,5–0,uaDynamo Kyiv,,Delle Alpi,Wolfgang Stark,Match Report,,Juventus,Dynamo Kyiv,5,0,,
First group stage,2,Tue,24/09/2002,,La Coruñaes,0–4,itMilan,,Estadio Municipal de Riazor,Kim Milton Nielsen,Match Report,,La Coruña,Milan,0,4,,
First group stage,2,Tue,24/09/2002,,Club Bruggebe,0–0,ruLoko Moscow,,Jan Breydelstadion,Paulo Costa,Match Report,,Club Brugge,Loko Moscow,0,0,,
First group stage,2,Wed,25/09/2002,,Liverpooleng,1–1,chBasel,,Anfield,Dick van Egmond,Match Report,,Liverpool,Basel,1,1,,
First group stage,2,Wed,25/09/2002,,Dortmundde,2–1,frAuxerre,,BVB Stadion Dortmund,Terje Hauge,Match Report,,Dortmund,Auxerre,2,1,,
First group stage,2,Wed,25/09/2002,,Real Madrides,6–0,beGenk,,Estadio Santiago Bernabéu,Knud Erik Fisker,Match Report,,Real Madrid,Genk,6,0,,
First group stage,2,Wed,25/09/2002,,Lyonfr,5–0,noRosenborg,,Stade de Gerland,Franz-Xaver Wack,Match Report,,Lyon,Rosenborg,5,0,,
First group stage,2,Wed,25/09/2002,,AEK Athensgr,0–0,itRoma,,Nikos Goumas,Graham Barber,Match Report,,AEK Athens,Roma,0,0,,
First group stage,2,Wed,25/09/2002,,Interit,1–0,nlAjax,,Stadio Giuseppe Meazza,Stuart Dougal,Match Report,,Inter,Ajax,1,0,,
First group stage,2,Wed,25/09/2002,,Spartak Moscowru,0–3,esValencia,,Dinamo,Stéphane Bré,Match Report,,Spartak Moscow,Valencia,0,3,,
First group stage,2,Wed,25/09/2002,,PSV Eindhovennl,0–4,engArsenal,,PSV Stadion,Ľuboš Michel,Match Report,,PSV Eindhoven,Arsenal,0,4,,
,,,,,,,,,,,,,,,,,,
First group stage,3,Tue,01/10/2002,,Manchester Utdeng,4–0,grOlympiacos,,Old Trafford,Gilles Veissière,Match Report,,Manchester Utd,Olympiacos,4,0,,
First group stage,3,Tue,01/10/2002,,Galatasaraytr,0–0,beClub Brugge,,Ali Sami Yen Stadyumu,Éric Poulat,Match Report,,Galatasaray,Club Brugge,0,0,,
First group stage,3,Tue,01/10/2002,,Juventusit,2–0,engNewcastle Utd,,Delle Alpi,René Temmink,Match Report,,Juventus,Newcastle Utd,2,0,,
First group stage,3,Tue,01/10/2002,,Feyenoordnl,0–0,uaDynamo Kyiv,,Feijenoord Stadion,Tom Henning Øvrebø,Match Report,,Feyenoord,Dynamo Kyiv,0,0,,
First group stage,3,Tue,01/10/2002,,Bayern Munichde,1–2,itMilan,,Olympiastadion,Hugh Dallas,Match Report,,Bayern Munich,Milan,1,2,,
First group stage,3,Tue,01/10/2002,,La Coruñaes,3–1,frLens,,Estadio Municipal de Riazor,Rune Pedersen,Match Report,,La Coruña,Lens,3,1,,
First group stage,3,Tue,01/10/2002,,Loko Moscowru,1–3,esBarcelona,,Stadion Lokomotiv,Thomas Michael Mccurry,Match Report,,Loko Moscow,Barcelona,1,3,,
First group stage,3,Tue,01/10/2002,,Maccabi Haifail,0–2,deLeverkusen,,GSP Stadium,Jacek Granat,Match Report,,Maccabi Haifa,Leverkusen,0,2,,
First group stage,3,Wed,02/10/2002,,Auxerrefr,0–1,engArsenal,,Stade Abbé,Frank de Bleeckere,Match Report,,Auxerre,Arsenal,0,1,,
First group stage,3,Wed,02/10/2002,,Interit,1–2,frLyon,,Stadio Giuseppe Meazza,Mejuto González,Match Report,,Inter,Lyon,1,2,,
First group stage,3,Wed,02/10/2002,,Valenciaes,6–2,chBasel,,Estadi de Mestalla,Cosimo Bolognino,Match Report,,Valencia,Basel,6,2,,
First group stage,3,Wed,02/10/2002,,AEK Athensgr,3–3,esReal Madrid,,Nikos Goumas,Valentin Ivanov,Match Report,,AEK Athens,Real Madrid,3,3,,
First group stage,3,Wed,02/10/2002,,Liverpooleng,5–0,ruSpartak Moscow,,Anfield,Alain Hamer,Match Report,,Liverpool,Spartak Moscow,5,0,,
First group stage,3,Wed,02/10/2002,,Genkbe,0–1,itRoma,,KRC Genk Arena,Alain Sars,Match Report,,Genk,Roma,0,1,,
First group stage,3,Wed,02/10/2002,,Rosenborgno,0–0,nlAjax,,Lerkendal Stadion,Michal Benes,Match Report,,Rosenborg,Ajax,0,0,,
First group stage,3,Wed,02/10/2002,,PSV Eindhovennl,1–3,deDortmund,,PSV Stadion,Pierluigi Collina,Match Report,,PSV Eindhoven,Dortmund,1,3,,
,,,,,,,,,,,,,,,,,,
First group stage,4,Tue,22/10/2002,,Lyonfr,3–3,itInter,,Stade de Gerland,Kim Milton Nielsen,Match Report,,Lyon,Inter,3,3,,
First group stage,4,Tue,22/10/2002,,Romait,0–0,beGenk,,Stadio Olimpico,Zeljko Siric,Match Report,,Roma,Genk,0,0,,
First group stage,4,Tue,22/10/2002,,Real Madrides,2–2,grAEK Athens,,Estadio Santiago Bernabéu,Herbert Fandel,Match Report,,Real Madrid,AEK Athens,2,2,,
First group stage,4,Tue,22/10/2002,,Ajaxnl,1–1,noRosenborg,,Amsterdam ArenA,Daudén Ibáñez,Match Report,,Ajax,Rosenborg,1,1,,
First group stage,4,Tue,22/10/2002,,Dortmundde,1–1,nlPSV Eindhoven,,BVB Stadion Dortmund,Lucílio Batista,Match Report,,Dortmund,PSV Eindhoven,1,1,,
First group stage,4,Tue,22/10/2002,,Arsenaleng,1–2,frAuxerre,,Highbury,Domenico Messina,Match Report,,Arsenal,Auxerre,1,2,,
First group stage,4,Tue,22/10/2002,,Spartak Moscowru,1–3,engLiverpool,,Dinamo,Konrad Plautz,Match Report,,Spartak Moscow,Liverpool,1,3,,
First group stage,4,Tue,22/10/2002,,Baselch,2–2,esValencia,,St. Jakob,Helmut Fleischer,Match Report,,Basel,Valencia,2,2,,
First group stage,4,Wed,23/10/2002,,Barcelonaes,1–0,ruLoko Moscow,,Camp Nou,Alain Hamer,Match Report,,Barcelona,Loko Moscow,1,0,,
First group stage,4,Wed,23/10/2002,,Milanit,2–1,deBayern Munich,,Stadio Giuseppe Meazza,Ľuboš Michel,Match Report,,Milan,Bayern Munich,2,1,,
First group stage,4,Wed,23/10/2002,,Olympiacosgr,2–3,engManchester Utd,,Georgios Kamaras,Pierluigi Collina,Match Report,,Olympiacos,Manchester Utd,2,3,,
First group stage,4,Wed,23/10/2002,,Club Bruggebe,3–1,trGalatasaray,,Jan Breydelstadion,Massimo De Santis,Match Report,,Club Brugge,Galatasaray,3,1,,
First group stage,4,Wed,23/10/2002,,Leverkusende,2–1,ilMaccabi Haifa,,BayArena,Éric Poulat,Match Report,,Leverkusen,Maccabi Haifa,2,1,,
First group stage,4,Wed,23/10/2002,,Dynamo Kyivua,2–0,nlFeyenoord,,NSK Olimpiyskyi,Markus Merk,Match Report,,Dynamo Kyiv,Feyenoord,2,0,,
First group stage,4,Wed,23/10/2002,,Lensfr,3–1,esLa Coruña,,Stade Félix,Valentin Ivanov,Match Report,,Lens,La Coruña,3,1,,
First group stage,4,Wed,23/10/2002,,Newcastle Utdeng,1–0,itJuventus,,St James' Park,Rune Pedersen,Match Report,,Newcastle Utd,Juventus,1,0,,
,,,,,,,,,,,,,,,,,,
First group stage,5,Tue,29/10/2002,,Club Bruggebe,0–1,esBarcelona,,Jan Breydelstadion,Graham Poll,Match Report,,Club Brugge,Barcelona,0,1,,
First group stage,5,Tue,29/10/2002,,Newcastle Utdeng,2–1,uaDynamo Kyiv,,St James' Park,Fernández Marín,Match Report,,Newcastle Utd,Dynamo Kyiv,2,1,,
First group stage,5,Tue,29/10/2002,,Leverkusende,2–0,grOlympiacos,,BayArena,Alfredo Trentalange,Match Report,,Leverkusen,Olympiacos,2,0,,
First group stage,5,Tue,29/10/2002,,Maccabi Haifail,3–0,engManchester Utd,,GSP Stadium,López Nieto,Match Report,,Maccabi Haifa,Manchester Utd,3,0,,
First group stage,5,Tue,29/10/2002,,Juventusit,2–0,nlFeyenoord,,Delle Alpi,Gilles Veissière,Match Report,,Juventus,Feyenoord,2,0,,
First group stage,5,Tue,29/10/2002,,Galatasaraytr,1–2,ruLoko Moscow,,Ali Sami Yen Stadyumu,Wolfgang Stark,Match Report,,Galatasaray,Loko Moscow,1,2,,
First group stage,5,Tue,29/10/2002,,La Coruñaes,2–1,deBayern Munich,,Estadio Municipal de Riazor,Anders Frisk,Match Report,,La Coruña,Bayern Munich,2,1,,
First group stage,5,Tue,29/10/2002,,Lensfr,2–1,itMilan,,Stade Bollaert,Graham Barber,Match Report,,Lens,Milan,2,1,,
First group stage,5,Wed,30/10/2002,,PSV Eindhovennl,3–0,frAuxerre,,PSV Stadion,Knud Erik Fisker,Match Report,,PSV Eindhoven,Auxerre,3,0,,
First group stage,5,Wed,30/10/2002,,Dortmundde,2–1,engArsenal,,BVB Stadion Dortmund,Mejuto González,Match Report,,Dortmund,Arsenal,2,1,,
First group stage,5,Wed,30/10/2002,,Real Madrides,0–1,itRoma,,Estadio Santiago Bernabéu,Hugh Dallas,Match Report,,Real Madrid,Roma,0,1,,
First group stage,5,Wed,30/10/2002,,Interit,3–0,noRosenborg,,Stadio Giuseppe Meazza,Frank de Bleeckere,Match Report,,Inter,Rosenborg,3,0,,
First group stage,5,Wed,30/10/2002,,Liverpooleng,0–1,esValencia,,Anfield,Terje Hauge,Match Report,,Liverpool,Valencia,0,1,,
First group stage,5,Wed,30/10/2002,,Lyonfr,0–2,nlAjax,,Stade de Gerland,Kyros Vassaras,Match Report,,Lyon,Ajax,0,2,,
First group stage,5,Wed,30/10/2002,,AEK Athensgr,1–1,beGenk,,Nikos Goumas,Massimo Busacca,Match Report,,AEK Athens,Genk,1,1,,
First group stage,5,Tue,05/11/2002,,Spartak Moscowru,0–2,chBasel,,Dinamo,Stuart Dougal,Match Report,,Spartak Moscow,Basel,0,2,,
,,,,,,,,,,,,,,,,,,
First group stage,6,Tue,12/11/2002,,Ajaxnl,1–2,itInter,,Amsterdam ArenA,Urs Meier,Match Report,,Ajax,Inter,1,2,,
First group stage,6,Tue,12/11/2002,,Romait,1–1,grAEK Athens,,Stadio Olimpico,Stéphane Bré,Match Report,,Roma,AEK Athens,1,1,,
First group stage,6,Tue,12/11/2002,,Rosenborgno,1–1,frLyon,,Lerkendal Stadion,Hugh Dallas,Match Report,,Rosenborg,Lyon,1,1,,
First group stage,6,Tue,12/11/2002,,Genkbe,1–1,esReal Madrid,,KRC Genk Arena,Jacek Granat,Match Report,,Genk,Real Madrid,1,1,,
First group stage,6,Tue,12/11/2002,,Valenciaes,3–0,ruSpartak Moscow,,Estadi de Mestalla,Georgios Kasnaferis,Match Report,,Valencia,Spartak Moscow,3,0,,
First group stage,6,Tue,12/11/2002,,Baselch,3–3,engLiverpool,,St. Jakob,Claude Colombo,Match Report,,Basel,Liverpool,3,3,,
First group stage,6,Tue,12/11/2002,,Auxerrefr,1–0,deDortmund,,Stade Abbé,Sorin Corpodean,Match Report,,Auxerre,Dortmund,1,0,,
First group stage,6,Tue,12/11/2002,,Arsenaleng,0–0,nlPSV Eindhoven,,Highbury,Tom Henning Øvrebø,Match Report,,Arsenal,PSV Eindhoven,0,0,,
First group stage,6,Wed,13/11/2002,,Dynamo Kyivua,1–2,itJuventus,,NSK Olimpiyskyi,Claus Bo Larsen,Match Report,,Dynamo Kyiv,Juventus,1,2,,
First group stage,6,Wed,13/11/2002,,Olympiacosgr,3–3,ilMaccabi Haifa,,Georgios Kamaras,René Temmink,Match Report,,Olympiacos,Maccabi Haifa,3,3,,
First group stage,6,Wed,13/11/2002,,Barcelonaes,3–1,trGalatasaray,,Camp Nou,Dick van Egmond,Match Report,,Barcelona,Galatasaray,3,1,,
First group stage,6,Wed,13/11/2002,,Bayern Munichde,3–3,frLens,,Olympiastadion,Paul Allaerts,Match Report,,Bayern Munich,Lens,3,3,,
First group stage,6,Wed,13/11/2002,,Manchester Utdeng,2–0,deLeverkusen,,Old Trafford,Vladimir Hrinak,Match Report,,Manchester Utd,Leverkusen,2,0,,
First group stage,6,Wed,13/11/2002,,Feyenoordnl,2–3,engNewcastle Utd,,Feijenoord Stadion,Franz-Xaver Wack,Match Report,,Feyenoord,Newcastle Utd,2,3,,
First group stage,6,Wed,13/11/2002,,Loko Moscowru,2–0,beClub Brugge,,Stadion Lokomotiv,Alain Sars,Match Report,,Loko Moscow,Club Brugge,2,0,,
First group stage,6,Wed,13/11/2002,,Milanit,1–2,esLa Coruña,,Stadio Giuseppe Meazza,Mike Riley,Match Report,,Milan,La Coruña,1,2,,
,,,,,,,,,,,,,,,,,,
Second group stage,7,Tue,26/11/2002,,Loko Moscowru,1–2,deDortmund,,Stadion Lokomotiv,René Temmink,Match Report,,Loko Moscow,Dortmund,1,2,,
Second group stage,7,Tue,26/11/2002,,Milanit,1–0,esReal Madrid,,Stadio Giuseppe Meazza,Urs Meier,Match Report,,Milan,Real Madrid,1,0,,
Second group stage,7,Tue,26/11/2002,,Baselch,1–3,engManchester Utd,,St. Jakob,Valentin Ivanov,Match Report,,Basel,Manchester Utd,1,3,,
Second group stage,7,Tue,26/11/2002,,La Coruñaes,2–2,itJuventus,,Estadio Municipal de Riazor,Herbert Fandel,Match Report,,La Coruña,Juventus,2,2,,
Second group stage,7,Wed,27/11/2002,,Valenciaes,1–1,nlAjax,,Estadi de Mestalla,Gilles Veissière,Match Report,,Valencia,Ajax,1,1,,
Second group stage,7,Wed,27/11/2002,,Romait,1–3,engArsenal,,Stadio Olimpico,Ľuboš Michel,Match Report,,Roma,Arsenal,1,3,,
Second group stage,7,Wed,27/11/2002,,Newcastle Utdeng,1–4,itInter,,St James' Park,Stéphane Bré,Match Report,,Newcastle Utd,Inter,1,4,,
Second group stage,7,Wed,27/11/2002,,Leverkusende,1–2,esBarcelona,,BayArena,Kyros Vassaras,Match Report,,Leverkusen,Barcelona,1,2,,
,,,,,,,,,,,,,,,,,,
Second group stage,8,Tue,10/12/2002,,Interit,3–2,deLeverkusen,,Stadio Giuseppe Meazza,Hugh Dallas,Match Report,,Inter,Leverkusen,3,2,,
Second group stage,8,Tue,10/12/2002,,Ajaxnl,2–1,itRoma,,Amsterdam ArenA,Markus Merk,Match Report,,Ajax,Roma,2,1,,
Second group stage,8,Tue,10/12/2002,,Arsenaleng,0–0,esValencia,,Highbury,Kim Milton Nielsen,Match Report,,Arsenal,Valencia,0,0,,
Second group stage,8,Wed,11/12/2002,,Barcelonaes,3–1,engNewcastle Utd,,Camp Nou,Frank de Bleeckere,Match Report,,Barcelona,Newcastle Utd,3,1,,
Second group stage,8,Wed,11/12/2002,,Real Madrides,2–2,ruLoko Moscow,,Estadio Santiago Bernabéu,Graham Barber,Match Report,,Real Madrid,Loko Moscow,2,2,,
Second group stage,8,Wed,11/12/2002,,Juventusit,4–0,chBasel,,Delle Alpi,Lucílio Batista,Match Report,,Juventus,Basel,4,0,,
Second group stage,8,Wed,11/12/2002,,Dortmundde,0–1,itMilan,,BVB Stadion Dortmund,Anders Frisk,Match Report,,Dortmund,Milan,0,1,,
Second group stage,8,Wed,11/12/2002,,Manchester Utdeng,2–0,esLa Coruña,,Old Trafford,Terje Hauge,Match Report,,Manchester Utd,La Coruña,2,0,,
,,,,,,,,,,,,,,,,,,
Second group stage,9,Tue,18/02/2003,,Romait,0–1,esValencia,,Stadio Olimpico,Wolfgang Stark,Match Report,,Roma,Valencia,0,1,,
Second group stage,9,Tue,18/02/2003,,Leverkusende,1–3,engNewcastle Utd,,BayArena,Terje Hauge,Match Report,,Leverkusen,Newcastle Utd,1,3,,
Second group stage,9,Tue,18/02/2003,,Barcelonaes,3–0,itInter,,Camp Nou,Anders Frisk,Match Report,,Barcelona,Inter,3,0,,
Second group stage,9,Tue,18/02/2003,,Arsenaleng,1–1,nlAjax,,Highbury,Lucílio Batista,Match Report,,Arsenal,Ajax,1,1,,
Second group stage,9,Wed,19/02/2003,,Baselch,1–0,esLa Coruña,,St. Jakob,René Temmink,Match Report,,Basel,La Coruña,1,0,,
Second group stage,9,Wed,19/02/2003,,Manchester Utdeng,2–1,itJuventus,,Old Trafford,Kim Milton Nielsen,Match Report,,Manchester Utd,Juventus,2,1,,
Second group stage,9,Wed,19/02/2003,,Real Madrides,2–1,deDortmund,,Estadio Santiago Bernabéu,Ľuboš Michel,Match Report,,Real Madrid,Dortmund,2,1,,
Second group stage,9,Wed,19/02/2003,,Milanit,1–0,ruLoko Moscow,,Stadio Giuseppe Meazza,Gilles Veissière,Match Report,,Milan,Loko Moscow,1,0,,
,,,,,,,,,,,,,,,,,,
Second group stage,10,Tue,25/02/2003,,Juventusit,0–3,engManchester Utd,,Delle Alpi,Markus Merk,Match Report,,Juventus,Manchester Utd,0,3,,
Second group stage,10,Tue,25/02/2003,,La Coruñaes,1–0,chBasel,,Estadio Municipal de Riazor,Stéphane Bré,Match Report,,La Coruña,Basel,1,0,,
Second group stage,10,Tue,25/02/2003,,Dortmundde,1–1,esReal Madrid,,BVB Stadion Dortmund,Graham Poll,Match Report,,Dortmund,Real Madrid,1,1,,
Second group stage,10,Tue,25/02/2003,,Loko Moscowru,0–1,itMilan,,Stadion Lokomotiv,Kyros Vassaras,Match Report,,Loko Moscow,Milan,0,1,,
Second group stage,10,Wed,26/02/2003,,Ajaxnl,0–0,engArsenal,,Amsterdam ArenA,Valentin Ivanov,Match Report,,Ajax,Arsenal,0,0,,
Second group stage,10,Wed,26/02/2003,,Interit,0–0,esBarcelona,,Stadio Giuseppe Meazza,Urs Meier,Match Report,,Inter,Barcelona,0,0,,
Second group stage,10,Wed,26/02/2003,,Valenciaes,0–3,itRoma,,Estadi de Mestalla,Frank de Bleeckere,Match Report,,Valencia,Roma,0,3,,
Second group stage,10,Wed,26/02/2003,,Newcastle Utdeng,3–1,deLeverkusen,,St James' Park,Claus Bo Larsen,Match Report,,Newcastle Utd,Leverkusen,3,1,,
,,,,,,,,,,,,,,,,,,
Second group stage,11,Tue,11/03/2003,,Ajaxnl,1–1,esValencia,,Amsterdam ArenA,Ľuboš Michel,Match Report,,Ajax,Valencia,1,1,,
Second group stage,11,Tue,11/03/2003,,Arsenaleng,1–1,itRoma,,Highbury,Urs Meier,Match Report,,Arsenal,Roma,1,1,,
Second group stage,11,Tue,11/03/2003,,Interit,2–2,engNewcastle Utd,,Stadio Giuseppe Meazza,Lucílio Batista,Match Report,,Inter,Newcastle Utd,2,2,,
Second group stage,11,Tue,11/03/2003,,Barcelonaes,2–0,deLeverkusen,,Camp Nou,Stéphane Bré,Match Report,,Barcelona,Leverkusen,2,0,,
Second group stage,11,Wed,12/03/2003,,Juventusit,3–2,esLa Coruña,,Delle Alpi,Anders Frisk,Match Report,,Juventus,La Coruña,3,2,,
Second group stage,11,Wed,12/03/2003,,Dortmundde,3–0,ruLoko Moscow,,BVB Stadion Dortmund,Frank de Bleeckere,Match Report,,Dortmund,Loko Moscow,3,0,,
Second group stage,11,Wed,12/03/2003,,Real Madrides,3–1,itMilan,,Estadio Santiago Bernabéu,Kim Milton Nielsen,Match Report,,Real Madrid,Milan,3,1,,
Second group stage,11,Wed,12/03/2003,,Manchester Utdeng,1–1,chBasel,,Old Trafford,Claus Bo Larsen,Match Report,,Manchester Utd,Basel,1,1,,
,,,,,,,,,,,,,,,,,,
Second group stage,12,Tue,18/03/2003,,Milanit,0–1,deDortmund,,Stadio Giuseppe Meazza,Graham Barber,Match Report,,Milan,Dortmund,0,1,,
Second group stage,12,Tue,18/03/2003,,La Coruñaes,2–0,engManchester Utd,,Estadio Municipal de Riazor,Vladimir Hrinak,Match Report,,La Coruña,Manchester Utd,2,0,,
Second group stage,12,Tue,18/03/2003,,Loko Moscowru,0–1,esReal Madrid,,Stadion Lokomotiv,Claude Colombo,Match Report,,Loko Moscow,Real Madrid,0,1,,
Second group stage,12,Tue,18/03/2003,,Baselch,2–1,itJuventus,,St. Jakob,Wolfgang Stark,Match Report,,Basel,Juventus,2,1,,
Second group stage,12,Wed,19/03/2003,,Newcastle Utdeng,0–2,esBarcelona,,St James' Park,Jan Wegereef,Match Report,,Newcastle Utd,Barcelona,0,2,,
Second group stage,12,Wed,19/03/2003,,Romait,1–1,nlAjax,,Stadio Olimpico,Herbert Fandel,Match Report,,Roma,Ajax,1,1,,
Second group stage,12,Wed,19/03/2003,,Valenciaes,2–1,engArsenal,,Estadi de Mestalla,Kyros Vassaras,Match Report,,Valencia,Arsenal,2,1,,
Second group stage,12,Wed,19/03/2003,,Leverkusende,0–2,itInter,,BayArena,Valentin Ivanov,Match Report,,Leverkusen,Inter,0,2,,
,,,,,,,,,,,,,,,,,,
Quarter-finals,,Tue,08/04/2003,,Ajaxnl,0–0,itMilan,,Amsterdam ArenA,Terje Hauge,Match Report,Leg 1 of 2,Ajax,Milan,0,0,,
Quarter-finals,,Tue,08/04/2003,,Real Madrides,3–1,engManchester Utd,,Estadio Santiago Bernabéu,Anders Frisk,Match Report,Leg 1 of 2,Real Madrid,Manchester Utd,3,1,,
Quarter-finals,,Wed,09/04/2003,,Interit,1–0,esValencia,,Stadio Giuseppe Meazza,Markus Merk,Match Report,Leg 1 of 2,Inter,Valencia,1,0,,
Quarter-finals,,Wed,09/04/2003,,Juventusit,1–1,esBarcelona,,Delle Alpi,Ľuboš Michel,Match Report,Leg 1 of 2,Juventus,Barcelona,1,1,,
Quarter-finals,,Tue,22/04/2003,,Barcelonaes,1–2,itJuventus,,Camp Nou,Graham Poll,Match Report,Leg 2 of 2; Juventus won; Required Extra Time,Barcelona,Juventus,1,2,,
Quarter-finals,,Tue,22/04/2003,,Valenciaes,2–1,itInter,,Estadi de Mestalla,Kim Milton Nielsen,Match Report,Leg 2 of 2; Inter won,Valencia,Inter,2,1,,
Quarter-finals,,Wed,23/04/2003,,Manchester Utdeng,4–3,esReal Madrid,,Old Trafford,Pierluigi Collina,Match Report,Leg 2 of 2; Real Madrid won,Manchester Utd,Real Madrid,4,3,,
Quarter-finals,,Wed,23/04/2003,,Milanit,3–2,nlAjax,,Stadio Giuseppe Meazza,Mejuto González,Match Report,Leg 2 of 2; Milan won,Milan,Ajax,3,2,,
Semi-finals,,Tue,06/05/2003,,Real Madrides,2–1,itJuventus,,Estadio Santiago Bernabéu,Terje Hauge,Match Report,Leg 1 of 2,Real Madrid,Juventus,2,1,,
Semi-finals,,Wed,07/05/2003,,Milanit,0–0,itInter,,Stadio Giuseppe Meazza,Valentin Ivanov,Match Report,Leg 1 of 2,Milan,Inter,0,0,,
Semi-finals,,Tue,13/05/2003,,Interit,1–1,itMilan,,Stadio Giuseppe Meazza,Gilles Veissière,Match Report,Leg 2 of 2; Milan won,Inter,Milan,1,1,,
Semi-finals,,Wed,14/05/2003,,Juventusit,3–1,esReal Madrid,,Delle Alpi,Urs Meier,Match Report,Leg 2 of 2; Juventus won,Juventus,Real Madrid,3,1,,
Final,,Wed,28/05/2003,,Juventusit,(2)0–0(3),itMilan,,Old Trafford (Neutral Site),Markus Merk,Match Report,Milan won on penalty kicks following extra time,Juventus,Milan,0,0,2,3