Round,Wk,Day,Date,Time,Home,Score,Away,Attendance,Venue,Referee,Match Report,Notes,Home_Clean,Away_Clean,Home_Score,Away_Score,Leg 1,Leg 2
Group stage,1,Tue,16-09-2003,,Club Bruggebe,1–1,esCelta Vigo,,Jan Breydelstadion,Giorgos Kasnaferis,Match Report,,Club Brugge,Celta Vigo,1,1,0,0
Group stage,1,Tue,16-09-2003,,Sparta Praguecz,0–1,engChelsea,,Stadion Letná,Helmut Fleischer,Match Report,,Sparta Prague,Chelsea,0,1,0,0
Group stage,1,Tue,16-09-2003,,Partizanrs,1–1,ptPorto,,Stadion FK Partizan,Michal Benes,Match Report,,Partizan,Porto,1,1,0,0
Group stage,1,Tue,16-09-2003,,Rangerssct,2–1,deStuttgart,,Ibrox Stadium,Gilles Veissière,Match Report,,Rangers,Stuttgart,2,1,0,0
Group stage,1,Tue,16-09-2003,,Beşiktaştr,0–2,itLazio,,BJK İnönü Stadyumu,Kim Milton Nielsen,Match Report,,Beşiktaş,Lazio,0,2,0,0
Group stage,1,Tue,16-09-2003,,Manchester Utdeng,5–0,grPanathinaikos,,Old Trafford,Alain Sars,Match Report,,Manchester Utd,Panathinaikos,5,0,0,0
Group stage,1,Tue,16-09-2003,,Real Madrides,4–2,frMarseille,,Estadio Santiago Bernabéu,Wolfgang Stark,Match Report,,Real Madrid,Marseille,4,2,0,0
Group stage,1,Tue,16-09-2003,,Milanit,1–0,nlAjax,,Stadio Giuseppe Meazza,Ľuboš Michel,Match Report,,Milan,Ajax,1,0,0,0
Group stage,1,Wed,17-09-2003,,Real Sociedades,1–0,grOlympiacos,,Anoeta,Knud Erik Fisker,Match Report,,Real Sociedad,Olympiacos,1,0,0,0
Group stage,1,Wed,17-09-2003,,Bayern Munichde,2–1,sctCeltic,,Olympiastadion,Massimo De Santis,Match Report,,Bayern Munich,Celtic,2,1,0,0
Group stage,1,Wed,17-09-2003,,Arsenaleng,0–3,itInter,,Highbury,Mejuto González,Match Report,,Arsenal,Inter,0,3,0,0
Group stage,1,Wed,17-09-2003,,PSV Eindhovennl,1–2,frMonaco,,PSV Stadion,Stephen Bennett,Match Report,,PSV Eindhoven,Monaco,1,2,0,0
Group stage,1,Wed,17-09-2003,,Lyonfr,1–0,beAnderlecht,,Stade de Gerland,Paulo Costa,Match Report,,Lyon,Anderlecht,1,0,0,0
Group stage,1,Wed,17-09-2003,,Dynamo Kyivua,2–0,ruLoko Moscow,,Stadion Dynamo im. Valeriy Lobanovskiy,Peter Fröjdfeldt,Match Report,,Dynamo Kyiv,Loko Moscow,2,0,0,0
Group stage,1,Wed,17-09-2003,,Juventusit,2–1,trGalatasaray,,Delle Alpi,Valentin Ivanov,Match Report,,Juventus,Galatasaray,2,1,0,0
Group stage,1,Wed,17-09-2003,,AEK Athensgr,1–1,esLa Coruña,,Apostolos Nikolaidis,Thomas Michael Mccurry,Match Report,,AEK Athens,La Coruña,1,1,0,0
,,,,,,,,,,,,,#VALUE!,,,,,
Group stage,2,Tue,30-09-2003,,La Coruñaes,2–0,nlPSV Eindhoven,,Estadio Municipal de Riazor,Claus Bo Larsen,Match Report,,La Coruña,PSV Eindhoven,2,0,0,0
Group stage,2,Tue,30-09-2003,,Anderlechtbe,1–1,deBayern Munich,,Constant Vanden Stock Stadium,Medina Cantalejo,Match Report,,Anderlecht,Bayern Munich,1,1,0,0
Group stage,2,Tue,30-09-2003,,Loko Moscowru,0–0,engArsenal,,Stadion Lokomotiv,Jan Wegereef,Match Report,,Loko Moscow,Arsenal,0,0,0,0
Group stage,2,Tue,30-09-2003,,Interit,2–1,uaDynamo Kyiv,,Stadio Giuseppe Meazza,Stéphane Bré,Match Report,,Inter,Dynamo Kyiv,2,1,0,0
Group stage,2,Tue,30-09-2003,,Olympiacosgr,1–2,itJuventus,,Georgios Kamaras,Éric Poulat,Match Report,,Olympiacos,Juventus,1,2,0,0
Group stage,2,Tue,30-09-2003,,Galatasaraytr,1–2,esReal Sociedad,,Atatürk Olimpiyat Stadium,Herbert Fandel,Match Report,,Galatasaray,Real Sociedad,1,2,0,0
Group stage,2,Tue,30-09-2003,,Monacofr,4–0,grAEK Athens,,Stade Louis II,Stefano Farina,Match Report,,Monaco,AEK Athens,4,0,0,0
Group stage,2,Tue,30-09-2003,,Celticsct,2–0,frLyon,,Celtic Park,Iturralde González,Match Report,,Celtic,Lyon,2,0,0,0
Group stage,2,Wed,01-10-2003,,Portopt,1–3,esReal Madrid,,Estádio das Antas,Pierluigi Collina,Match Report,,Porto,Real Madrid,1,3,0,0
Group stage,2,Wed,01-10-2003,,Ajaxnl,2–0,beClub Brugge,,Amsterdam ArenA,Graham Barber,Match Report,,Ajax,Club Brugge,2,0,0,0
Group stage,2,Wed,01-10-2003,,Lazioit,2–2,czSparta Prague,,Stadio Olimpico,Claude Colombo,Match Report,,Lazio,Sparta Prague,2,2,0,0
Group stage,2,Wed,01-10-2003,,Chelseaeng,0–2,trBeşiktaş,,Stamford Bridge,Lucílio Batista,Match Report,,Chelsea,Beşiktaş,0,2,0,0
Group stage,2,Wed,01-10-2003,,Marseillefr,3–0,rsPartizan,,Stade Vélodrome,Domenico Messina,Match Report,,Marseille,Partizan,3,0,0,0
Group stage,2,Wed,01-10-2003,,Celta Vigoes,0–0,itMilan,,Balaídos,Mike Riley,Match Report,,Celta Vigo,Milan,0,0,0,0
Group stage,2,Wed,01-10-2003,,Stuttgartde,2–1,engManchester Utd,,VfB Arena,Cosimo Bolognino,Match Report,,Stuttgart,Manchester Utd,2,1,0,0
Group stage,2,Wed,01-10-2003,,Panathinaikosgr,1–1,sctRangers,,Apostolos Nikolaidis,Daudén Ibáñez,Match Report,,Panathinaikos,Rangers,1,1,0,0
,,,,,,,,,,,,,#VALUE!,,,,,
Group stage,3,Tue,21-10-2003,,Dynamo Kyivua,2–1,engArsenal,,NSK Olimpiyskyi,Konrad Plautz,Match Report,,Dynamo Kyiv,Arsenal,2,1,0,0
Group stage,3,Tue,21-10-2003,,Loko Moscowru,3–0,itInter,,Stadion Lokomotiv,Franz-Xaver Wack,Match Report,,Loko Moscow,Inter,3,0,0,0
Group stage,3,Tue,21-10-2003,,La Coruñaes,1–0,frMonaco,,Estadio Municipal de Riazor,Frank de Bleeckere,Match Report,,La Coruña,Monaco,1,0,0,0
Group stage,3,Tue,21-10-2003,,AEK Athensgr,0–1,nlPSV Eindhoven,,Apostolos Nikolaidis,Leslie Irvine,Match Report,,AEK Athens,PSV Eindhoven,0,1,0,0
Group stage,3,Tue,21-10-2003,,Lyonfr,1–1,deBayern Munich,,Stade de Gerland,Ľuboš Michel,Match Report,,Lyon,Bayern Munich,1,1,0,0
Group stage,3,Tue,21-10-2003,,Juventusit,4–2,esReal Sociedad,,Delle Alpi,Graham Poll,Match Report,,Juventus,Real Sociedad,4,2,0,0
Group stage,3,Tue,21-10-2003,,Galatasaraytr,1–0,grOlympiacos,,Atatürk Olimpiyat Stadium,Urs Meier,Match Report,,Galatasaray,Olympiacos,1,0,0,0
Group stage,3,Tue,21-10-2003,,Anderlechtbe,1–0,sctCeltic,,Constant Vanden Stock Stadium,Fritz Stuchlik,Match Report,,Anderlecht,Celtic,1,0,0,0
Group stage,3,Wed,22-10-2003,,Rangerssct,0–1,engManchester Utd,,Ibrox Stadium,Anders Frisk,Match Report,,Rangers,Manchester Utd,0,1,0,0
Group stage,3,Wed,22-10-2003,,Real Madrides,1–0,rsPartizan,,Estadio Santiago Bernabéu,Massimo Busacca,Match Report,,Real Madrid,Partizan,1,0,0,0
Group stage,3,Wed,22-10-2003,,Milanit,0–1,beClub Brugge,,Stadio Giuseppe Meazza,Tom Henning Øvrebø,Match Report,,Milan,Club Brugge,0,1,0,0
Group stage,3,Wed,22-10-2003,,Ajaxnl,1–0,esCelta Vigo,,Amsterdam ArenA,Markus Merk,Match Report,,Ajax,Celta Vigo,1,0,0,0
Group stage,3,Wed,22-10-2003,,Stuttgartde,2–0,grPanathinaikos,,VfB Arena,Paul Allaerts,Match Report,,Stuttgart,Panathinaikos,2,0,0,0
Group stage,3,Wed,22-10-2003,,Chelseaeng,2–1,itLazio,,Stamford Bridge,Terje Hauge,Match Report,,Chelsea,Lazio,2,1,0,0
Group stage,3,Wed,22-10-2003,,Sparta Praguecz,2–1,trBeşiktaş,,Stadion Letná,Mejuto González,Match Report,,Sparta Prague,Beşiktaş,2,1,0,0
Group stage,3,Wed,22-10-2003,,Marseillefr,2–3,ptPorto,,Stade Vélodrome,Kyros Vassaras,Match Report,,Marseille,Porto,2,3,0,0
,,,,,,,,,,,,,#VALUE!,,,,,
Group stage,4,Tue,04-11-2003,,Panathinaikosgr,1–3,deStuttgart,,Apostolos Nikolaidis,Massimo De Santis,Match Report,,Panathinaikos,Stuttgart,1,3,0,0
Group stage,4,Tue,04-11-2003,,Portopt,1–0,frMarseille,,Estádio das Antas,Graham Poll,Match Report,,Porto,Marseille,1,0,0,0
Group stage,4,Tue,04-11-2003,,Manchester Utdeng,3–0,sctRangers,,Old Trafford,Pierluigi Collina,Match Report,,Manchester Utd,Rangers,3,0,0,0
Group stage,4,Tue,04-11-2003,,Beşiktaştr,1–0,czSparta Prague,,BJK İnönü Stadyumu,Massimo Busacca,Match Report,,Beşiktaş,Sparta Prague,1,0,0,0
Group stage,4,Tue,04-11-2003,,Lazioit,0–4,engChelsea,,Stadio Olimpico,Valentin Ivanov,Match Report,,Lazio,Chelsea,0,4,0,0
Group stage,4,Tue,04-11-2003,,Club Bruggebe,0–1,itMilan,,Jan Breydelstadion,Herbert Fandel,Match Report,,Club Brugge,Milan,0,1,0,0
Group stage,4,Tue,04-11-2003,,Celta Vigoes,3–2,nlAjax,,Balaídos,Gilles Veissière,Match Report,,Celta Vigo,Ajax,3,2,0,0
Group stage,4,Tue,04-11-2003,,Partizanrs,0–0,esReal Madrid,,Stadion FK Partizan,Cosimo Bolognino,Match Report,,Partizan,Real Madrid,0,0,0,0
Group stage,4,Wed,05-11-2003,,Bayern Munichde,1–2,frLyon,,Olympiastadion,Graham Barber,Match Report,,Bayern Munich,Lyon,1,2,0,0
Group stage,4,Wed,05-11-2003,,Arsenaleng,1–0,uaDynamo Kyiv,,Highbury,Lucílio Batista,Match Report,,Arsenal,Dynamo Kyiv,1,0,0,0
Group stage,4,Wed,05-11-2003,,Monacofr,8–3,esLa Coruña,,Stade Louis II,Terje Hauge,Match Report,,Monaco,La Coruña,8,3,0,0
Group stage,4,Wed,05-11-2003,,Real Sociedades,0–0,itJuventus,,Anoeta,Stéphane Bré,Match Report,,Real Sociedad,Juventus,0,0,0,0
Group stage,4,Wed,05-11-2003,,PSV Eindhovennl,2–0,grAEK Athens,,PSV Stadion,Konrad Plautz,Match Report,,PSV Eindhoven,AEK Athens,2,0,0,0
Group stage,4,Wed,05-11-2003,,Celticsct,3–1,beAnderlecht,,Celtic Park,Kyros Vassaras,Match Report,,Celtic,Anderlecht,3,1,0,0
Group stage,4,Wed,05-11-2003,,Olympiacosgr,3–0,trGalatasaray,,Georgios Kamaras,Lubos Michel,Match Report,,Olympiacos,Galatasaray,3,0,0,0
Group stage,4,Wed,05-11-2003,,Interit,1–1,ruLoko Moscow,,Stadio Giuseppe Meazza,Frank de Bleeckere,Match Report,,Inter,Loko Moscow,1,1,0,0
,,,,,,,,,,,,,#VALUE!,,,,,
Group stage,5,Tue,25-11-2003,,Celticsct,0–0,deBayern Munich,,Celtic Park,René Temmink,Match Report,,Celtic,Bayern Munich,0,0,0,0
Group stage,5,Tue,25-11-2003,,Monacofr,1–1,nlPSV Eindhoven,,Stade Louis II,Zeljko Siric,Match Report,,Monaco,PSV Eindhoven,1,1,0,0
Group stage,5,Tue,25-11-2003,,Anderlechtbe,1–0,frLyon,,Constant Vanden Stock Stadium,Domenico Messina,Match Report,,Anderlecht,Lyon,1,0,0,0
Group stage,5,Tue,25-11-2003,,Olympiacosgr,2–2,esReal Sociedad,,Georgios Kamaras,Alain Hamer,Match Report,,Olympiacos,Real Sociedad,2,2,0,0
Group stage,5,Tue,25-11-2003,,La Coruñaes,3–0,grAEK Athens,,Estadio Municipal de Riazor,Mike Riley,Match Report,,La Coruña,AEK Athens,3,0,0,0
Group stage,5,Tue,25-11-2003,,Interit,1–5,engArsenal,,Stadio Giuseppe Meazza,Wolfgang Stark,Match Report,,Inter,Arsenal,1,5,0,0
Group stage,5,Tue,25-11-2003,,Loko Moscowru,3–2,uaDynamo Kyiv,,Stadion Lokomotiv,Daudén Ibáñez,Match Report,,Loko Moscow,Dynamo Kyiv,3,2,0,0
Group stage,5,Wed,26-11-2003,,Stuttgartde,1–0,sctRangers,,VfB Arena,Mejuto González,Match Report,,Stuttgart,Rangers,1,0,0,0
Group stage,5,Wed,26-11-2003,,Portopt,2–1,rsPartizan,,Estádio das Antas,Paul Allaerts,Match Report,,Porto,Partizan,2,1,0,0
Group stage,5,Wed,26-11-2003,,Chelseaeng,0–0,czSparta Prague,,Stamford Bridge,Claus Bo Larsen,Match Report,,Chelsea,Sparta Prague,0,0,0,0
Group stage,5,Wed,26-11-2003,,Lazioit,1–1,trBeşiktaş,,Stadio Olimpico,Markus Merk,Match Report,,Lazio,Beşiktaş,1,1,0,0
Group stage,5,Wed,26-11-2003,,Ajaxnl,0–1,itMilan,,Amsterdam ArenA,Urs Meier,Match Report,,Ajax,Milan,0,1,0,0
Group stage,5,Wed,26-11-2003,,Celta Vigoes,1–1,beClub Brugge,,Balaídos,Éric Poulat,Match Report,,Celta Vigo,Club Brugge,1,1,0,0
Group stage,5,Wed,26-11-2003,,Marseillefr,1–2,esReal Madrid,,Stade Vélodrome,Anders Frisk,Match Report,,Marseille,Real Madrid,1,2,0,0
Group stage,5,Wed,26-11-2003,,Panathinaikosgr,0–1,engManchester Utd,,Apostolos Nikolaidis,Jan Wegereef,Match Report,,Panathinaikos,Manchester Utd,0,1,0,0
Group stage,5,Tue,02-12-2003,,Galatasaraytr,2–0,itJuventus,,BVB Stadion Dortmund,Kim Milton Nielsen,Match Report,,Galatasaray,Juventus,2,0,0,0
,,,,,,,,,,,,,#VALUE!,,,,,
Group stage,6,Tue,09-12-2003,,Rangerssct,1–3,grPanathinaikos,,Ibrox Stadium,Herbert Fandel,Match Report,,Rangers,Panathinaikos,1,3,0,0
Group stage,6,Tue,09-12-2003,,Partizanrs,1–1,frMarseille,,Stadion FK Partizan,Mejuto González,Match Report,,Partizan,Marseille,1,1,0,0
Group stage,6,Tue,09-12-2003,,Milanit,1–2,esCelta Vigo,,Stadio Giuseppe Meazza,Kyros Vassaras,Match Report,,Milan,Celta Vigo,1,2,0,0
Group stage,6,Tue,09-12-2003,,Sparta Praguecz,1–0,itLazio,,Stadion Letná,Lucílio Batista,Match Report,,Sparta Prague,Lazio,1,0,0,0
Group stage,6,Tue,09-12-2003,,Manchester Utdeng,2–0,deStuttgart,,Old Trafford,Éric Poulat,Match Report,,Manchester Utd,Stuttgart,2,0,0,0
Group stage,6,Tue,09-12-2003,,Club Bruggebe,2–1,nlAjax,,Jan Breydelstadion,Domenico Messina,Match Report,,Club Brugge,Ajax,2,1,0,0
Group stage,6,Tue,09-12-2003,,Beşiktaştr,0–2,engChelsea,,Arena AufSchalke,Anders Frisk,Match Report,,Beşiktaş,Chelsea,0,2,0,0
Group stage,6,Tue,09-12-2003,,Real Madrides,1–1,ptPorto,,Estadio Santiago Bernabéu,Stephen Bennett,Match Report,,Real Madrid,Porto,1,1,0,0
Group stage,6,Wed,10-12-2003,,Juventusit,7–0,grOlympiacos,,Delle Alpi,Konrad Plautz,Match Report,,Juventus,Olympiacos,7,0,0,0
Group stage,6,Wed,10-12-2003,,PSV Eindhovennl,3–2,esLa Coruña,,PSV Stadion,Pierluigi Collina,Match Report,,PSV Eindhoven,La Coruña,3,2,0,0
Group stage,6,Wed,10-12-2003,,Dynamo Kyivua,1–1,itInter,,Stadion Dynamo im. Valeriy Lobanovskiy,Gilles Veissière,Match Report,,Dynamo Kyiv,Inter,1,1,0,0
Group stage,6,Wed,10-12-2003,,Arsenaleng,2–0,ruLoko Moscow,,Highbury,Ľuboš Michel,Match Report,,Arsenal,Loko Moscow,2,0,0,0
Group stage,6,Wed,10-12-2003,,Lyonfr,3–2,sctCeltic,,Stade de Gerland,Urs Meier,Match Report,,Lyon,Celtic,3,2,0,0
Group stage,6,Wed,10-12-2003,,Real Sociedades,1–1,trGalatasaray,,Anoeta,Terje Hauge,Match Report,,Real Sociedad,Galatasaray,1,1,0,0
Group stage,6,Wed,10-12-2003,,AEK Athensgr,0–0,frMonaco,,Apostolos Nikolaidis,Wolfgang Stark,Match Report,,AEK Athens,Monaco,0,0,0,0
Group stage,6,Wed,10-12-2003,,Bayern Munichde,1–0,beAnderlecht,,Olympiastadion,Kim Milton Nielsen,Match Report,,Bayern Munich,Anderlecht,1,0,0,0
,,,,,,,,,,,,,#VALUE!,,,,,
Round of 16,,Tue,24-02-2004,,Bayern Munichde,1–1,esReal Madrid,,Olympiastadion,Terje Hauge,Match Report,Leg 1 of 2,Bayern Munich,Real Madrid,1,1,1,0
Round of 16,,Tue,24-02-2004,,Celta Vigoes,2–3,engArsenal,,Balaídos,Anders Frisk,Match Report,Leg 1 of 2,Celta Vigo,Arsenal,2,3,1,0
Round of 16,,Tue,24-02-2004,,Sparta Praguecz,0–0,itMilan,,Stadion Letná,Graham Poll,Match Report,Leg 1 of 2,Sparta Prague,Milan,0,0,1,0
Round of 16,,Tue,24-02-2004,,Loko Moscowru,2–1,frMonaco,,Stadion Lokomotiv,Mejuto González,Match Report,Leg 1 of 2,Loko Moscow,Monaco,2,1,1,0
Round of 16,,Wed,25-02-2004,,La Coruñaes,1–0,itJuventus,,Estadio Municipal de Riazor,Gilles Veissière,Match Report,Leg 1 of 2,La Coruña,Juventus,1,0,1,0
Round of 16,,Wed,25-02-2004,,Stuttgartde,0–1,engChelsea,,VfB Arena,Kyros Vassaras,Match Report,Leg 1 of 2,Stuttgart,Chelsea,0,1,1,0
Round of 16,,Wed,25-02-2004,,Real Sociedades,0–1,frLyon,,Anoeta,Massimo De Santis,Match Report,Leg 1 of 2,Real Sociedad,Lyon,0,1,1,0
Round of 16,,Wed,25-02-2004,,Portopt,2–1,engManchester Utd,,Estádio do Dragão,Herbert Fandel,Match Report,Leg 1 of 2,Porto,Manchester Utd,2,1,1,0
Round of 16,,Tue,09-03-2004,,Juventusit,0–1,esLa Coruña,,Delle Alpi,Ľuboš Michel,Match Report,Leg 2 of 2; La Coruña won,Juventus,La Coruña,0,1,0,1
Round of 16,,Tue,09-03-2004,,Chelseaeng,0–0,deStuttgart,,Stamford Bridge,Kim Milton Nielsen,Match Report,Leg 2 of 2; Chelsea won,Chelsea,Stuttgart,0,0,0,1
Round of 16,,Tue,09-03-2004,,Lyonfr,1–0,esReal Sociedad,,Stade de Gerland,Mike Riley,Match Report,Leg 2 of 2; Lyon won,Lyon,Real Sociedad,1,0,0,1
Round of 16,,Tue,09-03-2004,,Manchester Utdeng,1–1,ptPorto,,Old Trafford,Valentin Ivanov,Match Report,Leg 2 of 2; Porto won,Manchester Utd,Porto,1,1,0,1
Round of 16,,Wed,10-03-2004,,Milanit,4–1,czSparta Prague,,Stadio Giuseppe Meazza,Markus Merk,Match Report,Leg 2 of 2; Milan won,Milan,Sparta Prague,4,1,0,1
Round of 16,,Wed,10-03-2004,,Arsenaleng,2–0,esCelta Vigo,,Highbury,Pierluigi Collina,Match Report,Leg 2 of 2; Arsenal won,Arsenal,Celta Vigo,2,0,0,1
Round of 16,,Wed,10-03-2004,,Monacofr,1–0,ruLoko Moscow,,Stade Louis II,Lucílio Batista,Match Report,Leg 2 of 2; Monaco won,Monaco,Loko Moscow,1,0,0,1
Round of 16,,Wed,10-03-2004,,Real Madrides,1–0,deBayern Munich,,Estadio Santiago Bernabéu,Urs Meier,Match Report,Leg 2 of 2; Real Madrid won,Real Madrid,Bayern Munich,1,0,0,1
Quarter-finals,,Tue,23-03-2004,,Portopt,2–0,frLyon,,Estádio do Dragão,Terje Hauge,Match Report,Leg 1 of 2,Porto,Lyon,2,0,1,0
Quarter-finals,,Tue,23-03-2004,,Milanit,4–1,esLa Coruña,,Stadio Giuseppe Meazza,Valentin Ivanov,Match Report,Leg 1 of 2,Milan,La Coruña,4,1,1,0
Quarter-finals,,Wed,24-03-2004,,Chelseaeng,1–1,engArsenal,,Stamford Bridge,Mejuto González,Match Report,Leg 1 of 2,Chelsea,Arsenal,1,1,1,0
Quarter-finals,,Wed,24-03-2004,,Real Madrides,4–2,frMonaco,,Estadio Santiago Bernabéu,Ľuboš Michel,Match Report,Leg 1 of 2,Real Madrid,Monaco,4,2,1,0
Quarter-finals,,Tue,06-04-2004,,Arsenaleng,1–2,engChelsea,,Highbury,Markus Merk,Match Report,Leg 2 of 2; Chelsea won,Arsenal,Chelsea,1,2,0,1
Quarter-finals,,Tue,06-04-2004,,Monacofr,3–1,esReal Madrid,,Stade Louis II,Pierluigi Collina,Match Report,Leg 2 of 2; Monaco won,Monaco,Real Madrid,3,1,0,1
Quarter-finals,,Wed,07-04-2004,,Lyonfr,2–2,ptPorto,,Stade de Gerland,Anders Frisk,Match Report,Leg 2 of 2; Porto won,Lyon,Porto,2,2,0,1
Quarter-finals,,Wed,07-04-2004,,La Coruñaes,4–0,itMilan,,Estadio Municipal de Riazor,Urs Meier,Match Report,Leg 2 of 2; La Coruña won,La Coruña,Milan,4,0,0,1
Semi-finals,,Tue,20-04-2004,,Monacofr,3–1,engChelsea,,Stade Louis II,Urs Meier,Match Report,Leg 1 of 2,Monaco,Chelsea,3,1,1,0
Round,Wk,Day,Date,Time,Home,Score,Away,Attendance,Venue,Referee,Match Report,Notes,Ho,Away,Score,,0,0
Semi-finals,,Wed,21-04-2004,,Portopt,0–0,esLa Coruña,,Estádio do Dragão,Markus Merk,Match Report,Leg 1 of 2,Porto,La Coruña,0,0,1,0
Semi-finals,,Tue,04-05-2004,,La Coruñaes,0–1,ptPorto,,Estadio Municipal de Riazor,Pierluigi Collina,Match Report,Leg 2 of 2; Porto won,La Coruña,Porto,0,1,0,1
Semi-finals,,Wed,05-05-2004,,Chelseaeng,2–2,frMonaco,,Stamford Bridge,Anders Frisk,Match Report,Leg 2 of 2; Monaco won,Chelsea,Monaco,2,2,0,1
Final,,Wed,26-05-2004,,Monacofr,0–3,ptPorto,,Arena AufSchalke (Neutral Site),Kim Milton Nielsen,Match Report,,Monaco,Porto,0,3,0,0