Round,Wk,Day,Date,Time,Home,Score,Away,Attendance,Venue,Referee,Match Report,Notes,Home_Clean,Away_Clean,Home_Score,Away_Score,Leg 1,Leg 2,Home_Score_2,Away_Score_2,Home_Pens,Away_Pens
Group stage,1,Tue,14-09-2004,,Arsenaleng,1–0,nlPSV Eindhoven,,Highbury,Domenico Messina,Match Report,,Arsenal,PSV Eindhoven,1,0,0,0,,,,
Group stage,1,Tue,14-09-2004,,Valenciaes,2–0,beAnderlecht,,Estadi de Mestalla,Bertrand Layec,Match Report,,Valencia,Anderlecht,2,0,0,0,,,,
Group stage,1,Tue,14-09-2004,,Panathinaikosgr,2–1,noRosenborg,,Apostolos Nikolaidis,Paul Allaerts,Match Report,,Panathinaikos,Rosenborg,2,1,0,0,,,,
Group stage,1,Tue,14-09-2004,,Interit,2–0,deWerder Bremen,,Stadio Giuseppe Meazza,Ľuboš Michel,Match Report,,Inter,Werder Bremen,2,0,0,0,,,,
Group stage,1,Tue,14-09-2004,,Shakhtarua,0–1,itMilan,,Olympiyskiy,Herbert Fandel,Match Report,,Shakhtar,Milan,0,1,0,0,,,,
Group stage,1,Tue,14-09-2004,,Celticsct,1–3,esBarcelona,,Celtic Park,Markus Merk,Match Report,,Celtic,Barcelona,1,3,0,0,,,,
Group stage,1,Tue,14-09-2004,,Portopt,0–0,ruCSKA Moscow,,Estádio do Dragão,Kim Milton Nielsen,Match Report,,Porto,CSKA Moscow,0,0,0,0,,,,
Group stage,1,Tue,14-09-2004,,Paris S-Gfr,0–3,engChelsea,,Parc des Princes,Mejuto González,Match Report,,Paris S-G,Chelsea,0,3,0,0,,,,
Group stage,1,Wed,15-09-2004,,Romait,0–3,uaDynamo Kyiv,,Stadio Olimpico,Anders Frisk,Match Report,,Roma,Dynamo Kyiv,0,3,0,0,,,,
Group stage,1,Wed,15-09-2004,,Ajaxnl,0–1,itJuventus,,Amsterdam ArenA,Urs Meier,Match Report,,Ajax,Juventus,0,1,0,0,,,,
Group stage,1,Wed,15-09-2004,,Liverpooleng,2–0,frMonaco,,Anfield,Terje Hauge,Match Report,,Liverpool,Monaco,2,0,0,0,,,,
Group stage,1,Wed,15-09-2004,,Lyonfr,2–2,engManchester Utd,,Stade de Gerland,Wolfgang Stark,Match Report,,Lyon,Manchester Utd,2,2,0,0,,,,
Group stage,1,Wed,15-09-2004,,Maccabi Tel Avivil,0–1,deBayern Munich,,Itztadion Ramat Gan,Stephen Bennett,Match Report,,Maccabi Tel Aviv,Bayern Munich,0,1,0,0,,,,
Group stage,1,Wed,15-09-2004,,Leverkusende,3–0,esReal Madrid,,BayArena,Graham Poll,Match Report,,Leverkusen,Real Madrid,3,0,0,0,,,,
Group stage,1,Wed,15-09-2004,,La Coruñaes,0–0,grOlympiacos,,Estadio Municipal de Riazor,Frank de Bleeckere,Match Report,,La Coruña,Olympiacos,0,0,0,0,,,,
Group stage,1,Wed,15-09-2004,,Fenerbahçetr,1–0,czSparta Prague,,Şükrü Saracoğlu,Lucílio Batista,Match Report,,Fenerbahçe,Sparta Prague,1,0,0,0,,,,
,,,,,,,,,,,,,#VALUE!,,,,,,,,,
Group stage,2,Tue,28-09-2004,,Monacofr,2–0,esLa Coruña,,Stade Louis II,Stefano Farina,Match Report,,Monaco,La Coruña,2,0,0,0,,,,
Group stage,2,Tue,28-09-2004,,Real Madrides,4–2,itRoma,,Estadio Santiago Bernabéu,Valentin Ivanov,Match Report,,Real Madrid,Roma,4,2,0,0,,,,
Group stage,2,Tue,28-09-2004,,Manchester Utdeng,6–2,trFenerbahçe,,Old Trafford,Frank de Bleeckere,Match Report,,Manchester Utd,Fenerbahçe,6,2,0,0,,,,
Group stage,2,Tue,28-09-2004,,Bayern Munichde,4–0,nlAjax,,Olympiastadion,Alain Sars,Match Report,,Bayern Munich,Ajax,4,0,0,0,,,,
Group stage,2,Tue,28-09-2004,,Olympiacosgr,1–0,engLiverpool,,Stadio Georgios Karaiskakis,Pierluigi Collina,Match Report,,Olympiacos,Liverpool,1,0,0,0,,,,
Group stage,2,Tue,28-09-2004,,Sparta Praguecz,1–2,frLyon,,Stadion Letná,Daudén Ibáñez,Match Report,,Sparta Prague,Lyon,1,2,0,0,,,,
Group stage,2,Tue,28-09-2004,,Dynamo Kyivua,4–2,deLeverkusen,,Stadion Dynamo im. Valeriy Lobanovskiy,Kim Milton Nielsen,Match Report,,Dynamo Kyiv,Leverkusen,4,2,0,0,,,,
Group stage,2,Tue,28-09-2004,,Juventusit,1–0,ilMaccabi Tel Aviv,,Delle Alpi,Alain Hamer,Match Report,,Juventus,Maccabi Tel Aviv,1,0,0,0,,,,
Group stage,2,Wed,29-09-2004,,Barcelonaes,3–0,uaShakhtar,,Camp Nou,Terje Hauge,Match Report,,Barcelona,Shakhtar,3,0,0,0,,,,
Group stage,2,Wed,29-09-2004,,Milanit,3–1,sctCeltic,,Stadio Giuseppe Meazza,Gilles Veissière,Match Report,,Milan,Celtic,3,1,0,0,,,,
Group stage,2,Wed,29-09-2004,,Anderlechtbe,1–3,itInter,,Constant Vanden Stock Stadium,Kyros Vassaras,Match Report,,Anderlecht,Inter,1,3,0,0,,,,
Group stage,2,Wed,29-09-2004,,Werder Bremende,2–1,esValencia,,Weserstadion,Mike Riley,Match Report,,Werder Bremen,Valencia,2,1,0,0,,,,
Group stage,2,Wed,29-09-2004,,CSKA Moscowru,2–0,frParis S-G,,Stadion Lokomotiv,Massimo Busacca,Match Report,,CSKA Moscow,Paris S-G,2,0,0,0,,,,
Group stage,2,Wed,29-09-2004,,Rosenborgno,1–1,engArsenal,,Lerkendal Stadion,Florian Meyer,Match Report,,Rosenborg,Arsenal,1,1,0,0,,,,
Group stage,2,Wed,29-09-2004,,PSV Eindhovennl,1–0,grPanathinaikos,,PSV Stadion,Konrad Plautz,Match Report,,PSV Eindhoven,Panathinaikos,1,0,0,0,,,,
Group stage,2,Wed,29-09-2004,,Chelseaeng,3–1,ptPorto,,Stamford Bridge,Herbert Fandel,Match Report,,Chelsea,Porto,3,1,0,0,,,,
,,,,,,,,,,,,,#VALUE!,,,,,,,,,
Group stage,3,Tue,19-10-2004,,Liverpooleng,0–0,esLa Coruña,,Anfield,Anders Frisk,Match Report,,Liverpool,La Coruña,0,0,0,0,,,,
Group stage,3,Tue,19-10-2004,,Sparta Praguecz,0–0,engManchester Utd,,Stadion Letná,Massimo De Santis,Match Report,,Sparta Prague,Manchester Utd,0,0,0,0,,,,
Group stage,3,Tue,19-10-2004,,Real Madrides,1–0,uaDynamo Kyiv,,Estadio Santiago Bernabéu,Gilles Veissière,Match Report,,Real Madrid,Dynamo Kyiv,1,0,0,0,,,,
Group stage,3,Tue,19-10-2004,,Juventusit,1–0,deBayern Munich,,Delle Alpi,Mejuto González,Match Report,,Juventus,Bayern Munich,1,0,0,0,,,,
Group stage,3,Tue,19-10-2004,,Leverkusende,3–1,itRoma,,BayArena,Éric Poulat,Match Report,,Leverkusen,Roma,3,1,0,0,,,,
Group stage,3,Tue,19-10-2004,,Fenerbahçetr,1–3,frLyon,,Şükrü Saracoğlu,Iouri Baskakov,Match Report,,Fenerbahçe,Lyon,1,3,0,0,,,,
Group stage,3,Tue,19-10-2004,,Ajaxnl,3–0,ilMaccabi Tel Aviv,,Amsterdam ArenA,Iturralde González,Match Report,,Ajax,Maccabi Tel Aviv,3,0,0,0,,,,
Group stage,3,Tue,19-10-2004,,Monacofr,2–1,grOlympiacos,,Stade Louis II,Jan Wegereef,Match Report,,Monaco,Olympiacos,2,1,0,0,,,,
Group stage,3,Wed,20-10-2004,,Panathinaikosgr,2–2,engArsenal,,Apostolos Nikolaidis,Valentin Ivanov,Match Report,,Panathinaikos,Arsenal,2,2,0,0,,,,
Group stage,3,Wed,20-10-2004,,Chelseaeng,2–0,ruCSKA Moscow,,Stamford Bridge,Ľuboš Michel,Match Report,,Chelsea,CSKA Moscow,2,0,0,0,,,,
Group stage,3,Wed,20-10-2004,,Valenciaes,1–5,itInter,,Estadi de Mestalla,Urs Meier,Match Report,,Valencia,Inter,1,5,0,0,,,,
Group stage,3,Wed,20-10-2004,,Shakhtarua,3–0,sctCeltic,,Shakhter,René Temmink,Match Report,,Shakhtar,Celtic,3,0,0,0,,,,
Group stage,3,Wed,20-10-2004,,Milanit,1–0,esBarcelona,,Stadio Giuseppe Meazza,Graham Poll,Match Report,,Milan,Barcelona,1,0,0,0,,,,
Group stage,3,Wed,20-10-2004,,Rosenborgno,1–2,nlPSV Eindhoven,,Lerkendal Stadion,Alain Sars,Match Report,,Rosenborg,PSV Eindhoven,1,2,0,0,,,,
Group stage,3,Wed,20-10-2004,,Paris S-Gfr,2–0,ptPorto,,Parc des Princes,Pierluigi Collina,Match Report,,Paris S-G,Porto,2,0,0,0,,,,
Group stage,3,Wed,20-10-2004,,Anderlechtbe,1–2,deWerder Bremen,,Constant Vanden Stock Stadium,Claus Bo Larsen,Match Report,,Anderlecht,Werder Bremen,1,2,0,0,,,,
,,,,,,,,,,,,,#VALUE!,,,,,,,,,
Group stage,4,Tue,02-11-2004,,Portopt,0–0,frParis S-G,,Estádio do Dragão,Stuart Dougal,Match Report,,Porto,Paris S-G,0,0,0,0,,,,
Group stage,4,Tue,02-11-2004,,CSKA Moscowru,0–1,engChelsea,,Stadion Lokomotiv,Massimo De Santis,Match Report,,CSKA Moscow,Chelsea,0,1,0,0,,,,
Group stage,4,Tue,02-11-2004,,Celticsct,1–0,uaShakhtar,,Celtic Park,Éric Poulat,Match Report,,Celtic,Shakhtar,1,0,0,0,,,,
Group stage,4,Tue,02-11-2004,,Werder Bremende,5–1,beAnderlecht,,Weserstadion,Massimo Busacca,Match Report,,Werder Bremen,Anderlecht,5,1,0,0,,,,
Group stage,4,Tue,02-11-2004,,Arsenaleng,1–1,grPanathinaikos,,Highbury,Medina Cantalejo,Match Report,,Arsenal,Panathinaikos,1,1,0,0,,,,
Group stage,4,Tue,02-11-2004,,Barcelonaes,2–1,itMilan,,Camp Nou,Urs Meier,Match Report,,Barcelona,Milan,2,1,0,0,,,,
Group stage,4,Tue,02-11-2004,,Interit,0–0,esValencia,,Stadio Giuseppe Meazza,Valentin Ivanov,Match Report,,Inter,Valencia,0,0,0,0,,,,
Group stage,4,Tue,02-11-2004,,PSV Eindhovennl,1–0,noRosenborg,,PSV Stadion,Daudén Ibáñez,Match Report,,PSV Eindhoven,Rosenborg,1,0,0,0,,,,
Group stage,4,Wed,03-11-2004,,Maccabi Tel Avivil,2–1,nlAjax,,Itztadion Ramat Gan,Vladimir Hrinak,Match Report,,Maccabi Tel Aviv,Ajax,2,1,0,0,,,,
Group stage,4,Wed,03-11-2004,,Manchester Utdeng,4–1,czSparta Prague,,Old Trafford,Alain Hamer,Match Report,,Manchester Utd,Sparta Prague,4,1,0,0,,,,
Group stage,4,Wed,03-11-2004,,Romait,1–1,deLeverkusen,,Stadio Olimpico,Lucílio Batista,Match Report,,Roma,Leverkusen,1,1,0,0,,,,
Group stage,4,Wed,03-11-2004,,Lyonfr,4–2,trFenerbahçe,,Stade de Gerland,Stefano Farina,Match Report,,Lyon,Fenerbahçe,4,2,0,0,,,,
Group stage,4,Wed,03-11-2004,,Bayern Munichde,0–1,itJuventus,,Olympiastadion,Graham Poll,Match Report,,Bayern Munich,Juventus,0,1,0,0,,,,
Group stage,4,Wed,03-11-2004,,La Coruñaes,0–1,engLiverpool,,Estadio Municipal de Riazor,Wolfgang Stark,Match Report,,La Coruña,Liverpool,0,1,0,0,,,,
Group stage,4,Wed,03-11-2004,,Olympiacosgr,1–0,frMonaco,,Stadio Georgios Karaiskakis,Markus Merk,Match Report,,Olympiacos,Monaco,1,0,0,0,,,,
Group stage,4,Wed,03-11-2004,,Dynamo Kyivua,2–2,esReal Madrid,,Stadion Dynamo im. Valeriy Lobanovskiy,Kyros Vassaras,Match Report,,Dynamo Kyiv,Real Madrid,2,2,0,0,,,,
,,,,,,,,,,,,,#VALUE!,,,,,,,,,
Group stage,5,Tue,23-11-2004,,Bayern Munichde,5–1,ilMaccabi Tel Aviv,,Olympiastadion,Medina Cantalejo,Match Report,,Bayern Munich,Maccabi Tel Aviv,5,1,0,0,,,,
Group stage,5,Tue,23-11-2004,,Dynamo Kyivua,2–0,itRoma,,Stadion Dynamo im. Valeriy Lobanovskiy,Mike Riley,Match Report,,Dynamo Kyiv,Roma,2,0,0,0,,,,
Group stage,5,Tue,23-11-2004,,Manchester Utdeng,2–1,frLyon,,Old Trafford,Kim Milton Nielsen,Match Report,,Manchester Utd,Lyon,2,1,0,0,,,,
Group stage,5,Tue,23-11-2004,,Juventusit,1–0,nlAjax,,Delle Alpi,Konrad Plautz,Match Report,,Juventus,Ajax,1,0,0,0,,,,
Group stage,5,Tue,23-11-2004,,Sparta Praguecz,0–1,trFenerbahçe,,Stadion Letná,Wolfgang Stark,Match Report,,Sparta Prague,Fenerbahçe,0,1,0,0,,,,
Group stage,5,Tue,23-11-2004,,Olympiacosgr,1–0,esLa Coruña,,Stadio Georgios Karaiskakis,Terje Hauge,Match Report,,Olympiacos,La Coruña,1,0,0,0,,,,
Group stage,5,Tue,23-11-2004,,Real Madrides,1–1,deLeverkusen,,Estadio Santiago Bernabéu,Alain Hamer,Match Report,,Real Madrid,Leverkusen,1,1,0,0,,,,
Group stage,5,Tue,23-11-2004,,Monacofr,1–0,engLiverpool,,Stade Louis II,Claus Bo Larsen,Match Report,,Monaco,Liverpool,1,0,0,0,,,,
Group stage,5,Wed,24-11-2004,,Chelseaeng,0–0,frParis S-G,,Stamford Bridge,René Temmink,Match Report,,Chelsea,Paris S-G,0,0,0,0,,,,
Group stage,5,Wed,24-11-2004,,Anderlechtbe,1–2,esValencia,,Constant Vanden Stock Stadium,Tom Henning Øvrebø,Match Report,,Anderlecht,Valencia,1,2,0,0,,,,
Group stage,5,Wed,24-11-2004,,PSV Eindhovennl,1–1,engArsenal,,PSV Stadion,Herbert Fandel,Match Report,,PSV Eindhoven,Arsenal,1,1,0,0,,,,
Group stage,5,Wed,24-11-2004,,Milanit,4–0,uaShakhtar,,Stadio Giuseppe Meazza,Frank de Bleeckere,Match Report,,Milan,Shakhtar,4,0,0,0,,,,
Group stage,5,Wed,24-11-2004,,CSKA Moscowru,0–1,ptPorto,,Stadion Lokomotiv,Mejuto González,Match Report,,CSKA Moscow,Porto,0,1,0,0,,,,
Group stage,5,Wed,24-11-2004,,Rosenborgno,2–2,grPanathinaikos,,Lerkendal Stadion,Massimo De Santis,Match Report,,Rosenborg,Panathinaikos,2,2,0,0,,,,
Group stage,5,Wed,24-11-2004,,Werder Bremende,1–1,itInter,,Weserstadion,Gilles Veissière,Match Report,,Werder Bremen,Inter,1,1,0,0,,,,
Group stage,5,Wed,24-11-2004,,Barcelonaes,1–1,sctCeltic,,Camp Nou,Ľuboš Michel,Match Report,,Barcelona,Celtic,1,1,0,0,,,,
,,,,,,,,,,,,,#VALUE!,,,,,,,,,
Group stage,6,Tue,07-12-2004,,Shakhtarua,2–0,esBarcelona,,Shakhter,Claus Bo Larsen,Match Report,,Shakhtar,Barcelona,2,0,0,0,,,,
Group stage,6,Tue,07-12-2004,,Arsenaleng,5–1,noRosenborg,,Highbury,Stefano Farina,Match Report,,Arsenal,Rosenborg,5,1,0,0,,,,
Group stage,6,Tue,07-12-2004,,Valenciaes,0–2,deWerder Bremen,,Estadi de Mestalla,Anders Frisk,Match Report,,Valencia,Werder Bremen,0,2,0,0,,,,
Group stage,6,Tue,07-12-2004,,Panathinaikosgr,4–1,nlPSV Eindhoven,,Apostolos Nikolaidis,Peter Fröjdfeldt,Match Report,,Panathinaikos,PSV Eindhoven,4,1,0,0,,,,
Group stage,6,Tue,07-12-2004,,Celticsct,0–0,itMilan,,Celtic Park,Kyros Vassaras,Match Report,,Celtic,Milan,0,0,0,0,,,,
Group stage,6,Tue,07-12-2004,,Paris S-Gfr,1–3,ruCSKA Moscow,,Parc des Princes,Markus Merk,Match Report,,Paris S-G,CSKA Moscow,1,3,0,0,,,,
Group stage,6,Tue,07-12-2004,,Portopt,2–1,engChelsea,,Estádio do Dragão,Massimo Busacca,Match Report,,Porto,Chelsea,2,1,0,0,,,,
Group stage,6,Tue,07-12-2004,,Interit,3–0,beAnderlecht,,Stadio Giuseppe Meazza,Mike Riley,Match Report,,Inter,Anderlecht,3,0,0,0,,,,
Group stage,6,Wed,08-12-2004,,Liverpooleng,3–1,grOlympiacos,,Anfield,Mejuto González,Match Report,,Liverpool,Olympiacos,3,1,0,0,,,,
Group stage,6,Wed,08-12-2004,,Leverkusende,3–0,uaDynamo Kyiv,,BayArena,Pierluigi Collina,Match Report,,Leverkusen,Dynamo Kyiv,3,0,0,0,,,,
Group stage,6,Wed,08-12-2004,,Romait,0–3,esReal Madrid,,Stadio Olimpico,René Temmink,Match Report,,Roma,Real Madrid,0,3,0,0,,,,
Group stage,6,Wed,08-12-2004,,Maccabi Tel Avivil,1–1,itJuventus,,Itztadion Ramat Gan,Alain Sars,Match Report,,Maccabi Tel Aviv,Juventus,1,1,0,0,,,,
Group stage,6,Wed,08-12-2004,,Fenerbahçetr,3–0,engManchester Utd,,Şükrü Saracoğlu,Daudén Ibáñez,Match Report,,Fenerbahçe,Manchester Utd,3,0,0,0,,,,
Group stage,6,Wed,08-12-2004,,La Coruñaes,0–5,frMonaco,,Estadio Municipal de Riazor,Iouri Baskakov,Match Report,,La Coruña,Monaco,0,5,0,0,,,,
Group stage,6,Wed,08-12-2004,,Lyonfr,5–0,czSparta Prague,,Stade de Gerland,Konrad Plautz,Match Report,,Lyon,Sparta Prague,5,0,0,0,,,,
Group stage,6,Wed,08-12-2004,,Ajaxnl,2–2,deBayern Munich,,Amsterdam ArenA,Lucílio Batista,Match Report,,Ajax,Bayern Munich,2,2,0,0,,,,
,,,,,,,,,,,,,#VALUE!,,,,,,,,,
Round of 16,,Tue,22-02-2005,,Bayern Munichde,3–1,engArsenal,,Olympiastadion,Kim Milton Nielsen,Match Report,Leg 1 of 2,Bayern Munich,Arsenal,3,1,1,0,#VALUE!,#VALUE!,#VALUE!,#VALUE!
Round of 16,,Tue,22-02-2005,,Real Madrides,1–0,itJuventus,,Estadio Santiago Bernabéu,Ľuboš Michel,Match Report,Leg 1 of 2,Real Madrid,Juventus,1,0,1,0,#VALUE!,#VALUE!,#VALUE!,#VALUE!
Round of 16,,Tue,22-02-2005,,Liverpooleng,3–1,deLeverkusen,,Anfield,Kyros Vassaras,Match Report,Leg 1 of 2,Liverpool,Leverkusen,3,1,1,0,#VALUE!,#VALUE!,#VALUE!,#VALUE!
Round of 16,,Tue,22-02-2005,,PSV Eindhovennl,1–0,frMonaco,,PSV Stadion,Medina Cantalejo,Match Report,Leg 1 of 2,PSV Eindhoven,Monaco,1,0,1,0,#VALUE!,#VALUE!,#VALUE!,#VALUE!
Round of 16,,Wed,23-02-2005,,Werder Bremende,0–3,frLyon,,Weserstadion,Frank de Bleeckere,Match Report,Leg 1 of 2,Werder Bremen,Lyon,0,3,1,0,#VALUE!,#VALUE!,#VALUE!,#VALUE!
Round of 16,,Wed,23-02-2005,,Portopt,1–1,itInter,,Estádio do Dragão,Graham Poll,Match Report,Leg 1 of 2,Porto,Inter,1,1,1,0,#VALUE!,#VALUE!,#VALUE!,#VALUE!
Round of 16,,Wed,23-02-2005,,Manchester Utdeng,0–1,itMilan,,Old Trafford,Mejuto González,Match Report,Leg 1 of 2,Manchester Utd,Milan,0,1,1,0,#VALUE!,#VALUE!,#VALUE!,#VALUE!
Round of 16,,Wed,23-02-2005,,Barcelonaes,2–1,engChelsea,,Camp Nou,Anders Frisk,Match Report,Leg 1 of 2,Barcelona,Chelsea,2,1,1,0,#VALUE!,#VALUE!,#VALUE!,#VALUE!
Round of 16,,Tue,08-03-2005,,Milanit,1–0,engManchester Utd,,Stadio Giuseppe Meazza,Herbert Fandel,Match Report,Leg 2 of 2; Milan won,Milan,Manchester Utd,1,0,0,1,#VALUE!,#VALUE!,#VALUE!,#VALUE!
Round of 16,,Tue,08-03-2005,,Lyonfr,7–2,deWerder Bremen,,Stade de Gerland,Valentin Ivanov,Match Report,Leg 2 of 2; Lyon won,Lyon,Werder Bremen,7,2,0,1,#VALUE!,#VALUE!,#VALUE!,#VALUE!
Round of 16,,Tue,08-03-2005,,Chelseaeng,4–2,esBarcelona,,Stamford Bridge,Pierluigi Collina,Match Report,Leg 2 of 2; Chelsea won,Chelsea,Barcelona,4,2,0,1,#VALUE!,#VALUE!,#VALUE!,#VALUE!
Round of 16,,Wed,09-03-2005,,Monacofr,0–2,nlPSV Eindhoven,,Stade Louis II,Stephen Bennett,Match Report,Leg 2 of 2; PSV Eindhoven won,Monaco,PSV Eindhoven,0,2,0,1,#VALUE!,#VALUE!,#VALUE!,#VALUE!
Round of 16,,Wed,09-03-2005,,Arsenaleng,1–0,deBayern Munich,,Highbury,Massimo De Santis,Match Report,Leg 2 of 2; Bayern Munich won,Arsenal,Bayern Munich,1,0,0,1,#VALUE!,#VALUE!,#VALUE!,#VALUE!
Round of 16,,Wed,09-03-2005,,Juventusit,2–0,esReal Madrid,,Delle Alpi,Markus Merk,Match Report,Leg 2 of 2; Juventus won; Required Extra Time,Juventus,Real Madrid,2,0,0,1,#VALUE!,#VALUE!,#VALUE!,#VALUE!
Round of 16,,Wed,09-03-2005,,Leverkusende,1–3,engLiverpool,,BayArena,Alain Sars,Match Report,Leg 2 of 2; Liverpool won,Leverkusen,Liverpool,1,3,0,1,#VALUE!,#VALUE!,#VALUE!,#VALUE!
Round of 16,,Tue,15-03-2005,,Interit,3–1,ptPorto,,Stadio Giuseppe Meazza,Terje Hauge,Match Report,Leg 2 of 2; Inter won,Inter,Porto,3,1,0,1,#VALUE!,#VALUE!,#VALUE!,#VALUE!
Quarter-finals,,Tue,05-04-2005,,Liverpooleng,2–1,itJuventus,,Anfield,Frank de Bleeckere,Match Report,Leg 1 of 2,Liverpool,Juventus,2,1,1,0,#VALUE!,#VALUE!,#VALUE!,#VALUE!
Quarter-finals,,Tue,05-04-2005,,Lyonfr,1–1,nlPSV Eindhoven,,Stade de Gerland,Pierluigi Collina,Match Report,Leg 1 of 2,Lyon,PSV Eindhoven,1,1,1,0,#VALUE!,#VALUE!,#VALUE!,#VALUE!
Quarter-finals,,Wed,06-04-2005,,Chelseaeng,4–2,deBayern Munich,,Stamford Bridge,René Temmink,Match Report,Leg 1 of 2,Chelsea,Bayern Munich,4,2,1,0,#VALUE!,#VALUE!,#VALUE!,#VALUE!
Quarter-finals,,Wed,06-04-2005,,Milanit,2–0,itInter,,Stadio Giuseppe Meazza,Alain Sars,Match Report,Leg 1 of 2,Milan,Inter,2,0,1,0,#VALUE!,#VALUE!,#VALUE!,#VALUE!
Quarter-finals,,Tue,12-04-2005,,Interit,0–3,itMilan,,Stadio Giuseppe Meazza,Markus Merk,Match Report,Leg 2 of 2; Milan won,Inter,Milan,0,3,0,1,#VALUE!,#VALUE!,#VALUE!,#VALUE!
Quarter-finals,,Tue,12-04-2005,,Bayern Munichde,3–2,engChelsea,,Olympiastadion,Mejuto González,Match Report,Leg 2 of 2; Chelsea won,Bayern Munich,Chelsea,3,2,0,1,#VALUE!,#VALUE!,#VALUE!,#VALUE!
Quarter-finals,,Wed,13-04-2005,,PSV Eindhovennl,(4)1–1(2),frLyon,,PSV Stadion,Kim Milton Nielsen,Match Report,"Leg 2 of 2; PSV Eindhoven won; PSV Eindhoven won on penalty kicks following 
extra time",PSV Eindhoven,Lyon,(4)1,1(2),0,1,1,1,4,2
Quarter-finals,,Wed,13-04-2005,,Juventusit,0–0,engLiverpool,,Delle Alpi,Valentin Ivanov,Match Report,Leg 2 of 2; Liverpool won,Juventus,Liverpool,0,0,0,1,#VALUE!,#VALUE!,#VALUE!,#VALUE!
Semi-finals,,Tue,26-04-2005,,Milanit,2–0,nlPSV Eindhoven,,Stadio Giuseppe Meazza,Kyros Vassaras,Match Report,Leg 1 of 2,Milan,PSV Eindhoven,2,0,1,0,#VALUE!,#VALUE!,#VALUE!,#VALUE!
Round,Wk,Day,Date,Time,Home,Score,Away,Attendance,Venue,Referee,Match Report,Notes,Ho,Away,Score,,0,0,#VALUE!,#VALUE!,#VALUE!,#VALUE!
Semi-finals,,Wed,27-04-2005,,Chelseaeng,0–0,engLiverpool,,Stamford Bridge,Alain Sars,Match Report,Leg 1 of 2,Chelsea,Liverpool,0,0,1,0,#VALUE!,#VALUE!,#VALUE!,#VALUE!
Semi-finals,,Tue,03-05-2005,,Liverpooleng,1–0,engChelsea,,Anfield,Ľuboš Michel,Match Report,Leg 2 of 2; Liverpool won,Liverpool,Chelsea,1,0,0,1,#VALUE!,#VALUE!,#VALUE!,#VALUE!
Semi-finals,,Wed,04-05-2005,,PSV Eindhovennl,3–1,itMilan,,PSV Stadion,Terje Hauge,Match Report,Leg 2 of 2; Milan won,PSV Eindhoven,Milan,3,1,0,1,#VALUE!,#VALUE!,#VALUE!,#VALUE!
Final,,Wed,25-05-2005,,Milanit,(2)3–3(3),engLiverpool,,Atatürk Olimpiyat Stadium (Neutral Site),Mejuto González,Match Report,Liverpool won on penalty kicks following extra time,Milan,Liverpool,(2)3,3(3),0,0,3,3,2,3