Round,Wk,Day,Date,Time,Home,Score,Away,Attendance,Venue,Referee,Match Report,Notes,Home_Clean,Away_Clean,Home_Score,Away_Score,Leg 1,Leg 2,Home_Score_2,Away_Score_2,Home_Pens,Away_Pens
Group stage,1,Tue,13-09-2005,,Milanit,3–1,trFenerbahçe,,Stadio Giuseppe Meazza,Mike Riley,Match Report,,Milan,Fenerbahçe,3,1,0,0,,,,
Group stage,1,Tue,13-09-2005,,Artmediask,0–1,itInter,,Tehelné Pole,Éric Poulat,Match Report,,Artmedia,Inter,0,1,0,0,,,,
Group stage,1,Tue,13-09-2005,,Lyonfr,3–0,esReal Madrid,,Stade de Gerland,Massimo De Santis,Match Report,,Lyon,Real Madrid,3,0,0,0,,,,
Group stage,1,Tue,13-09-2005,,Rangerssct,3–2,ptPorto,,Ibrox Stadium,Jan Wegereef,Match Report,,Rangers,Porto,3,2,0,0,,,,
Group stage,1,Tue,13-09-2005,,Olympiacosgr,1–3,noRosenborg,,Stadio Georgios Karaiskakis,Stefano Farina,Match Report,,Olympiacos,Rosenborg,1,3,0,0,,,,
Group stage,1,Tue,13-09-2005,,PSV Eindhovennl,1–0,deSchalke 04,,PSV Stadion,Iouri Baskakov,Match Report,,PSV Eindhoven,Schalke 04,1,0,0,0,,,,
Group stage,1,Tue,13-09-2005,,Betises,1–2,engLiverpool,,Manuel Ruíz de Lopera,Konrad Plautz,Match Report,,Betis,Liverpool,1,2,0,0,,,,
Group stage,1,Tue,13-09-2005,,Chelseaeng,1–0,beAnderlecht,,Stamford Bridge,Wolfgang Stark,Match Report,,Chelsea,Anderlecht,1,0,0,0,,,,
Group stage,1,Wed,14-09-2005,,Arsenaleng,2–1,chThun,,Highbury,Grzegorz Gilewski,Match Report,,Arsenal,Thun,2,1,0,0,,,,
Group stage,1,Wed,14-09-2005,,Benficapt,1–0,frLille,,Estádio do Sport Lisboa e Benfica,René Temmink,Match Report,,Benfica,Lille,1,0,0,0,,,,
Group stage,1,Wed,14-09-2005,,Sparta Praguecz,1–1,nlAjax,,Stadion Letná,Claus Bo Larsen,Match Report,,Sparta Prague,Ajax,1,1,0,0,,,,
Group stage,1,Wed,14-09-2005,,Villarreales,0–0,engManchester Utd,,Estadio El Madrigal,Kim Milton Nielsen,Match Report,,Villarreal,Manchester Utd,0,0,0,0,,,,
Group stage,1,Wed,14-09-2005,,Rapid Wienat,0–1,deBayern Munich,,Ernst,Alain Sars,Match Report,,Rapid Wien,Bayern Munich,0,1,0,0,,,,
Group stage,1,Wed,14-09-2005,,Club Bruggebe,1–2,itJuventus,,Jan Breydelstadion,Medina Cantalejo,Match Report,,Club Brugge,Juventus,1,2,0,0,,,,
Group stage,1,Wed,14-09-2005,,Udineseit,3–0,grPanathinaikos,,Stadio Friuli,Olegário Benquerença,Match Report,,Udinese,Panathinaikos,3,0,0,0,,,,
Group stage,1,Wed,14-09-2005,,Werder Bremende,0–2,esBarcelona,,Weserstadion,Terje Hauge,Match Report,,Werder Bremen,Barcelona,0,2,0,0,,,,
,,,,,,,,,,,,,#VALUE!,,,,,,,,,
Group stage,2,Tue,27-09-2005,,Panathinaikosgr,2–1,deWerder Bremen,,OAKA Spiros Louis,Éric Poulat,Match Report,,Panathinaikos,Werder Bremen,2,1,0,0,,,,
Group stage,2,Tue,27-09-2005,,Barcelonaes,4–1,itUdinese,,Camp Nou,Stephen Bennett,Match Report,,Barcelona,Udinese,4,1,0,0,,,,
Group stage,2,Tue,27-09-2005,,Thunch,1–0,czSparta Prague,,Stade de Suisse,Bertrand Layec,Match Report,,Thun,Sparta Prague,1,0,0,0,,,,
Group stage,2,Tue,27-09-2005,,Manchester Utdeng,2–1,ptBenfica,,Old Trafford,Ľuboš Michel,Match Report,,Manchester Utd,Benfica,2,1,0,0,,,,
Group stage,2,Tue,27-09-2005,,Lillefr,0–0,esVillarreal,,Stade de France,Peter Fröjdfeldt,Match Report,,Lille,Villarreal,0,0,0,0,,,,
Group stage,2,Tue,27-09-2005,,Juventusit,3–0,atRapid Wien,,Delle Alpi,Martin Hansson,Match Report,,Juventus,Rapid Wien,3,0,0,0,,,,
Group stage,2,Tue,27-09-2005,,Bayern Munichde,1–0,beClub Brugge,,Fußball Arena München,Tom Henning Øvrebø,Match Report,,Bayern Munich,Club Brugge,1,0,0,0,,,,
Group stage,2,Tue,27-09-2005,,Ajaxnl,1–2,engArsenal,,Amsterdam ArenA,Medina Cantalejo,Match Report,,Ajax,Arsenal,1,2,0,0,,,,
Group stage,2,Wed,28-09-2005,,Fenerbahçetr,3–0,nlPSV Eindhoven,,Şükrü Saracoğlu,Mejuto González,Match Report,,Fenerbahçe,PSV Eindhoven,3,0,0,0,,,,
Group stage,2,Wed,28-09-2005,,Liverpooleng,0–0,engChelsea,,Anfield,Massimo De Santis,Match Report,,Liverpool,Chelsea,0,0,0,0,,,,
Group stage,2,Wed,28-09-2005,,Anderlechtbe,0–1,esBetis,,Constant Vanden Stock Stadium,Roberto Rosetti,Match Report,,Anderlecht,Betis,0,1,0,0,,,,
Group stage,2,Wed,28-09-2005,,Interit,1–0,sctRangers,,Stadio Giuseppe Meazza,Kyros Vassaras,Match Report,,Inter,Rangers,1,0,0,0,,,,
Group stage,2,Wed,28-09-2005,,Portopt,2–3,skArtmedia,,Estádio do Dragão,Massimo Busacca,Match Report,,Porto,Artmedia,2,3,0,0,,,,
Group stage,2,Wed,28-09-2005,,Rosenborgno,0–1,frLyon,,Lerkendal Stadion,Iouri Baskakov,Match Report,,Rosenborg,Lyon,0,1,0,0,,,,
Group stage,2,Wed,28-09-2005,,Schalke 04de,2–2,itMilan,,Stadion Gelsenkirchen,Claus Bo Larsen,Match Report,,Schalke 04,Milan,2,2,0,0,,,,
Group stage,2,Wed,28-09-2005,,Real Madrides,2–1,grOlympiacos,,Estadio Santiago Bernabéu,Markus Merk,Match Report,,Real Madrid,Olympiacos,2,1,0,0,,,,
,,,,,,,,,,,,,#VALUE!,,,,,,,,,
Group stage,3,Tue,18-10-2005,,Villarreales,1–1,ptBenfica,,Estadio El Madrigal,Florian Meyer,Match Report,,Villarreal,Benfica,1,1,0,0,,,,
Group stage,3,Tue,18-10-2005,,Rapid Wienat,0–1,beClub Brugge,,Ernst,Stuart Dougal,Match Report,,Rapid Wien,Club Brugge,0,1,0,0,,,,
Group stage,3,Tue,18-10-2005,,Sparta Praguecz,0–2,engArsenal,,Stadion Letná,Wolfgang Stark,Match Report,,Sparta Prague,Arsenal,0,2,0,0,,,,
Group stage,3,Tue,18-10-2005,,Panathinaikosgr,0–0,esBarcelona,,OAKA Spiros Louis,Frank de Bleeckere,Match Report,,Panathinaikos,Barcelona,0,0,0,0,,,,
Group stage,3,Tue,18-10-2005,,Manchester Utdeng,0–0,frLille,,Old Trafford,Stefano Farina,Match Report,,Manchester Utd,Lille,0,0,0,0,,,,
Group stage,3,Tue,18-10-2005,,Bayern Munichde,2–1,itJuventus,,Fußball Arena München,Kyros Vassaras,Match Report,,Bayern Munich,Juventus,2,1,0,0,,,,
Group stage,3,Tue,18-10-2005,,Ajaxnl,2–0,chThun,,Amsterdam ArenA,Roberto Rosetti,Match Report,,Ajax,Thun,2,0,0,0,,,,
Group stage,3,Tue,18-10-2005,,Udineseit,1–1,deWerder Bremen,,Stadio Friuli,René Temmink,Match Report,,Udinese,Werder Bremen,1,1,0,0,,,,
Group stage,3,Wed,19-10-2005,,Real Madrides,4–1,noRosenborg,,Estadio Santiago Bernabéu,Stephen Bennett,Match Report,,Real Madrid,Rosenborg,4,1,0,0,,,,
Group stage,3,Wed,19-10-2005,,Lyonfr,2–1,grOlympiacos,,Stade de Gerland,Graham Poll,Match Report,,Lyon,Olympiacos,2,1,0,0,,,,
Group stage,3,Wed,19-10-2005,,Chelseaeng,4–0,esBetis,,Stamford Bridge,Terje Hauge,Match Report,,Chelsea,Betis,4,0,0,0,,,,
Group stage,3,Wed,19-10-2005,,Rangerssct,0–0,skArtmedia,,Ibrox Stadium,Daudén Ibáñez,Match Report,,Rangers,Artmedia,0,0,0,0,,,,
Group stage,3,Wed,19-10-2005,,Fenerbahçetr,3–3,deSchalke 04,,Şükrü Saracoğlu,Alain Hamer,Match Report,,Fenerbahçe,Schalke 04,3,3,0,0,,,,
Group stage,3,Wed,19-10-2005,,Milanit,0–0,nlPSV Eindhoven,,Stadio Giuseppe Meazza,Konrad Plautz,Match Report,,Milan,PSV Eindhoven,0,0,0,0,,,,
Group stage,3,Wed,19-10-2005,,Portopt,2–0,itInter,,Estádio do Dragão,Valentin Ivanov,Match Report,,Porto,Inter,2,0,0,0,,,,
Group stage,3,Wed,19-10-2005,,Anderlechtbe,0–1,engLiverpool,,Constant Vanden Stock Stadium,Massimo Busacca,Match Report,,Anderlecht,Liverpool,0,1,0,0,,,,
,,,,,,,,,,,,,#VALUE!,,,,,,,,,
Group stage,4,Tue,01-11-2005,,PSV Eindhovennl,1–0,itMilan,,PSV Stadion,Graham Poll,Match Report,,PSV Eindhoven,Milan,1,0,0,0,,,,
Group stage,4,Tue,01-11-2005,,Liverpooleng,3–0,beAnderlecht,,Anfield,Kim Milton Nielsen,Match Report,,Liverpool,Anderlecht,3,0,0,0,,,,
Group stage,4,Tue,01-11-2005,,Schalke 04de,2–0,trFenerbahçe,,Stadion Gelsenkirchen,Medina Cantalejo,Match Report,,Schalke 04,Fenerbahçe,2,0,0,0,,,,
Group stage,4,Tue,01-11-2005,,Olympiacosgr,1–4,frLyon,,Stadio Georgios Karaiskakis,Peter Fröjdfeldt,Match Report,,Olympiacos,Lyon,1,4,0,0,,,,
Group stage,4,Tue,01-11-2005,,Interit,2–1,ptPorto,,Stadio Giuseppe Meazza,Mejuto González,Match Report,,Inter,Porto,2,1,0,0,,,,
Group stage,4,Tue,01-11-2005,,Betises,1–0,engChelsea,,Manuel Ruíz de Lopera,Alain Hamer,Match Report,,Betis,Chelsea,1,0,0,0,,,,
Group stage,4,Tue,01-11-2005,,Rosenborgno,0–2,esReal Madrid,,Lerkendal Stadion,Wolfgang Stark,Match Report,,Rosenborg,Real Madrid,0,2,0,0,,,,
Group stage,4,Tue,01-11-2005,,Artmediask,2–2,sctRangers,,Tehelné Pole,Florian Meyer,Match Report,,Artmedia,Rangers,2,2,0,0,,,,
Group stage,4,Wed,02-11-2005,,Juventusit,2–1,deBayern Munich,,Delle Alpi,Ľuboš Michel,Match Report,,Juventus,Bayern Munich,2,1,0,0,,,,
Group stage,4,Wed,02-11-2005,,Werder Bremende,4–3,itUdinese,,Weserstadion,Iouri Baskakov,Match Report,,Werder Bremen,Udinese,4,3,0,0,,,,
Group stage,4,Wed,02-11-2005,,Club Bruggebe,3–2,atRapid Wien,,Jan Breydelstadion,Alon Yefet,Match Report,,Club Brugge,Rapid Wien,3,2,0,0,,,,
Group stage,4,Wed,02-11-2005,,Benficapt,0–1,esVillarreal,,Estádio do Sport Lisboa e Benfica,Frank de Bleeckere,Match Report,,Benfica,Villarreal,0,1,0,0,,,,
Group stage,4,Wed,02-11-2005,,Barcelonaes,5–0,grPanathinaikos,,Camp Nou,René Temmink,Match Report,,Barcelona,Panathinaikos,5,0,0,0,,,,
Group stage,4,Wed,02-11-2005,,Lillefr,1–0,engManchester Utd,,Stade de France,Markus Merk,Match Report,,Lille,Manchester Utd,1,0,0,0,,,,
Group stage,4,Wed,02-11-2005,,Arsenaleng,3–0,czSparta Prague,,Highbury,Alain Sars,Match Report,,Arsenal,Sparta Prague,3,0,0,0,,,,
Group stage,4,Wed,02-11-2005,,Thunch,2–4,nlAjax,,Stade de Suisse,Vladimir Hrinak,Match Report,,Thun,Ajax,2,4,0,0,,,,
,,,,,,,,,,,,,#VALUE!,,,,,,,,,
Group stage,5,Tue,22-11-2005,,Lillefr,0–0,ptBenfica,,Stade de France,Massimo Busacca,Match Report,,Lille,Benfica,0,0,0,0,,,,
Group stage,5,Tue,22-11-2005,,Panathinaikosgr,1–2,itUdinese,,OAKA Spiros Louis,Graham Poll,Match Report,,Panathinaikos,Udinese,1,2,0,0,,,,
Group stage,5,Tue,22-11-2005,,Manchester Utdeng,0–0,esVillarreal,,Old Trafford,Massimo De Santis,Match Report,,Manchester Utd,Villarreal,0,0,0,0,,,,
Group stage,5,Tue,22-11-2005,,Bayern Munichde,4–0,atRapid Wien,,Fußball Arena München,Daudén Ibáñez,Match Report,,Bayern Munich,Rapid Wien,4,0,0,0,,,,
Group stage,5,Tue,22-11-2005,,Juventusit,1–0,beClub Brugge,,Delle Alpi,Rob Styles,Match Report,,Juventus,Club Brugge,1,0,0,0,,,,
Group stage,5,Tue,22-11-2005,,Thunch,0–1,engArsenal,,Stade de Suisse,Lucílio Batista,Match Report,,Thun,Arsenal,0,1,0,0,,,,
Group stage,5,Tue,22-11-2005,,Ajaxnl,2–1,czSparta Prague,,Amsterdam ArenA,Valentin Ivanov,Match Report,,Ajax,Sparta Prague,2,1,0,0,,,,
Group stage,5,Tue,22-11-2005,,Barcelonaes,3–1,deWerder Bremen,,Camp Nou,Claus Bo Larsen,Match Report,,Barcelona,Werder Bremen,3,1,0,0,,,,
Group stage,5,Wed,23-11-2005,,Liverpooleng,0–0,esBetis,,Anfield,Éric Poulat,Match Report,,Liverpool,Betis,0,0,0,0,,,,
Group stage,5,Wed,23-11-2005,,Real Madrides,1–1,frLyon,,Estadio Santiago Bernabéu,Frank de Bleeckere,Match Report,,Real Madrid,Lyon,1,1,0,0,,,,
Group stage,5,Wed,23-11-2005,,Rosenborgno,1–1,grOlympiacos,,Lerkendal Stadion,Paul Allaerts,Match Report,,Rosenborg,Olympiacos,1,1,0,0,,,,
Group stage,5,Wed,23-11-2005,,Anderlechtbe,0–2,engChelsea,,Constant Vanden Stock Stadium,Stefano Farina,Match Report,,Anderlecht,Chelsea,0,2,0,0,,,,
Group stage,5,Wed,23-11-2005,,Portopt,1–1,sctRangers,,Estádio do Dragão,Herbert Fandel,Match Report,,Porto,Rangers,1,1,0,0,,,,
Group stage,5,Wed,23-11-2005,,Schalke 04de,3–0,nlPSV Eindhoven,,Stadion Gelsenkirchen,Ľuboš Michel,Match Report,,Schalke 04,PSV Eindhoven,3,0,0,0,,,,
Group stage,5,Wed,23-11-2005,,Fenerbahçetr,0–4,itMilan,,Şükrü Saracoğlu,Terje Hauge,Match Report,,Fenerbahçe,Milan,0,4,0,0,,,,
Group stage,5,Wed,23-11-2005,,Interit,4–0,skArtmedia,,Stadio Giuseppe Meazza,Mike Riley,Match Report,,Inter,Artmedia,4,0,0,0,,,,
,,,,,,,,,,,,,#VALUE!,,,,,,,,,
Group stage,6,Tue,06-12-2005,,Chelseaeng,0–0,engLiverpool,,Stamford Bridge,Herbert Fandel,Match Report,,Chelsea,Liverpool,0,0,0,0,,,,
Group stage,6,Tue,06-12-2005,,Betises,0–1,beAnderlecht,,Manuel Ruíz de Lopera,Darko Čeferin,Match Report,,Betis,Anderlecht,0,1,0,0,,,,
Group stage,6,Tue,06-12-2005,,Lyonfr,2–1,noRosenborg,,Stade de Gerland,Daudén Ibáñez,Match Report,,Lyon,Rosenborg,2,1,0,0,,,,
Group stage,6,Tue,06-12-2005,,Artmediask,0–0,ptPorto,,Tehelné Pole,Markus Merk,Match Report,,Artmedia,Porto,0,0,0,0,,,,
Group stage,6,Tue,06-12-2005,,Rangerssct,1–1,itInter,,Ibrox Stadium,Konrad Plautz,Match Report,,Rangers,Inter,1,1,0,0,,,,
Group stage,6,Tue,06-12-2005,,Milanit,3–2,deSchalke 04,,Stadio Giuseppe Meazza,Mejuto González,Match Report,,Milan,Schalke 04,3,2,0,0,,,,
Group stage,6,Tue,06-12-2005,,Olympiacosgr,2–1,esReal Madrid,,Stadio Georgios Karaiskakis,Kim Milton Nielsen,Match Report,,Olympiacos,Real Madrid,2,1,0,0,,,,
Group stage,6,Tue,06-12-2005,,PSV Eindhovennl,2–0,trFenerbahçe,,PSV Stadion,Éric Poulat,Match Report,,PSV Eindhoven,Fenerbahçe,2,0,0,0,,,,
Group stage,6,Wed,07-12-2005,,Benficapt,2–1,engManchester Utd,,Estádio do Sport Lisboa e Benfica,Kyros Vassaras,Match Report,,Benfica,Manchester Utd,2,1,0,0,,,,
Group stage,6,Wed,07-12-2005,,Arsenaleng,0–0,nlAjax,,Highbury,Iturralde González,Match Report,,Arsenal,Ajax,0,0,0,0,,,,
Group stage,6,Wed,07-12-2005,,Rapid Wienat,1–3,itJuventus,,Ernst,Jaroslav Jara,Match Report,,Rapid Wien,Juventus,1,3,0,0,,,,
Group stage,6,Wed,07-12-2005,,Werder Bremende,5–1,grPanathinaikos,,Weserstadion,Peter Fröjdfeldt,Match Report,,Werder Bremen,Panathinaikos,5,1,0,0,,,,
Group stage,6,Wed,07-12-2005,,Club Bruggebe,1–1,deBayern Munich,,Jan Breydelstadion,Laurent Duhamel,Match Report,,Club Brugge,Bayern Munich,1,1,0,0,,,,
Group stage,6,Wed,07-12-2005,,Udineseit,0–2,esBarcelona,,Stadio Friuli,Eric Braamhaar,Match Report,,Udinese,Barcelona,0,2,0,0,,,,
Group stage,6,Wed,07-12-2005,,Sparta Praguecz,0–0,chThun,,Stadion Letná,Mike Riley,Match Report,,Sparta Prague,Thun,0,0,0,0,,,,
Group stage,6,Wed,07-12-2005,,Villarreales,1–0,frLille,,Estadio El Madrigal,Valentin Ivanov,Match Report,,Villarreal,Lille,1,0,0,0,,,,
,,,,,,,,,,,,,#VALUE!,,,,,,,,,
Round of 16,,Tue,21-02-2006,,Benficapt,1–0,engLiverpool,,Estádio do Sport Lisboa e Benfica,Konrad Plautz,Match Report,Leg 1 of 2,Benfica,Liverpool,1,0,1,0,#VALUE!,#VALUE!,#VALUE!,#VALUE!
Round of 16,,Tue,21-02-2006,,Real Madrides,0–1,engArsenal,,Estadio Santiago Bernabéu,Stefano Farina,Match Report,Leg 1 of 2,Real Madrid,Arsenal,0,1,1,0,#VALUE!,#VALUE!,#VALUE!,#VALUE!
Round of 16,,Tue,21-02-2006,,Bayern Munichde,1–1,itMilan,,Fußball Arena München,Frank de Bleeckere,Match Report,Leg 1 of 2,Bayern Munich,Milan,1,1,1,0,#VALUE!,#VALUE!,#VALUE!,#VALUE!
Round of 16,,Tue,21-02-2006,,PSV Eindhovennl,0–1,frLyon,,PSV Stadion,Kyros Vassaras,Match Report,Leg 1 of 2,PSV Eindhoven,Lyon,0,1,1,0,#VALUE!,#VALUE!,#VALUE!,#VALUE!
Round of 16,,Wed,22-02-2006,,Chelseaeng,1–2,esBarcelona,,Stamford Bridge,Terje Hauge,Match Report,Leg 1 of 2,Chelsea,Barcelona,1,2,1,0,#VALUE!,#VALUE!,#VALUE!,#VALUE!
Round of 16,,Wed,22-02-2006,,Ajaxnl,2–2,itInter,,Amsterdam ArenA,Wolfgang Stark,Match Report,Leg 1 of 2,Ajax,Inter,2,2,1,0,#VALUE!,#VALUE!,#VALUE!,#VALUE!
Round of 16,,Wed,22-02-2006,,Rangerssct,2–2,esVillarreal,,Ibrox Stadium,Éric Poulat,Match Report,Leg 1 of 2,Rangers,Villarreal,2,2,1,0,#VALUE!,#VALUE!,#VALUE!,#VALUE!
Round of 16,,Wed,22-02-2006,,Werder Bremende,3–2,itJuventus,,Weserstadion,Mejuto González,Match Report,Leg 1 of 2,Werder Bremen,Juventus,3,2,1,0,#VALUE!,#VALUE!,#VALUE!,#VALUE!
Round of 16,,Tue,07-03-2006,,Juventusit,2–1,deWerder Bremen,,Delle Alpi,Graham Poll,Match Report,Leg 2 of 2; Juventus won,Juventus,Werder Bremen,2,1,0,1,#VALUE!,#VALUE!,#VALUE!,#VALUE!
Round of 16,,Tue,07-03-2006,,Villarreales,1–1,sctRangers,,Estadio El Madrigal,Alain Hamer,Match Report,Leg 2 of 2; Villarreal won,Villarreal,Rangers,1,1,0,1,#VALUE!,#VALUE!,#VALUE!,#VALUE!
Round of 16,,Tue,07-03-2006,,Barcelonaes,1–1,engChelsea,,Camp Nou,Markus Merk,Match Report,Leg 2 of 2; Barcelona won,Barcelona,Chelsea,1,1,0,1,#VALUE!,#VALUE!,#VALUE!,#VALUE!
Round of 16,,Wed,08-03-2006,,Milanit,4–1,deBayern Munich,,Stadio Giuseppe Meazza,Valentin Ivanov,Match Report,Leg 2 of 2; Milan won,Milan,Bayern Munich,4,1,0,1,#VALUE!,#VALUE!,#VALUE!,#VALUE!
Round of 16,,Wed,08-03-2006,,Lyonfr,4–0,nlPSV Eindhoven,,Stade de Gerland,Mike Riley,Match Report,Leg 2 of 2; Lyon won,Lyon,PSV Eindhoven,4,0,0,1,#VALUE!,#VALUE!,#VALUE!,#VALUE!
Round of 16,,Wed,08-03-2006,,Liverpooleng,0–2,ptBenfica,,Anfield,Massimo De Santis,Match Report,Leg 2 of 2; Benfica won,Liverpool,Benfica,0,2,0,1,#VALUE!,#VALUE!,#VALUE!,#VALUE!
Round of 16,,Wed,08-03-2006,,Arsenaleng,0–0,esReal Madrid,,Highbury,Ľuboš Michel,Match Report,Leg 2 of 2; Arsenal won,Arsenal,Real Madrid,0,0,0,1,#VALUE!,#VALUE!,#VALUE!,#VALUE!
Round of 16,,Tue,14-03-2006,,Interit,1–0,nlAjax,,Stadio Giuseppe Meazza,Peter Fröjdfeldt,Match Report,Leg 2 of 2; Inter won,Inter,Ajax,1,0,0,1,#VALUE!,#VALUE!,#VALUE!,#VALUE!
Quarter-finals,,Tue,28-03-2006,,Arsenaleng,2–0,itJuventus,,Highbury,Peter Fröjdfeldt,Match Report,Leg 1 of 2,Arsenal,Juventus,2,0,1,0,#VALUE!,#VALUE!,#VALUE!,#VALUE!
Quarter-finals,,Tue,28-03-2006,,Benficapt,0–0,esBarcelona,,Estádio do Sport Lisboa e Benfica,Stephen Bennett,Match Report,Leg 1 of 2,Benfica,Barcelona,0,0,1,0,#VALUE!,#VALUE!,#VALUE!,#VALUE!
Quarter-finals,,Wed,29-03-2006,,Lyonfr,0–0,itMilan,,Stade de Gerland,Konrad Plautz,Match Report,Leg 1 of 2,Lyon,Milan,0,0,1,0,#VALUE!,#VALUE!,#VALUE!,#VALUE!
Quarter-finals,,Wed,29-03-2006,,Interit,2–1,esVillarreal,,Stadio Giuseppe Meazza,Alain Sars,Match Report,Leg 1 of 2,Inter,Villarreal,2,1,1,0,#VALUE!,#VALUE!,#VALUE!,#VALUE!
Quarter-finals,,Tue,04-04-2006,,Villarreales,1–0,itInter,,Estadio El Madrigal,Kyros Vassaras,Match Report,Leg 2 of 2; Villarreal won,Villarreal,Inter,1,0,0,1,#VALUE!,#VALUE!,#VALUE!,#VALUE!
Quarter-finals,,Tue,04-04-2006,,Milanit,3–1,frLyon,,Stadio Giuseppe Meazza,Terje Hauge,Match Report,Leg 2 of 2; Milan won,Milan,Lyon,3,1,0,1,#VALUE!,#VALUE!,#VALUE!,#VALUE!
Quarter-finals,,Wed,05-04-2006,,Juventusit,0–0,engArsenal,,Delle Alpi,Herbert Fandel,Match Report,Leg 2 of 2; Arsenal won,Juventus,Arsenal,0,0,0,1,#VALUE!,#VALUE!,#VALUE!,#VALUE!
Quarter-finals,,Wed,05-04-2006,,Barcelonaes,2–0,ptBenfica,,Camp Nou,Ľuboš Michel,Match Report,Leg 2 of 2; Barcelona won,Barcelona,Benfica,2,0,0,1,#VALUE!,#VALUE!,#VALUE!,#VALUE!
Semi-finals,,Tue,18-04-2006,,Milanit,0–1,esBarcelona,,Stadio Giuseppe Meazza,Alain Sars,Match Report,Leg 1 of 2,Milan,Barcelona,0,1,1,0,#VALUE!,#VALUE!,#VALUE!,#VALUE!
Round,Wk,Day,Date,Time,Home,Score,Away,Attendance,Venue,Referee,Match Report,Notes,Ho,Away,Score,,0,0,#VALUE!,#VALUE!,#VALUE!,#VALUE!
Semi-finals,,Wed,19-04-2006,,Arsenaleng,1–0,esVillarreal,,Highbury,Konrad Plautz,Match Report,Leg 1 of 2,Arsenal,Villarreal,1,0,1,0,#VALUE!,#VALUE!,#VALUE!,#VALUE!
Semi-finals,,Tue,25-04-2006,,Villarreales,0–0,engArsenal,,Estadio El Madrigal,Valentin Ivanov,Match Report,Leg 2 of 2; Arsenal won,Villarreal,Arsenal,0,0,0,1,#VALUE!,#VALUE!,#VALUE!,#VALUE!
Semi-finals,,Wed,26-04-2006,,Barcelonaes,0–0,itMilan,,Camp Nou,Markus Merk,Match Report,Leg 2 of 2; Barcelona won,Barcelona,Milan,0,0,0,1,#VALUE!,#VALUE!,#VALUE!,#VALUE!
Final,,Wed,17-05-2006,,Barcelonaes,2–1,engArsenal,,Stade de France (Neutral Site),Terje Hauge,Match Report,,Barcelona,Arsenal,2,1,0,0,#VALUE!,#VALUE!,#VALUE!,#VALUE!