Round,Wk,Day,Date,Time,Home,Score,Away,Attendance,Venue,Referee,Match Report,Notes,Home_Clean,Away_Clean,Home_Score,Away_Score,Leg 1,Leg 2,Home_Score_2,Away_Score_2,Home_Pens,Away_Pens
Group stage,1,Tue,12-09-2006,,Romait,4–0,uaShakhtar,,Stadio Olimpico,Bertrand Layec,Match Report,,Roma,Shakhtar,4,0,0,0,,,,
Group stage,1,Tue,12-09-2006,,Olympiacosgr,2–4,esValencia,,Stadio Georgios Karaiskakis,Terje Hauge,Match Report,,Olympiacos,Valencia,2,4,0,0,,,,
Group stage,1,Tue,12-09-2006,,Sporting CPpt,1–0,itInter,,José Alvalade,Alain Hamer,Match Report,,Sporting CP,Inter,1,0,0,0,,,,
Group stage,1,Tue,12-09-2006,,Barcelonaes,5–0,bgLevski Sofia,,Camp Nou,Konrad Plautz,Match Report,,Barcelona,Levski Sofia,5,0,0,0,,,,
Group stage,1,Tue,12-09-2006,,Galatasaraytr,0–0,frBordeaux,,Atatürk Olimpiyat Stadium,Roberto Rosetti,Match Report,,Galatasaray,Bordeaux,0,0,0,0,,,,
Group stage,1,Tue,12-09-2006,,PSV Eindhovennl,0–0,engLiverpool,,PSV Stadion,Massimo Busacca,Match Report,,PSV Eindhoven,Liverpool,0,0,0,0,,,,
Group stage,1,Tue,12-09-2006,,Bayern Munichde,4–0,ruSpartak Moscow,,Fußball Arena München,Undiano Mallenco,Match Report,,Bayern Munich,Spartak Moscow,4,0,0,0,,,,
Group stage,1,Tue,12-09-2006,,Chelseaeng,2–0,deWerder Bremen,,Stamford Bridge,Kyros Vassaras,Match Report,,Chelsea,Werder Bremen,2,0,0,0,,,,
Group stage,1,Wed,13-09-2006,,Portopt,0–0,ruCSKA Moscow,,Estádio do Dragão,Tom Henning Øvrebø,Match Report,,Porto,CSKA Moscow,0,0,0,0,,,,
Group stage,1,Wed,13-09-2006,,FC Copenhagendk,0–0,ptBenfica,,FC København Stadium,Iouri Baskakov,Match Report,,FC Copenhagen,Benfica,0,0,0,0,,,,
Group stage,1,Wed,13-09-2006,,Anderlechtbe,1–1,frLille,,Constant Vanden Stock Stadium,Stuart Dougal,Match Report,,Anderlecht,Lille,1,1,0,0,,,,
Group stage,1,Wed,13-09-2006,,Hamburger SVde,1–2,engArsenal,,Hamburg Arena,Peter Fröjdfeldt,Match Report,,Hamburger SV,Arsenal,1,2,0,0,,,,
Group stage,1,Wed,13-09-2006,,Dynamo Kyivua,1–4,roSteaua,,NSK Olimpiyskyi,Paul Allaerts,Match Report,,Dynamo Kyiv,Steaua,1,4,0,0,,,,
Group stage,1,Wed,13-09-2006,,Lyonfr,2–0,esReal Madrid,,Stade de Gerland,Wolfgang Stark,Match Report,,Lyon,Real Madrid,2,0,0,0,,,,
Group stage,1,Wed,13-09-2006,,Manchester Utdeng,3–2,sctCeltic,,Old Trafford,Ľuboš Michel,Match Report,,Manchester Utd,Celtic,3,2,0,0,,,,
Group stage,1,Wed,13-09-2006,,Milanit,3–0,grAEK Athens,,Stadio Giuseppe Meazza,Mike Riley,Match Report,,Milan,AEK Athens,3,0,0,0,,,,
,,,,,,,,,,,,,#VALUE!,,,,,,,,,
Group stage,2,Tue,26-09-2006,,Steauaro,0–3,frLyon,,Stadionul Steaua,Howard Webb,Match Report,,Steaua,Lyon,0,3,0,0,,,,
Group stage,2,Tue,26-09-2006,,AEK Athensgr,1–1,beAnderlecht,,OAKA Spiros Louis,Claus Bo Larsen,Match Report,,AEK Athens,Anderlecht,1,1,0,0,,,,
Group stage,2,Tue,26-09-2006,,Real Madrides,5–1,uaDynamo Kyiv,,Estadio Santiago Bernabéu,Graham Poll,Match Report,,Real Madrid,Dynamo Kyiv,5,1,0,0,,,,
Group stage,2,Tue,26-09-2006,,Celticsct,1–0,dkFC Copenhagen,,Celtic Park,Florian Meyer,Match Report,,Celtic,FC Copenhagen,1,0,0,0,,,,
Group stage,2,Tue,26-09-2006,,Arsenaleng,2–0,ptPorto,,Arsenal Stadium,Stefano Farina,Match Report,,Arsenal,Porto,2,0,0,0,,,,
Group stage,2,Tue,26-09-2006,,CSKA Moscowru,1–0,deHamburger SV,,Stadion Lokomotiv,Jan Wegereef,Match Report,,CSKA Moscow,Hamburger SV,1,0,0,0,,,,
Group stage,2,Tue,26-09-2006,,Benficapt,0–1,engManchester Utd,,Estádio do Sport Lisboa e Benfica,Frank de Bleeckere,Match Report,,Benfica,Manchester Utd,0,1,0,0,,,,
Group stage,2,Tue,26-09-2006,,Lillefr,0–0,itMilan,,Stade Bollaert,Mejuto González,Match Report,,Lille,Milan,0,0,0,0,,,,
Group stage,2,Wed,27-09-2006,,Bordeauxfr,0–1,nlPSV Eindhoven,,Stade Chaban,Olegário Benquerença,Match Report,,Bordeaux,PSV Eindhoven,0,1,0,0,,,,
Group stage,2,Wed,27-09-2006,,Interit,0–2,deBayern Munich,,Stadio Giuseppe Meazza,Stephen Bennett,Match Report,,Inter,Bayern Munich,0,2,0,0,,,,
Group stage,2,Wed,27-09-2006,,Levski Sofiabg,1–3,engChelsea,,Natsionalen Stadion Vasil Levski,Laurent Duhamel,Match Report,,Levski Sofia,Chelsea,1,3,0,0,,,,
Group stage,2,Wed,27-09-2006,,Valenciaes,2–1,itRoma,,Estadi de Mestalla,Herbert Fandel,Match Report,,Valencia,Roma,2,1,0,0,,,,
Group stage,2,Wed,27-09-2006,,Liverpooleng,3–2,trGalatasaray,,Anfield,Medina Cantalejo,Match Report,,Liverpool,Galatasaray,3,2,0,0,,,,
Group stage,2,Wed,27-09-2006,,Werder Bremende,1–1,esBarcelona,,Weserstadion,Roberto Rosetti,Match Report,,Werder Bremen,Barcelona,1,1,0,0,,,,
Group stage,2,Wed,27-09-2006,,Shakhtarua,2–2,grOlympiacos,,RSC Olympiyskiy Stadium,Eric Braamhaar,Match Report,,Shakhtar,Olympiacos,2,2,0,0,,,,
Group stage,2,Wed,27-09-2006,,Spartak Moscowru,1–1,ptSporting CP,,Stadion Luzhniki,Martin Hansson,Match Report,,Spartak Moscow,Sporting CP,1,1,0,0,,,,
,,,,,,,,,,,,,#VALUE!,,,,,,,,,
Group stage,3,Tue,17-10-2006,,Manchester Utdeng,3–0,dkFC Copenhagen,,Old Trafford,Jan Wegereef,Match Report,,Manchester Utd,FC Copenhagen,3,0,0,0,,,,
Group stage,3,Tue,17-10-2006,,Anderlechtbe,0–1,itMilan,,Constant Vanden Stock Stadium,Medina Cantalejo,Match Report,,Anderlecht,Milan,0,1,0,0,,,,
Group stage,3,Tue,17-10-2006,,CSKA Moscowru,1–0,engArsenal,,Stadion Lokomotiv,Mejuto González,Match Report,,CSKA Moscow,Arsenal,1,0,0,0,,,,
Group stage,3,Tue,17-10-2006,,Celticsct,3–0,ptBenfica,,Celtic Park,Eric Braamhaar,Match Report,,Celtic,Benfica,3,0,0,0,,,,
Group stage,3,Tue,17-10-2006,,Portopt,4–1,deHamburger SV,,Estádio do Dragão,Alain Hamer,Match Report,,Porto,Hamburger SV,4,1,0,0,,,,
Group stage,3,Tue,17-10-2006,,Steauaro,1–4,esReal Madrid,,Stadionul Steaua,Roberto Rosetti,Match Report,,Steaua,Real Madrid,1,4,0,0,,,,
Group stage,3,Tue,17-10-2006,,Dynamo Kyivua,0–3,frLyon,,NSK Olimpiyskyi,Domenico Messina,Match Report,,Dynamo Kyiv,Lyon,0,3,0,0,,,,
Group stage,3,Tue,17-10-2006,,Lillefr,3–1,grAEK Athens,,Stade Félix,Florian Meyer,Match Report,,Lille,AEK Athens,3,1,0,0,,,,
Group stage,3,Wed,18-10-2006,,Bordeauxfr,0–1,engLiverpool,,Stade Chaban,Tom Henning Øvrebø,Match Report,,Bordeaux,Liverpool,0,1,0,0,,,,
Group stage,3,Wed,18-10-2006,,Werder Bremende,2–0,bgLevski Sofia,,Weserstadion,Paul Allaerts,Match Report,,Werder Bremen,Levski Sofia,2,0,0,0,,,,
Group stage,3,Wed,18-10-2006,,Chelseaeng,1–0,esBarcelona,,Stamford Bridge,Frank de Bleeckere,Match Report,,Chelsea,Barcelona,1,0,0,0,,,,
Group stage,3,Wed,18-10-2006,,Galatasaraytr,1–2,nlPSV Eindhoven,,Atatürk Olimpiyat Stadium,Iouri Baskakov,Match Report,,Galatasaray,PSV Eindhoven,1,2,0,0,,,,
Group stage,3,Wed,18-10-2006,,Valenciaes,2–0,uaShakhtar,,Estadi de Mestalla,Mike Riley,Match Report,,Valencia,Shakhtar,2,0,0,0,,,,
Group stage,3,Wed,18-10-2006,,Sporting CPpt,0–1,deBayern Munich,,José Alvalade,Terje Hauge,Match Report,,Sporting CP,Bayern Munich,0,1,0,0,,,,
Group stage,3,Wed,18-10-2006,,Interit,2–1,ruSpartak Moscow,,Stadio Giuseppe Meazza,Bertrand Layec,Match Report,,Inter,Spartak Moscow,2,1,0,0,,,,
Group stage,3,Wed,18-10-2006,,Olympiacosgr,0–1,itRoma,,Stadio Georgios Karaiskakis,Graham Poll,Match Report,,Olympiacos,Roma,0,1,0,0,,,,
,,,,,,,,,,,,,#VALUE!,,,,,,,,,
Group stage,4,Tue,31-10-2006,,Bayern Munichde,0–0,ptSporting CP,,Fußball Arena München,Massimo Busacca,Match Report,,Bayern Munich,Sporting CP,0,0,0,0,,,,
Group stage,4,Tue,31-10-2006,,Romait,1–1,grOlympiacos,,Stadio Olimpico,Olegário Benquerença,Match Report,,Roma,Olympiacos,1,1,0,0,,,,
Group stage,4,Tue,31-10-2006,,Levski Sofiabg,0–3,deWerder Bremen,,Natsionalen Stadion Vasil Levski,Matteo Trefoloni,Match Report,,Levski Sofia,Werder Bremen,0,3,0,0,,,,
Group stage,4,Tue,31-10-2006,,Liverpooleng,3–0,frBordeaux,,Anfield,Markus Merk,Match Report,,Liverpool,Bordeaux,3,0,0,0,,,,
Group stage,4,Tue,31-10-2006,,Spartak Moscowru,0–1,itInter,,Stadion Luzhniki,Claus Bo Larsen,Match Report,,Spartak Moscow,Inter,0,1,0,0,,,,
Group stage,4,Tue,31-10-2006,,PSV Eindhovennl,2–0,trGalatasaray,,PSV Stadion,Martin Hansson,Match Report,,PSV Eindhoven,Galatasaray,2,0,0,0,,,,
Group stage,4,Tue,31-10-2006,,Barcelonaes,2–2,engChelsea,,Camp Nou,Stefano Farina,Match Report,,Barcelona,Chelsea,2,2,0,0,,,,
Group stage,4,Tue,31-10-2006,,Shakhtarua,2–2,esValencia,,RSC Olympiyskiy Stadium,Peter Fröjdfeldt,Match Report,,Shakhtar,Valencia,2,2,0,0,,,,
Group stage,4,Wed,01-11-2006,,Milanit,4–1,beAnderlecht,,Stadio Giuseppe Meazza,Herbert Fandel,Match Report,,Milan,Anderlecht,4,1,0,0,,,,
Group stage,4,Wed,01-11-2006,,Real Madrides,1–0,roSteaua,,Estadio Santiago Bernabéu,Konrad Plautz,Match Report,,Real Madrid,Steaua,1,0,0,0,,,,
Group stage,4,Wed,01-11-2006,,FC Copenhagendk,1–0,engManchester Utd,,FC København Stadium,Wolfgang Stark,Match Report,,FC Copenhagen,Manchester Utd,1,0,0,0,,,,
Group stage,4,Wed,01-11-2006,,Hamburger SVde,1–3,ptPorto,,Hamburg Arena,Laurent Duhamel,Match Report,,Hamburger SV,Porto,1,3,0,0,,,,
Group stage,4,Wed,01-11-2006,,Arsenaleng,0–0,ruCSKA Moscow,,Arsenal Stadium,Ľuboš Michel,Match Report,,Arsenal,CSKA Moscow,0,0,0,0,,,,
Group stage,4,Wed,01-11-2006,,Lyonfr,1–0,uaDynamo Kyiv,,Stade de Gerland,Pieter Vink,Match Report,,Lyon,Dynamo Kyiv,1,0,0,0,,,,
Group stage,4,Wed,01-11-2006,,Benficapt,3–0,sctCeltic,,Estádio do Sport Lisboa e Benfica,Kyros Vassaras,Match Report,,Benfica,Celtic,3,0,0,0,,,,
Group stage,4,Wed,01-11-2006,,AEK Athensgr,1–0,frLille,,OAKA Spiros Louis,Stephen Bennett,Match Report,,AEK Athens,Lille,1,0,0,0,,,,
,,,,,,,,,,,,,#VALUE!,,,,,,,,,
Group stage,5,Tue,21-11-2006,,CSKA Moscowru,0–2,ptPorto,,Stadion Lokomotiv,Kyros Vassaras,Match Report,,CSKA Moscow,Porto,0,2,0,0,,,,
Group stage,5,Tue,21-11-2006,,Lillefr,2–2,beAnderlecht,,Stade Bollaert,Tom Henning Øvrebø,Match Report,,Lille,Anderlecht,2,2,0,0,,,,
Group stage,5,Tue,21-11-2006,,Arsenaleng,3–1,deHamburger SV,,Arsenal Stadium,Claus Bo Larsen,Match Report,,Arsenal,Hamburger SV,3,1,0,0,,,,
Group stage,5,Tue,21-11-2006,,AEK Athensgr,1–0,itMilan,,OAKA Spiros Louis,Eric Braamhaar,Match Report,,AEK Athens,Milan,1,0,0,0,,,,
Group stage,5,Tue,21-11-2006,,Celticsct,1–0,engManchester Utd,,Celtic Park,Mejuto González,Match Report,,Celtic,Manchester Utd,1,0,0,0,,,,
Group stage,5,Tue,21-11-2006,,Real Madrides,2–2,frLyon,,Estadio Santiago Bernabéu,Terje Hauge,Match Report,,Real Madrid,Lyon,2,2,0,0,,,,
Group stage,5,Tue,21-11-2006,,Steauaro,1–1,uaDynamo Kyiv,,Stadionul Steaua,Jaroslav Jara,Match Report,,Steaua,Dynamo Kyiv,1,1,0,0,,,,
Group stage,5,Tue,21-11-2006,,Benficapt,3–1,dkFC Copenhagen,,Estádio do Sport Lisboa e Benfica,Roberto Rosetti,Match Report,,Benfica,FC Copenhagen,3,1,0,0,,,,
Group stage,5,Wed,22-11-2006,,Bordeauxfr,3–1,trGalatasaray,,Stade Chaban,Vladimir Hrinak,Match Report,,Bordeaux,Galatasaray,3,1,0,0,,,,
Group stage,5,Wed,22-11-2006,,Werder Bremende,1–0,engChelsea,,Weserstadion,Ľuboš Michel,Match Report,,Werder Bremen,Chelsea,1,0,0,0,,,,
Group stage,5,Wed,22-11-2006,,Levski Sofiabg,0–2,esBarcelona,,Natsionalen Stadion Vasil Levski,Iouri Baskakov,Match Report,,Levski Sofia,Barcelona,0,2,0,0,,,,
Group stage,5,Wed,22-11-2006,,Valenciaes,2–0,grOlympiacos,,Estadi de Mestalla,Laurent Duhamel,Match Report,,Valencia,Olympiacos,2,0,0,0,,,,
Group stage,5,Wed,22-11-2006,,Shakhtarua,1–0,itRoma,,RSC Olympiyskiy Stadium,Wolfgang Stark,Match Report,,Shakhtar,Roma,1,0,0,0,,,,
Group stage,5,Wed,22-11-2006,,Interit,1–0,ptSporting CP,,Stadio Giuseppe Meazza,Frank de Bleeckere,Match Report,,Inter,Sporting CP,1,0,0,0,,,,
Group stage,5,Wed,22-11-2006,,Liverpooleng,2–0,nlPSV Eindhoven,,Anfield,Domenico Messina,Match Report,,Liverpool,PSV Eindhoven,2,0,0,0,,,,
Group stage,5,Wed,22-11-2006,,Spartak Moscowru,2–2,deBayern Munich,,Stadion Luzhniki,Grzegorz Gilewski,Match Report,,Spartak Moscow,Bayern Munich,2,2,0,0,,,,
,,,,,,,,,,,,,#VALUE!,,,,,,,,,
Group stage,6,Tue,05-12-2006,,Olympiacosgr,1–1,uaShakhtar,,Stadio Georgios Karaiskakis,Stephen Bennett,Match Report,,Olympiacos,Shakhtar,1,1,0,0,,,,
Group stage,6,Tue,05-12-2006,,Bayern Munichde,1–1,itInter,,Fußball Arena München,Medina Cantalejo,Match Report,,Bayern Munich,Inter,1,1,0,0,,,,
Group stage,6,Tue,05-12-2006,,PSV Eindhovennl,1–3,frBordeaux,,PSV Stadion,Iturralde González,Match Report,,PSV Eindhoven,Bordeaux,1,3,0,0,,,,
Group stage,6,Tue,05-12-2006,,Galatasaraytr,3–2,engLiverpool,,Atatürk Olimpiyat Stadium,Olegário Benquerença,Match Report,,Galatasaray,Liverpool,3,2,0,0,,,,
Group stage,6,Tue,05-12-2006,,Chelseaeng,2–0,bgLevski Sofia,,Stamford Bridge,Alain Hamer,Match Report,,Chelsea,Levski Sofia,2,0,0,0,,,,
Group stage,6,Tue,05-12-2006,,Romait,1–0,esValencia,,Stadio Olimpico,Konrad Plautz,Match Report,,Roma,Valencia,1,0,0,0,,,,
Group stage,6,Tue,05-12-2006,,Barcelonaes,2–0,deWerder Bremen,,Camp Nou,Massimo Busacca,Match Report,,Barcelona,Werder Bremen,2,0,0,0,,,,
Group stage,6,Tue,05-12-2006,,Sporting CPpt,1–3,ruSpartak Moscow,,José Alvalade,Nicolai Vollquartz,Match Report,,Sporting CP,Spartak Moscow,1,3,0,0,,,,
Group stage,6,Wed,06-12-2006,,Milanit,0–2,frLille,,Stadio Giuseppe Meazza,Graham Poll,Match Report,,Milan,Lille,0,2,0,0,,,,
Group stage,6,Wed,06-12-2006,,Anderlechtbe,2–2,grAEK Athens,,Constant Vanden Stock Stadium,Peter Fröjdfeldt,Match Report,,Anderlecht,AEK Athens,2,2,0,0,,,,
Group stage,6,Wed,06-12-2006,,Manchester Utdeng,3–1,ptBenfica,,Old Trafford,Herbert Fandel,Match Report,,Manchester Utd,Benfica,3,1,0,0,,,,
Group stage,6,Wed,06-12-2006,,FC Copenhagendk,3–1,sctCeltic,,FC København Stadium,Bertrand Layec,Match Report,,FC Copenhagen,Celtic,3,1,0,0,,,,
Group stage,6,Wed,06-12-2006,,Dynamo Kyivua,2–2,esReal Madrid,,NSK Olimpiyskyi,Mike Riley,Match Report,,Dynamo Kyiv,Real Madrid,2,2,0,0,,,,
Group stage,6,Wed,06-12-2006,,Hamburger SVde,3–2,ruCSKA Moscow,,Hamburg Arena,Stefano Farina,Match Report,,Hamburger SV,CSKA Moscow,3,2,0,0,,,,
Group stage,6,Wed,06-12-2006,,Lyonfr,1–1,roSteaua,,Stade de Gerland,Darko Čeferin,Match Report,,Lyon,Steaua,1,1,0,0,,,,
Group stage,6,Wed,06-12-2006,,Portopt,0–0,engArsenal,,Estádio do Dragão,Markus Merk,Match Report,,Porto,Arsenal,0,0,0,0,,,,
,,,,,,,,,,,,,#VALUE!,,,,,,,,,
Round of 16,,Tue,20-02-2007,,Lillefr,0–1,engManchester Utd,,Stade Félix,Eric Braamhaar,Match Report,Leg 1 of 2,Lille,Manchester Utd,0,1,1,0,#VALUE!,#VALUE!,#VALUE!,#VALUE!
Round of 16,,Tue,20-02-2007,,Real Madrides,3–2,deBayern Munich,,Estadio Santiago Bernabéu,Frank de Bleeckere,Match Report,Leg 1 of 2,Real Madrid,Bayern Munich,3,2,1,0,#VALUE!,#VALUE!,#VALUE!,#VALUE!
Round of 16,,Tue,20-02-2007,,Celticsct,0–0,itMilan,,Celtic Park,Terje Hauge,Match Report,Leg 1 of 2,Celtic,Milan,0,0,1,0,#VALUE!,#VALUE!,#VALUE!,#VALUE!
Round of 16,,Tue,20-02-2007,,PSV Eindhovennl,1–0,engArsenal,,PSV Stadion,Tom Henning Øvrebø,Match Report,Leg 1 of 2,PSV Eindhoven,Arsenal,1,0,1,0,#VALUE!,#VALUE!,#VALUE!,#VALUE!
Round of 16,,Wed,21-02-2007,,Portopt,1–1,engChelsea,,Estádio do Dragão,Massimo Busacca,Match Report,Leg 1 of 2,Porto,Chelsea,1,1,1,0,#VALUE!,#VALUE!,#VALUE!,#VALUE!
Round of 16,,Wed,21-02-2007,,Barcelonaes,1–2,engLiverpool,,Camp Nou,Kyros Vassaras,Match Report,Leg 1 of 2,Barcelona,Liverpool,1,2,1,0,#VALUE!,#VALUE!,#VALUE!,#VALUE!
Round of 16,,Wed,21-02-2007,,Romait,0–0,frLyon,,Stadio Olimpico,Mike Riley,Match Report,Leg 1 of 2,Roma,Lyon,0,0,1,0,#VALUE!,#VALUE!,#VALUE!,#VALUE!
Round of 16,,Wed,21-02-2007,,Interit,2–2,esValencia,,Stadio Giuseppe Meazza,Martin Hansson,Match Report,Leg 1 of 2,Inter,Valencia,2,2,1,0,#VALUE!,#VALUE!,#VALUE!,#VALUE!
Round of 16,,Tue,06-03-2007,,Valenciaes,0–0,itInter,,Estadi de Mestalla,Wolfgang Stark,Match Report,Leg 2 of 2; Valencia won,Valencia,Inter,0,0,0,1,#VALUE!,#VALUE!,#VALUE!,#VALUE!
Round of 16,,Tue,06-03-2007,,Lyonfr,0–2,itRoma,,Stade de Gerland,Mejuto González,Match Report,Leg 2 of 2; Roma won,Lyon,Roma,0,2,0,1,#VALUE!,#VALUE!,#VALUE!,#VALUE!
Round of 16,,Tue,06-03-2007,,Liverpooleng,0–1,esBarcelona,,Anfield,Herbert Fandel,Match Report,Leg 2 of 2; Liverpool won,Liverpool,Barcelona,0,1,0,1,#VALUE!,#VALUE!,#VALUE!,#VALUE!
Round of 16,,Tue,06-03-2007,,Chelseaeng,2–1,ptPorto,,Stamford Bridge,Roberto Rosetti,Match Report,Leg 2 of 2; Chelsea won,Chelsea,Porto,2,1,0,1,#VALUE!,#VALUE!,#VALUE!,#VALUE!
Round of 16,,Wed,07-03-2007,,Milanit,1–0,sctCeltic,,Stadio Giuseppe Meazza,Konrad Plautz,Match Report,Leg 2 of 2; Milan won; Required Extra Time,Milan,Celtic,1,0,0,1,#VALUE!,#VALUE!,#VALUE!,#VALUE!
Round of 16,,Wed,07-03-2007,,Manchester Utdeng,1–0,frLille,,Old Trafford,Medina Cantalejo,Match Report,Leg 2 of 2; Manchester Utd won,Manchester Utd,Lille,1,0,0,1,#VALUE!,#VALUE!,#VALUE!,#VALUE!
Round of 16,,Wed,07-03-2007,,Bayern Munichde,2–1,esReal Madrid,,Fußball Arena München,Ľuboš Michel,Match Report,Leg 2 of 2; Bayern Munich won,Bayern Munich,Real Madrid,2,1,0,1,#VALUE!,#VALUE!,#VALUE!,#VALUE!
Round of 16,,Wed,07-03-2007,,Arsenaleng,1–1,nlPSV Eindhoven,,Arsenal Stadium,Alain Hamer,Match Report,Leg 2 of 2; PSV Eindhoven won,Arsenal,PSV Eindhoven,1,1,0,1,#VALUE!,#VALUE!,#VALUE!,#VALUE!
Quarter-finals,,Tue,03-04-2007,,PSV Eindhovennl,0–3,engLiverpool,,PSV Stadion,Bertrand Layec,Match Report,Leg 1 of 2,PSV Eindhoven,Liverpool,0,3,1,0,#VALUE!,#VALUE!,#VALUE!,#VALUE!
Quarter-finals,,Tue,03-04-2007,,Milanit,2–2,deBayern Munich,,Stadio Giuseppe Meazza,Iouri Baskakov,Match Report,Leg 1 of 2,Milan,Bayern Munich,2,2,1,0,#VALUE!,#VALUE!,#VALUE!,#VALUE!
Quarter-finals,,Wed,04-04-2007,,Romait,2–1,engManchester Utd,,Stadio Olimpico,Herbert Fandel,Match Report,Leg 1 of 2,Roma,Manchester Utd,2,1,1,0,#VALUE!,#VALUE!,#VALUE!,#VALUE!
Quarter-finals,,Wed,04-04-2007,,Chelseaeng,1–1,esValencia,,Stamford Bridge,Frank de Bleeckere,Match Report,Leg 1 of 2,Chelsea,Valencia,1,1,1,0,#VALUE!,#VALUE!,#VALUE!,#VALUE!
Quarter-finals,,Tue,10-04-2007,,Manchester Utdeng,7–1,itRoma,,Old Trafford,Ľuboš Michel,Match Report,Leg 2 of 2; Manchester Utd won,Manchester Utd,Roma,7,1,0,1,#VALUE!,#VALUE!,#VALUE!,#VALUE!
Quarter-finals,,Tue,10-04-2007,,Valenciaes,1–2,engChelsea,,Estadi de Mestalla,Kyros Vassaras,Match Report,Leg 2 of 2; Chelsea won,Valencia,Chelsea,1,2,0,1,#VALUE!,#VALUE!,#VALUE!,#VALUE!
Quarter-finals,,Wed,11-04-2007,,Liverpooleng,1–0,nlPSV Eindhoven,,Anfield,Roberto Rosetti,Match Report,Leg 2 of 2; Liverpool won,Liverpool,PSV Eindhoven,1,0,0,1,#VALUE!,#VALUE!,#VALUE!,#VALUE!
Quarter-finals,,Wed,11-04-2007,,Bayern Munichde,0–2,itMilan,,Fußball Arena München,Mejuto González,Match Report,Leg 2 of 2; Milan won,Bayern Munich,Milan,0,2,0,1,#VALUE!,#VALUE!,#VALUE!,#VALUE!
Semi-finals,,Tue,24-04-2007,,Manchester Utdeng,3–2,itMilan,,Old Trafford,Kyros Vassaras,Match Report,Leg 1 of 2,Manchester Utd,Milan,3,2,1,0,#VALUE!,#VALUE!,#VALUE!,#VALUE!
Round,Wk,Day,Date,Time,Home,Score,Away,Attendance,Venue,Referee,Match Report,Notes,Ho,Away,Score,,0,0,#VALUE!,#VALUE!,#VALUE!,#VALUE!
Semi-finals,,Wed,25-04-2007,,Chelseaeng,1–0,engLiverpool,,Stamford Bridge,Markus Merk,Match Report,Leg 1 of 2,Chelsea,Liverpool,1,0,1,0,#VALUE!,#VALUE!,#VALUE!,#VALUE!
Semi-finals,,Tue,01-05-2007,,Liverpooleng,(4)1–0(1),engChelsea,,Anfield,Mejuto González,Match Report,"Leg 2 of 2; Liverpool won; Liverpool won on penalty kicks following extra 
time",Liverpool,Chelsea,(4)1,0(1),0,1,1,0,4,1
Semi-finals,,Wed,02-05-2007,,Milanit,3–0,engManchester Utd,,Stadio Giuseppe Meazza,Frank de Bleeckere,Match Report,Leg 2 of 2; Milan won,Milan,Manchester Utd,3,0,0,1,#VALUE!,#VALUE!,#VALUE!,#VALUE!
Final,,Wed,23-05-2007,,Milanit,2–1,engLiverpool,,OAKA Spiros Louis (Neutral Site),Herbert Fandel,Match Report,,Milan,Liverpool,2,1,0,0,#VALUE!,#VALUE!,#VALUE!,#VALUE!