Round,Wk,Day,Date,Time,Home,Score,Away,Attendance,Venue,Referee,Match Report,Notes,Home_Clean,Away_Clean,Home_Score,Away_Score,Leg 1,Leg 2,Home_Score_2,Away_Score_2,Home_Pens,Away_Pens
Group stage,1,Tue,18-09-2007,,Olympiacosgr,1–1,itLazio,,Stadio Georgios Karaiskakis,Eric Braamhaar,Match Report,,Olympiacos,Lazio,1,1,0,0,,,,
Group stage,1,Tue,18-09-2007,,Marseillefr,2–0,trBeşiktaş,,Stade Vélodrome,Matteo Trefoloni,Match Report,,Marseille,Beşiktaş,2,0,0,0,,,,
Group stage,1,Tue,18-09-2007,,Schalke 04de,0–1,esValencia,,Arena AufSchalke,Jan Wegereef,Match Report,,Schalke 04,Valencia,0,1,0,0,,,,
Group stage,1,Tue,18-09-2007,,Portopt,1–1,engLiverpool,,Estádio do Dragão,Ľuboš Michel,Match Report,,Porto,Liverpool,1,1,0,0,,,,
Group stage,1,Tue,18-09-2007,,Shakhtarua,2–0,sctCeltic,,RSC Olympiyskiy Stadium,Undiano Mallenco,Match Report,,Shakhtar,Celtic,2,0,0,0,,,,
Group stage,1,Tue,18-09-2007,,Chelseaeng,1–1,noRosenborg,,Stamford Bridge,Laurent Duhamel,Match Report,,Chelsea,Rosenborg,1,1,0,0,,,,
Group stage,1,Tue,18-09-2007,,Milanit,2–1,ptBenfica,,Stadio Giuseppe Meazza,Mike Riley,Match Report,,Milan,Benfica,2,1,0,0,,,,
Group stage,1,Tue,18-09-2007,,Real Madrides,2–1,deWerder Bremen,,Estadio Santiago Bernabéu,Howard Webb,Match Report,,Real Madrid,Werder Bremen,2,1,0,0,,,,
Group stage,1,Wed,19-09-2007,,Romait,2–0,uaDynamo Kyiv,,Stadio Olimpico,Alain Hamer,Match Report,,Roma,Dynamo Kyiv,2,0,0,0,,,,
Group stage,1,Wed,19-09-2007,,Sporting CPpt,0–1,engManchester Utd,,José Alvalade,Herbert Fandel,Match Report,,Sporting CP,Manchester Utd,0,1,0,0,,,,
Group stage,1,Wed,19-09-2007,,PSV Eindhovennl,2–1,ruCSKA Moscow,,PSV Stadion,Pedro Proença,Match Report,,PSV Eindhoven,CSKA Moscow,2,1,0,0,,,,
Group stage,1,Wed,19-09-2007,,Barcelonaes,3–0,frLyon,,Camp Nou,Massimo Busacca,Match Report,,Barcelona,Lyon,3,0,0,0,,,,
Group stage,1,Wed,19-09-2007,,Arsenaleng,3–0,esSevilla,,Arsenal Stadium,Peter Fröjdfeldt,Match Report,,Arsenal,Sevilla,3,0,0,0,,,,
Group stage,1,Wed,19-09-2007,,Slavia Praguecz,2–1,roSteaua,,Evžena Rošického,Olegário Benquerença,Match Report,,Slavia Prague,Steaua,2,1,0,0,,,,
Group stage,1,Wed,19-09-2007,,Fenerbahçetr,1–0,itInter,,Şükrü Saracoğlu,Medina Cantalejo,Match Report,,Fenerbahçe,Inter,1,0,0,0,,,,
Group stage,1,Wed,19-09-2007,,Rangerssct,2–1,deStuttgart,,Ibrox Stadium,Stefano Farina,Match Report,,Rangers,Stuttgart,2,1,0,0,,,,
,,,,,,,,,,,,,#VALUE!,,,,,,,,,
Group stage,2,Tue,02-10-2007,,Sevillaes,4–2,czSlavia Prague,,Estadio Ramón Sánchez Pizjuán,Iouri Baskakov,Match Report,,Sevilla,Slavia Prague,4,2,0,0,,,,
Group stage,2,Tue,02-10-2007,,CSKA Moscowru,2–2,trFenerbahçe,,Stadion Lokomotiv,Knut Kircher,Match Report,,CSKA Moscow,Fenerbahçe,2,2,0,0,,,,
Group stage,2,Tue,02-10-2007,,Stuttgartde,0–2,esBarcelona,,VfB Arena,Martin Hansson,Match Report,,Stuttgart,Barcelona,0,2,0,0,,,,
Group stage,2,Tue,02-10-2007,,Dynamo Kyivua,1–2,ptSporting CP,,Stadion Dynamo im. Valeriy Lobanovskiy,Bertrand Layec,Match Report,,Dynamo Kyiv,Sporting CP,1,2,0,0,,,,
Group stage,2,Tue,02-10-2007,,Interit,2–0,nlPSV Eindhoven,,Stadio Giuseppe Meazza,Kyros Vassaras,Match Report,,Inter,PSV Eindhoven,2,0,0,0,,,,
Group stage,2,Tue,02-10-2007,,Steauaro,0–1,engArsenal,,Stadionul Steaua,Terje Hauge,Match Report,,Steaua,Arsenal,0,1,0,0,,,,
Group stage,2,Tue,02-10-2007,,Lyonfr,0–3,sctRangers,,Stade de Gerland,Tom Henning Øvrebø,Match Report,,Lyon,Rangers,0,3,0,0,,,,
Group stage,2,Tue,02-10-2007,,Manchester Utdeng,1–0,itRoma,,Old Trafford,Mejuto González,Match Report,,Manchester Utd,Roma,1,0,0,0,,,,
Group stage,2,Wed,03-10-2007,,Werder Bremende,1–3,grOlympiacos,,Weserstadion,Claus Bo Larsen,Match Report,,Werder Bremen,Olympiacos,1,3,0,0,,,,
Group stage,2,Wed,03-10-2007,,Valenciaes,1–2,engChelsea,,Estadi de Mestalla,Roberto Rosetti,Match Report,,Valencia,Chelsea,1,2,0,0,,,,
Group stage,2,Wed,03-10-2007,,Celticsct,2–1,itMilan,,Celtic Park,Markus Merk,Match Report,,Celtic,Milan,2,1,0,0,,,,
Group stage,2,Wed,03-10-2007,,Lazioit,2–2,esReal Madrid,,Stadio Olimpico,Frank de Bleeckere,Match Report,,Lazio,Real Madrid,2,2,0,0,,,,
Group stage,2,Wed,03-10-2007,,Rosenborgno,0–2,deSchalke 04,,Lerkendal Stadion,Grzegorz Gilewski,Match Report,,Rosenborg,Schalke 04,0,2,0,0,,,,
Group stage,2,Wed,03-10-2007,,Benficapt,0–1,uaShakhtar,,Estádio do Sport Lisboa e Benfica,Wolfgang Stark,Match Report,,Benfica,Shakhtar,0,1,0,0,,,,
Group stage,2,Wed,03-10-2007,,Beşiktaştr,0–1,ptPorto,,BJK İnönü Stadyumu,Pieter Vink,Match Report,,Beşiktaş,Porto,0,1,0,0,,,,
Group stage,2,Wed,03-10-2007,,Liverpooleng,0–1,frMarseille,,Anfield,Konrad Plautz,Match Report,,Liverpool,Marseille,0,1,0,0,,,,
,,,,,,,,,,,,,#VALUE!,,,,,,,,,
Group stage,3,Tue,23-10-2007,,Rangerssct,0–0,esBarcelona,,Ibrox Stadium,Konrad Plautz,Match Report,,Rangers,Barcelona,0,0,0,0,,,,
Group stage,3,Tue,23-10-2007,,Sevillaes,2–1,roSteaua,,Estadio Ramón Sánchez Pizjuán,Roberto Rosetti,Match Report,,Sevilla,Steaua,2,1,0,0,,,,
Group stage,3,Tue,23-10-2007,,PSV Eindhovennl,0–0,trFenerbahçe,,PSV Stadion,Howard Webb,Match Report,,PSV Eindhoven,Fenerbahçe,0,0,0,0,,,,
Group stage,3,Tue,23-10-2007,,Romait,2–1,ptSporting CP,,Stadio Olimpico,Terje Hauge,Match Report,,Roma,Sporting CP,2,1,0,0,,,,
Group stage,3,Tue,23-10-2007,,CSKA Moscowru,1–2,itInter,,Stadion Lokomotiv,Mike Riley,Match Report,,CSKA Moscow,Inter,1,2,0,0,,,,
Group stage,3,Tue,23-10-2007,,Dynamo Kyivua,2–4,engManchester Utd,,Stadion Dynamo im. Valeriy Lobanovskiy,Viktor Kassai,Match Report,,Dynamo Kyiv,Manchester Utd,2,4,0,0,,,,
Group stage,3,Tue,23-10-2007,,Stuttgartde,0–2,frLyon,,VfB Arena,Lucílio Batista,Match Report,,Stuttgart,Lyon,0,2,0,0,,,,
Group stage,3,Tue,23-10-2007,,Arsenaleng,7–0,czSlavia Prague,,Arsenal Stadium,Stefano Farina,Match Report,,Arsenal,Slavia Prague,7,0,0,0,,,,
Group stage,3,Wed,24-10-2007,,Milanit,4–1,uaShakhtar,,Stadio Giuseppe Meazza,Medina Cantalejo,Match Report,,Milan,Shakhtar,4,1,0,0,,,,
Group stage,3,Wed,24-10-2007,,Benficapt,1–0,sctCeltic,,Estádio do Sport Lisboa e Benfica,Massimo Busacca,Match Report,,Benfica,Celtic,1,0,0,0,,,,
Group stage,3,Wed,24-10-2007,,Rosenborgno,2–0,esValencia,,Lerkendal Stadion,Craig Thomson,Match Report,,Rosenborg,Valencia,2,0,0,0,,,,
Group stage,3,Wed,24-10-2007,,Marseillefr,1–1,ptPorto,,Stade Vélodrome,Mejuto González,Match Report,,Marseille,Porto,1,1,0,0,,,,
Group stage,3,Wed,24-10-2007,,Chelseaeng,2–0,deSchalke 04,,Stamford Bridge,Peter Fröjdfeldt,Match Report,,Chelsea,Schalke 04,2,0,0,0,,,,
Group stage,3,Wed,24-10-2007,,Beşiktaştr,2–1,engLiverpool,,BJK İnönü Stadyumu,Claus Bo Larsen,Match Report,,Beşiktaş,Liverpool,2,1,0,0,,,,
Group stage,3,Wed,24-10-2007,,Real Madrides,4–2,grOlympiacos,,Estadio Santiago Bernabéu,Tom Henning Øvrebø,Match Report,,Real Madrid,Olympiacos,4,2,0,0,,,,
Group stage,3,Wed,24-10-2007,,Werder Bremende,2–1,itLazio,,Weserstadion,Olegário Benquerença,Match Report,,Werder Bremen,Lazio,2,1,0,0,,,,
,,,,,,,,,,,,,#VALUE!,,,,,,,,,
Group stage,4,Tue,06-11-2007,,Lazioit,2–1,deWerder Bremen,,Stadio Olimpico,Ivan Bebek,Match Report,,Lazio,Werder Bremen,2,1,0,0,,,,
Group stage,4,Tue,06-11-2007,,Olympiacosgr,0–0,esReal Madrid,,Stadio Georgios Karaiskakis,Ľuboš Michel,Match Report,,Olympiacos,Real Madrid,0,0,0,0,,,,
Group stage,4,Tue,06-11-2007,,Schalke 04de,0–0,engChelsea,,Arena AufSchalke,Massimo Busacca,Match Report,,Schalke 04,Chelsea,0,0,0,0,,,,
Group stage,4,Tue,06-11-2007,,Portopt,2–1,frMarseille,,Estádio do Dragão,Wolfgang Stark,Match Report,,Porto,Marseille,2,1,0,0,,,,
Group stage,4,Tue,06-11-2007,,Valenciaes,0–2,noRosenborg,,Estadi de Mestalla,Alon Yefet,Match Report,,Valencia,Rosenborg,0,2,0,0,,,,
Group stage,4,Tue,06-11-2007,,Shakhtarua,0–3,itMilan,,RSC Olympiyskiy Stadium,Pieter Vink,Match Report,,Shakhtar,Milan,0,3,0,0,,,,
Group stage,4,Tue,06-11-2007,,Liverpooleng,8–0,trBeşiktaş,,Anfield,Markus Merk,Match Report,,Liverpool,Beşiktaş,8,0,0,0,,,,
Group stage,4,Tue,06-11-2007,,Celticsct,1–0,ptBenfica,,Celtic Park,Martin Hansson,Match Report,,Celtic,Benfica,1,0,0,0,,,,
Group stage,4,Wed,07-11-2007,,Manchester Utdeng,4–0,uaDynamo Kyiv,,Old Trafford,Jan Wegereef,Match Report,,Manchester Utd,Dynamo Kyiv,4,0,0,0,,,,
Group stage,4,Wed,07-11-2007,,Interit,4–2,ruCSKA Moscow,,Stadio Giuseppe Meazza,Paul Allaerts,Match Report,,Inter,CSKA Moscow,4,2,0,0,,,,
Group stage,4,Wed,07-11-2007,,Lyonfr,4–2,deStuttgart,,Stade de Gerland,Iouri Baskakov,Match Report,,Lyon,Stuttgart,4,2,0,0,,,,
Group stage,4,Wed,07-11-2007,,Fenerbahçetr,2–0,nlPSV Eindhoven,,Şükrü Saracoğlu,Alain Hamer,Match Report,,Fenerbahçe,PSV Eindhoven,2,0,0,0,,,,
Group stage,4,Wed,07-11-2007,,Steauaro,0–2,esSevilla,,Stadionul Steaua,Herbert Fandel,Match Report,,Steaua,Sevilla,0,2,0,0,,,,
Group stage,4,Wed,07-11-2007,,Slavia Praguecz,0–0,engArsenal,,Evžena Rošického,Bertrand Layec,Match Report,,Slavia Prague,Arsenal,0,0,0,0,,,,
Group stage,4,Wed,07-11-2007,,Sporting CPpt,2–2,itRoma,,José Alvalade,Frank de Bleeckere,Match Report,,Sporting CP,Roma,2,2,0,0,,,,
Group stage,4,Wed,07-11-2007,,Barcelonaes,2–0,sctRangers,,Camp Nou,Eric Braamhaar,Match Report,,Barcelona,Rangers,2,0,0,0,,,,
,,,,,,,,,,,,,#VALUE!,,,,,,,,,
Group stage,5,Tue,27-11-2007,,Manchester Utdeng,2–1,ptSporting CP,,Old Trafford,Claus Bo Larsen,Match Report,,Manchester Utd,Sporting CP,2,1,0,0,,,,
Group stage,5,Tue,27-11-2007,,Stuttgartde,3–2,sctRangers,,VfB Arena,Darko Čeferin,Match Report,,Stuttgart,Rangers,3,2,0,0,,,,
Group stage,5,Tue,27-11-2007,,Interit,3–0,trFenerbahçe,,Stadio Giuseppe Meazza,Konrad Plautz,Match Report,,Inter,Fenerbahçe,3,0,0,0,,,,
Group stage,5,Tue,27-11-2007,,CSKA Moscowru,0–1,nlPSV Eindhoven,,Stadion Lokomotiv,Mejuto González,Match Report,,CSKA Moscow,PSV Eindhoven,0,1,0,0,,,,
Group stage,5,Tue,27-11-2007,,Lyonfr,2–2,esBarcelona,,Stade de Gerland,Stefano Farina,Match Report,,Lyon,Barcelona,2,2,0,0,,,,
Group stage,5,Tue,27-11-2007,,Steauaro,1–1,czSlavia Prague,,Stadionul Steaua,Alain Hamer,Match Report,,Steaua,Slavia Prague,1,1,0,0,,,,
Group stage,5,Tue,27-11-2007,,Dynamo Kyivua,1–4,itRoma,,Stadion Dynamo im. Valeriy Lobanovskiy,Wolfgang Stark,Match Report,,Dynamo Kyiv,Roma,1,4,0,0,,,,
Group stage,5,Tue,27-11-2007,,Sevillaes,3–1,engArsenal,,Estadio Ramón Sánchez Pizjuán,Eric Braamhaar,Match Report,,Sevilla,Arsenal,3,1,0,0,,,,
Group stage,5,Wed,28-11-2007,,Celticsct,2–1,uaShakhtar,,Celtic Park,Bertrand Layec,Match Report,,Celtic,Shakhtar,2,1,0,0,,,,
Group stage,5,Wed,28-11-2007,,Lazioit,1–2,grOlympiacos,,Stadio Olimpico,Howard Webb,Match Report,,Lazio,Olympiacos,1,2,0,0,,,,
Group stage,5,Wed,28-11-2007,,Beşiktaştr,2–1,frMarseille,,BJK İnönü Stadyumu,Medina Cantalejo,Match Report,,Beşiktaş,Marseille,2,1,0,0,,,,
Group stage,5,Wed,28-11-2007,,Rosenborgno,0–4,engChelsea,,Lerkendal Stadion,Olegário Benquerença,Match Report,,Rosenborg,Chelsea,0,4,0,0,,,,
Group stage,5,Wed,28-11-2007,,Benficapt,1–1,itMilan,,Estádio do Sport Lisboa e Benfica,Herbert Fandel,Match Report,,Benfica,Milan,1,1,0,0,,,,
Group stage,5,Wed,28-11-2007,,Valenciaes,0–0,deSchalke 04,,Estadi de Mestalla,Frank de Bleeckere,Match Report,,Valencia,Schalke 04,0,0,0,0,,,,
Group stage,5,Wed,28-11-2007,,Liverpooleng,4–1,ptPorto,,Anfield,Roberto Rosetti,Match Report,,Liverpool,Porto,4,1,0,0,,,,
Group stage,5,Wed,28-11-2007,,Werder Bremende,3–2,esReal Madrid,,Weserstadion,Pieter Vink,Match Report,,Werder Bremen,Real Madrid,3,2,0,0,,,,
,,,,,,,,,,,,,#VALUE!,,,,,,,,,
Group stage,6,Tue,04-12-2007,,Milanit,1–0,sctCeltic,,Stadio Giuseppe Meazza,Tom Henning Øvrebø,Match Report,,Milan,Celtic,1,0,0,0,,,,
Group stage,6,Tue,04-12-2007,,Shakhtarua,1–2,ptBenfica,,RSC Olympiyskiy Stadium,Kyros Vassaras,Match Report,,Shakhtar,Benfica,1,2,0,0,,,,
Group stage,6,Tue,11-12-2007,,Portopt,2–0,trBeşiktaş,,Estádio do Dragão,Peter Fröjdfeldt,Match Report,,Porto,Beşiktaş,2,0,0,0,,,,
Group stage,6,Tue,11-12-2007,,Chelseaeng,0–0,esValencia,,Stamford Bridge,Grzegorz Gilewski,Match Report,,Chelsea,Valencia,0,0,0,0,,,,
Group stage,6,Tue,11-12-2007,,Schalke 04de,3–1,noRosenborg,,Arena AufSchalke,Mike Riley,Match Report,,Schalke 04,Rosenborg,3,1,0,0,,,,
Group stage,6,Tue,11-12-2007,,Olympiacosgr,3–0,deWerder Bremen,,Stadio Georgios Karaiskakis,Laurent Duhamel,Match Report,,Olympiacos,Werder Bremen,3,0,0,0,,,,
Group stage,6,Tue,11-12-2007,,Marseillefr,0–4,engLiverpool,,Stade Vélodrome,Terje Hauge,Match Report,,Marseille,Liverpool,0,4,0,0,,,,
Group stage,6,Tue,11-12-2007,,Real Madrides,3–1,itLazio,,Estadio Santiago Bernabéu,Massimo Busacca,Match Report,,Real Madrid,Lazio,3,1,0,0,,,,
Group stage,6,Wed,12-12-2007,,Fenerbahçetr,3–1,ruCSKA Moscow,,Şükrü Saracoğlu,Matteo Trefoloni,Match Report,,Fenerbahçe,CSKA Moscow,3,1,0,0,,,,
Group stage,6,Wed,12-12-2007,,PSV Eindhovennl,0–1,itInter,,PSV Stadion,Markus Merk,Match Report,,PSV Eindhoven,Inter,0,1,0,0,,,,
Group stage,6,Wed,12-12-2007,,Barcelonaes,3–1,deStuttgart,,Camp Nou,Stéphane Lannoy,Match Report,,Barcelona,Stuttgart,3,1,0,0,,,,
Group stage,6,Wed,12-12-2007,,Slavia Praguecz,0–3,esSevilla,,Evžena Rošického,Viktor Kassai,Match Report,,Slavia Prague,Sevilla,0,3,0,0,,,,
Group stage,6,Wed,12-12-2007,,Rangerssct,0–3,frLyon,,Ibrox Stadium,Ľuboš Michel,Match Report,,Rangers,Lyon,0,3,0,0,,,,
Group stage,6,Wed,12-12-2007,,Sporting CPpt,3–0,uaDynamo Kyiv,,José Alvalade,Stuart Dougal,Match Report,,Sporting CP,Dynamo Kyiv,3,0,0,0,,,,
Group stage,6,Wed,12-12-2007,,Romait,1–1,engManchester Utd,,Stadio Olimpico,Martin Hansson,Match Report,,Roma,Manchester Utd,1,1,0,0,,,,
Group stage,6,Wed,12-12-2007,,Arsenaleng,2–1,roSteaua,,Arsenal Stadium,Iouri Baskakov,Match Report,,Arsenal,Steaua,2,1,0,0,,,,
,,,,,,,,,,,,,#VALUE!,,,,,,,,,
Round of 16,,Tue,19-02-2008,,Liverpooleng,2–0,itInter,,Anfield,Frank de Bleeckere,Match Report,Leg 1 of 2,Liverpool,Inter,2,0,1,0,#VALUE!,#VALUE!,#VALUE!,#VALUE!
Round of 16,,Tue,19-02-2008,,Romait,2–1,esReal Madrid,,Stadio Olimpico,Herbert Fandel,Match Report,Leg 1 of 2,Roma,Real Madrid,2,1,1,0,#VALUE!,#VALUE!,#VALUE!,#VALUE!
Round of 16,,Tue,19-02-2008,,Olympiacosgr,0–0,engChelsea,,Stadio Georgios Karaiskakis,Konrad Plautz,Match Report,Leg 1 of 2,Olympiacos,Chelsea,0,0,1,0,#VALUE!,#VALUE!,#VALUE!,#VALUE!
Round of 16,,Tue,19-02-2008,,Schalke 04de,1–0,ptPorto,,Arena AufSchalke,Laurent Duhamel,Match Report,Leg 1 of 2,Schalke 04,Porto,1,0,1,0,#VALUE!,#VALUE!,#VALUE!,#VALUE!
Round of 16,,Wed,20-02-2008,,Arsenaleng,0–0,itMilan,,Arsenal Stadium,Claus Bo Larsen,Match Report,Leg 1 of 2,Arsenal,Milan,0,0,1,0,#VALUE!,#VALUE!,#VALUE!,#VALUE!
Round of 16,,Wed,20-02-2008,,Fenerbahçetr,3–2,esSevilla,,Şükrü Saracoğlu,Florian Meyer,Match Report,Leg 1 of 2,Fenerbahçe,Sevilla,3,2,1,0,#VALUE!,#VALUE!,#VALUE!,#VALUE!
Round of 16,,Wed,20-02-2008,,Lyonfr,1–1,engManchester Utd,,Stade de Gerland,Medina Cantalejo,Match Report,Leg 1 of 2,Lyon,Manchester Utd,1,1,1,0,#VALUE!,#VALUE!,#VALUE!,#VALUE!
Round of 16,,Wed,20-02-2008,,Celticsct,2–3,esBarcelona,,Celtic Park,Peter Fröjdfeldt,Match Report,Leg 1 of 2,Celtic,Barcelona,2,3,1,0,#VALUE!,#VALUE!,#VALUE!,#VALUE!
Round of 16,,Tue,04-03-2008,,Manchester Utdeng,1–0,frLyon,,Old Trafford,Roberto Rosetti,Match Report,Leg 2 of 2; Manchester Utd won,Manchester Utd,Lyon,1,0,0,1,#VALUE!,#VALUE!,#VALUE!,#VALUE!
Round of 16,,Tue,04-03-2008,,Milanit,0–2,engArsenal,,Stadio Giuseppe Meazza,Konrad Plautz,Match Report,Leg 2 of 2; Arsenal won,Milan,Arsenal,0,2,0,1,#VALUE!,#VALUE!,#VALUE!,#VALUE!
Round of 16,,Tue,04-03-2008,,Barcelonaes,1–0,sctCeltic,,Camp Nou,Pieter Vink,Match Report,Leg 2 of 2; Barcelona won,Barcelona,Celtic,1,0,0,1,#VALUE!,#VALUE!,#VALUE!,#VALUE!
Round of 16,,Tue,04-03-2008,,Sevillaes,(2)3–2(3),trFenerbahçe,,Estadio Ramón Sánchez Pizjuán,Massimo Busacca,Match Report,"Leg 2 of 2; Fenerbahçe won; Fenerbahçe won on penalty kicks following extra 
time",Sevilla,Fenerbahçe,(2)3,2(3),0,1,3,2,2,3
Round of 16,,Wed,05-03-2008,,Real Madrides,1–2,itRoma,,Estadio Santiago Bernabéu,Kyros Vassaras,Match Report,Leg 2 of 2; Roma won,Real Madrid,Roma,1,2,0,1,#VALUE!,#VALUE!,#VALUE!,#VALUE!
Round of 16,,Wed,05-03-2008,,Portopt,(1)1–0(4),deSchalke 04,,Estádio do Dragão,Howard Webb,Match Report,"Leg 2 of 2; Schalke 04 won; Schalke 04 won on penalty kicks following extra 
time",Porto,Schalke 04,(1)1,0(4),0,1,1,0,1,4
Round of 16,,Wed,05-03-2008,,Chelseaeng,3–0,grOlympiacos,,Stamford Bridge,Mejuto González,Match Report,Leg 2 of 2; Chelsea won,Chelsea,Olympiacos,3,0,0,1,#VALUE!,#VALUE!,#VALUE!,#VALUE!
Round of 16,,Tue,11-03-2008,,Interit,0–1,engLiverpool,,Stadio Giuseppe Meazza,Tom Henning Øvrebø,Match Report,Leg 2 of 2; Liverpool won,Inter,Liverpool,0,1,0,1,#VALUE!,#VALUE!,#VALUE!,#VALUE!
Quarter-finals,,Tue,01-04-2008,,Schalke 04de,0–1,esBarcelona,,Arena AufSchalke,Kyros Vassaras,Match Report,Leg 1 of 2,Schalke 04,Barcelona,0,1,1,0,#VALUE!,#VALUE!,#VALUE!,#VALUE!
Quarter-finals,,Tue,01-04-2008,,Romait,0–2,engManchester Utd,,Stadio Olimpico,Frank de Bleeckere,Match Report,Leg 1 of 2,Roma,Manchester Utd,0,2,1,0,#VALUE!,#VALUE!,#VALUE!,#VALUE!
Quarter-finals,,Wed,02-04-2008,,Fenerbahçetr,2–1,engChelsea,,Şükrü Saracoğlu,Claus Bo Larsen,Match Report,Leg 1 of 2,Fenerbahçe,Chelsea,2,1,1,0,#VALUE!,#VALUE!,#VALUE!,#VALUE!
Quarter-finals,,Wed,02-04-2008,,Arsenaleng,1–1,engLiverpool,,Arsenal Stadium,Pieter Vink,Match Report,Leg 1 of 2,Arsenal,Liverpool,1,1,1,0,#VALUE!,#VALUE!,#VALUE!,#VALUE!
Quarter-finals,,Tue,08-04-2008,,Liverpooleng,4–2,engArsenal,,Anfield,Peter Fröjdfeldt,Match Report,Leg 2 of 2; Liverpool won,Liverpool,Arsenal,4,2,0,1,#VALUE!,#VALUE!,#VALUE!,#VALUE!
Quarter-finals,,Tue,08-04-2008,,Chelseaeng,2–0,trFenerbahçe,,Stamford Bridge,Herbert Fandel,Match Report,Leg 2 of 2; Chelsea won,Chelsea,Fenerbahçe,2,0,0,1,#VALUE!,#VALUE!,#VALUE!,#VALUE!
Quarter-finals,,Wed,09-04-2008,,Barcelonaes,1–0,deSchalke 04,,Camp Nou,Roberto Rosetti,Match Report,Leg 2 of 2; Barcelona won,Barcelona,Schalke 04,1,0,0,1,#VALUE!,#VALUE!,#VALUE!,#VALUE!
Quarter-finals,,Wed,09-04-2008,,Manchester Utdeng,1–0,itRoma,,Old Trafford,Tom Henning Øvrebø,Match Report,Leg 2 of 2; Manchester Utd won,Manchester Utd,Roma,1,0,0,1,#VALUE!,#VALUE!,#VALUE!,#VALUE!
Semi-finals,,Tue,22-04-2008,,Liverpooleng,1–1,engChelsea,,Anfield,Konrad Plautz,Match Report,Leg 1 of 2,Liverpool,Chelsea,1,1,1,0,#VALUE!,#VALUE!,#VALUE!,#VALUE!
Round,Wk,Day,Date,Time,Home,Score,Away,Attendance,Venue,Referee,Match Report,Notes,Ho,Away,Score,,0,0,#VALUE!,#VALUE!,#VALUE!,#VALUE!
Semi-finals,,Wed,23-04-2008,,Barcelonaes,0–0,engManchester Utd,,Camp Nou,Massimo Busacca,Match Report,Leg 1 of 2,Barcelona,Manchester Utd,0,0,1,0,#VALUE!,#VALUE!,#VALUE!,#VALUE!
Semi-finals,,Tue,29-04-2008,,Manchester Utdeng,1–0,esBarcelona,,Old Trafford,Herbert Fandel,Match Report,Leg 2 of 2; Manchester Utd won,Manchester Utd,Barcelona,1,0,0,1,#VALUE!,#VALUE!,#VALUE!,#VALUE!
Semi-finals,,Wed,30-04-2008,,Chelseaeng,3–2,engLiverpool,,Stamford Bridge,Roberto Rosetti,Match Report,Leg 2 of 2; Chelsea won; Required Extra Time,Chelsea,Liverpool,3,2,0,1,#VALUE!,#VALUE!,#VALUE!,#VALUE!
Final,,Wed,21-05-2008,,Manchester Utdeng,(6)1–1(5),engChelsea,,Stadion Luzhniki (Neutral Site),Ľuboš Michel,Match Report,Manchester Utd won on penalty kicks following extra time,Manchester Utd,Chelsea,(6)1,1(5),0,0,1,1,6,5