Round,Wk,Day,Date,Time,Home,Score,Away,Attendance,Venue,Referee,Match Report,Notes,Home_Clean,Away_Clean,Home_Score,Away_Score,Leg 1,Leg 2,Home_Score_2,Away_Score_2,Home_Pens,Away_Pens
Group stage,1,Tue,16-09-2008,,Romait,1–2,roCFR Cluj,,Stadio Olimpico,Iouri Baskakov,Match Report,,Roma,CFR Cluj,1,2,0,0,,,,
Group stage,1,Tue,16-09-2008,,Chelseaeng,4–0,frBordeaux,,Stamford Bridge,Pieter Vink,Match Report,,Chelsea,Bordeaux,4,0,0,0,,,,
Group stage,1,Tue,16-09-2008,,Werder Bremende,0–0,cyAnorthosis,,Weserstadion,Craig Thomson,Match Report,,Werder Bremen,Anorthosis,0,0,0,0,,,,
Group stage,1,Tue,16-09-2008,,Marseillefr,1–2,engLiverpool,,Stade Vélodrome,Konrad Plautz,Match Report,,Marseille,Liverpool,1,2,0,0,,,,
Group stage,1,Tue,16-09-2008,,Barcelonaes,3–1,ptSporting CP,,Camp Nou,Laurent Duhamel,Match Report,,Barcelona,Sporting CP,3,1,0,0,,,,
Group stage,1,Tue,16-09-2008,,Baselch,1–2,uaShakhtar,,St. Jakob,Terje Hauge,Match Report,,Basel,Shakhtar,1,2,0,0,,,,
Group stage,1,Tue,16-09-2008,,Panathinaikosgr,0–2,itInter,,OAKA Spiros Louis,Mejuto González,Match Report,,Panathinaikos,Inter,0,2,0,0,,,,
Group stage,1,Tue,16-09-2008,,PSV Eindhovennl,0–3,esAtlético Madrid,,PSV Stadion,Roberto Rosetti,Match Report,,PSV Eindhoven,Atlético Madrid,0,3,0,0,,,,
Group stage,1,Wed,17-09-2008,,Manchester Utdeng,0–0,esVillarreal,,Old Trafford,Wolfgang Stark,Match Report,,Manchester Utd,Villarreal,0,0,0,0,,,,
Group stage,1,Wed,17-09-2008,,Portopt,3–1,trFenerbahçe,,Estádio do Dragão,Bertrand Layec,Match Report,,Porto,Fenerbahçe,3,1,0,0,,,,
Group stage,1,Wed,17-09-2008,,Juventusit,1–0,ruZenit,,Stadio Olimpico,Frank de Bleeckere,Match Report,,Juventus,Zenit,1,0,0,0,,,,
Group stage,1,Wed,17-09-2008,,Lyonfr,2–2,itFiorentina,,Stade de Gerland,Peter Fröjdfeldt,Match Report,,Lyon,Fiorentina,2,2,0,0,,,,
Group stage,1,Wed,17-09-2008,,Real Madrides,2–0,byBATE Borisov,,Estadio Santiago Bernabéu,Alain Hamer,Match Report,,Real Madrid,BATE Borisov,2,0,0,0,,,,
Group stage,1,Wed,17-09-2008,,Celticsct,0–0,dkAalborg,,Celtic Park,Matteo Trefoloni,Match Report,,Celtic,Aalborg,0,0,0,0,,,,
Group stage,1,Wed,17-09-2008,,Dynamo Kyivua,1–1,engArsenal,,Stadion Dynamo im. Valeriy Lobanovskiy,Medina Cantalejo,Match Report,,Dynamo Kyiv,Arsenal,1,1,0,0,,,,
Group stage,1,Wed,17-09-2008,,Steauaro,0–1,deBayern Munich,,Stadionul Steaua,Claus Bo Larsen,Match Report,,Steaua,Bayern Munich,0,1,0,0,,,,
,,,,,,,,,,,,,#VALUE!,,,,,,,,,
Group stage,2,Tue,30-09-2008,,Bayern Munichde,1–1,frLyon,,Fußball Arena München,Kyros Vassaras,Match Report,,Bayern Munich,Lyon,1,1,0,0,,,,
Group stage,2,Tue,30-09-2008,,Arsenaleng,4–0,ptPorto,,Arsenal Stadium,Herbert Fandel,Match Report,,Arsenal,Porto,4,0,0,0,,,,
Group stage,2,Tue,30-09-2008,,Villarreales,1–0,sctCeltic,,Estadio El Madrigal,Viktor Kassai,Match Report,,Villarreal,Celtic,1,0,0,0,,,,
Group stage,2,Tue,30-09-2008,,BATE Borisovby,2–2,itJuventus,,Dinamo Stadion,Martin Atkinson,Match Report,,BATE Borisov,Juventus,2,2,0,0,,,,
Group stage,2,Tue,30-09-2008,,Zenitru,1–2,esReal Madrid,,Stadion Petrovski,Massimo Busacca,Match Report,,Zenit,Real Madrid,1,2,0,0,,,,
Group stage,2,Tue,30-09-2008,,Fenerbahçetr,0–0,uaDynamo Kyiv,,Şükrü Saracoğlu,Thomas Einwaller,Match Report,,Fenerbahçe,Dynamo Kyiv,0,0,0,0,,,,
Group stage,2,Tue,30-09-2008,,Aalborgdk,0–3,engManchester Utd,,Aalborg Stadion,Olegário Benquerença,Match Report,,Aalborg,Manchester Utd,0,3,0,0,,,,
Group stage,2,Tue,30-09-2008,,Fiorentinait,0–0,roSteaua,,Stadio Artemio Franchi,Mike Riley,Match Report,,Fiorentina,Steaua,0,0,0,0,,,,
Group stage,2,Wed,01-10-2008,,CFR Clujro,0–0,engChelsea,,Stadionul Dr. Constantin Rădulescu,Florian Meyer,Match Report,,CFR Cluj,Chelsea,0,0,0,0,,,,
Group stage,2,Wed,01-10-2008,,Interit,1–1,deWerder Bremen,,Stadio Giuseppe Meazza,Ľuboš Michel,Match Report,,Inter,Werder Bremen,1,1,0,0,,,,
Group stage,2,Wed,01-10-2008,,Bordeauxfr,1–3,itRoma,,Stade Chaban,Undiano Mallenco,Match Report,,Bordeaux,Roma,1,3,0,0,,,,
Group stage,2,Wed,01-10-2008,,Anorthosiscy,3–1,grPanathinaikos,,GSP Stadium,Eric Braamhaar,Match Report,,Anorthosis,Panathinaikos,3,1,0,0,,,,
Group stage,2,Wed,01-10-2008,,Sporting CPpt,2–0,chBasel,,José Alvalade,Nicola Rizzoli,Match Report,,Sporting CP,Basel,2,0,0,0,,,,
Group stage,2,Wed,01-10-2008,,Atlético Madrides,2–1,frMarseille,,Estadio Vicente Calderón,Tom Henning Øvrebø,Match Report,,Atlético Madrid,Marseille,2,1,0,0,,,,
Group stage,2,Wed,01-10-2008,,Liverpooleng,3–1,nlPSV Eindhoven,,Anfield,Felix Brych,Match Report,,Liverpool,PSV Eindhoven,3,1,0,0,,,,
Group stage,2,Wed,01-10-2008,,Shakhtarua,1–2,esBarcelona,,RSC Olympiyskiy Stadium,Howard Webb,Match Report,,Shakhtar,Barcelona,1,2,0,0,,,,
,,,,,,,,,,,,,#VALUE!,,,,,,,,,
Group stage,3,Tue,21-10-2008,,Portopt,0–1,uaDynamo Kyiv,,Estádio do Dragão,Terje Hauge,Match Report,,Porto,Dynamo Kyiv,0,1,0,0,,,,
Group stage,3,Tue,21-10-2008,,Juventusit,2–1,esReal Madrid,,Stadio Olimpico,Wolfgang Stark,Match Report,,Juventus,Real Madrid,2,1,0,0,,,,
Group stage,3,Tue,21-10-2008,,Fenerbahçetr,2–5,engArsenal,,Şükrü Saracoğlu,Peter Fröjdfeldt,Match Report,,Fenerbahçe,Arsenal,2,5,0,0,,,,
Group stage,3,Tue,21-10-2008,,Zenitru,1–1,byBATE Borisov,,Stadion Petrovski,Pedro Proença,Match Report,,Zenit,BATE Borisov,1,1,0,0,,,,
Group stage,3,Tue,21-10-2008,,Manchester Utdeng,3–0,sctCeltic,,Old Trafford,Frank de Bleeckere,Match Report,,Manchester Utd,Celtic,3,0,0,0,,,,
Group stage,3,Tue,21-10-2008,,Bayern Munichde,3–0,itFiorentina,,Fußball Arena München,Olegário Benquerença,Match Report,,Bayern Munich,Fiorentina,3,0,0,0,,,,
Group stage,3,Tue,21-10-2008,,Villarreales,6–3,dkAalborg,,Estadio El Madrigal,Florian Meyer,Match Report,,Villarreal,Aalborg,6,3,0,0,,,,
Group stage,3,Tue,21-10-2008,,Steauaro,3–5,frLyon,,Stadionul Steaua,Grzegorz Gilewski,Match Report,,Steaua,Lyon,3,5,0,0,,,,
Group stage,3,Wed,22-10-2008,,Interit,1–0,cyAnorthosis,,Stadio Giuseppe Meazza,Howard Webb,Match Report,,Inter,Anorthosis,1,0,0,0,,,,
Group stage,3,Wed,22-10-2008,,Atlético Madrides,1–1,engLiverpool,,Estadio Vicente Calderón,Claus Bo Larsen,Match Report,,Atlético Madrid,Liverpool,1,1,0,0,,,,
Group stage,3,Wed,22-10-2008,,Shakhtarua,0–1,ptSporting CP,,RSC Olympiyskiy Stadium,Herbert Fandel,Match Report,,Shakhtar,Sporting CP,0,1,0,0,,,,
Group stage,3,Wed,22-10-2008,,PSV Eindhovennl,2–0,frMarseille,,PSV Stadion,Damir Skomina,Match Report,,PSV Eindhoven,Marseille,2,0,0,0,,,,
Group stage,3,Wed,22-10-2008,,Panathinaikosgr,2–2,deWerder Bremen,,OAKA Spiros Louis,Mike Riley,Match Report,,Panathinaikos,Werder Bremen,2,2,0,0,,,,
Group stage,3,Wed,22-10-2008,,Chelseaeng,1–0,itRoma,,Stamford Bridge,Kyros Vassaras,Match Report,,Chelsea,Roma,1,0,0,0,,,,
Group stage,3,Wed,22-10-2008,,Baselch,0–5,esBarcelona,,St. Jakob,Eric Braamhaar,Match Report,,Basel,Barcelona,0,5,0,0,,,,
Group stage,3,Wed,22-10-2008,,Bordeauxfr,1–0,roCFR Cluj,,Stade Chaban,Ivan Bebek,Match Report,,Bordeaux,CFR Cluj,1,0,0,0,,,,
,,,,,,,,,,,,,#VALUE!,,,,,,,,,
Group stage,4,Tue,04-11-2008,,Anorthosiscy,3–3,itInter,,GSP,Laurent Duhamel,Match Report,,Anorthosis,Inter,3,3,0,0,,,,
Group stage,4,Tue,04-11-2008,,Romait,3–1,engChelsea,,Stadio Olimpico,Medina Cantalejo,Match Report,,Roma,Chelsea,3,1,0,0,,,,
Group stage,4,Tue,04-11-2008,,Sporting CPpt,1–0,uaShakhtar,,José Alvalade,Alain Hamer,Match Report,,Sporting CP,Shakhtar,1,0,0,0,,,,
Group stage,4,Tue,04-11-2008,,Barcelonaes,1–1,chBasel,,Camp Nou,Alexandru Tudor,Match Report,,Barcelona,Basel,1,1,0,0,,,,
Group stage,4,Tue,04-11-2008,,Marseillefr,3–0,nlPSV Eindhoven,,Stade Vélodrome,Nicola Rizzoli,Match Report,,Marseille,PSV Eindhoven,3,0,0,0,,,,
Group stage,4,Tue,04-11-2008,,CFR Clujro,1–2,frBordeaux,,Stadionul Dr. Constantin Rădulescu,Massimo Busacca,Match Report,,CFR Cluj,Bordeaux,1,2,0,0,,,,
Group stage,4,Tue,04-11-2008,,Liverpooleng,1–1,esAtlético Madrid,,Anfield,Martin Hansson,Match Report,,Liverpool,Atlético Madrid,1,1,0,0,,,,
Group stage,4,Tue,04-11-2008,,Werder Bremende,0–3,grPanathinaikos,,Weserstadion,Viktor Kassai,Match Report,,Werder Bremen,Panathinaikos,0,3,0,0,,,,
Group stage,4,Wed,05-11-2008,,Arsenaleng,0–0,trFenerbahçe,,Arsenal Stadium,Roberto Rosetti,Match Report,,Arsenal,Fenerbahçe,0,0,0,0,,,,
Group stage,4,Wed,05-11-2008,,BATE Borisovby,0–2,ruZenit,,Dinamo Stadion,Stéphane Lannoy,Match Report,,BATE Borisov,Zenit,0,2,0,0,,,,
Group stage,4,Wed,05-11-2008,,Real Madrides,0–2,itJuventus,,Estadio Santiago Bernabéu,Pieter Vink,Match Report,,Real Madrid,Juventus,0,2,0,0,,,,
Group stage,4,Wed,05-11-2008,,Celticsct,1–1,engManchester Utd,,Celtic Park,Tom Henning Øvrebø,Match Report,,Celtic,Manchester Utd,1,1,0,0,,,,
Group stage,4,Wed,05-11-2008,,Dynamo Kyivua,1–2,ptPorto,,Stadion Dynamo im. Valeriy Lobanovskiy,Konrad Plautz,Match Report,,Dynamo Kyiv,Porto,1,2,0,0,,,,
Group stage,4,Wed,05-11-2008,,Fiorentinait,1–1,deBayern Munich,,Stadio Artemio Franchi,Undiano Mallenco,Match Report,,Fiorentina,Bayern Munich,1,1,0,0,,,,
Group stage,4,Wed,05-11-2008,,Aalborgdk,2–2,esVillarreal,,Aalborg Stadion,Bertrand Layec,Match Report,,Aalborg,Villarreal,2,2,0,0,,,,
Group stage,4,Wed,05-11-2008,,Lyonfr,2–0,roSteaua,,Stade de Gerland,Mejuto González,Match Report,,Lyon,Steaua,2,0,0,0,,,,
,,,,,,,,,,,,,#VALUE!,,,,,,,,,
Group stage,5,Tue,25-11-2008,,Fiorentinait,1–2,frLyon,,Stadio Artemio Franchi,Viktor Kassai,Match Report,,Fiorentina,Lyon,1,2,0,0,,,,
Group stage,5,Tue,25-11-2008,,BATE Borisovby,0–1,esReal Madrid,,Dinamo Stadion,Terje Hauge,Match Report,,BATE Borisov,Real Madrid,0,1,0,0,,,,
Group stage,5,Tue,25-11-2008,,Villarreales,0–0,engManchester Utd,,Estadio El Madrigal,Roberto Rosetti,Match Report,,Villarreal,Manchester Utd,0,0,0,0,,,,
Group stage,5,Tue,25-11-2008,,Zenitru,0–0,itJuventus,,Stadion Petrovski,Claus Bo Larsen,Match Report,,Zenit,Juventus,0,0,0,0,,,,
Group stage,5,Tue,25-11-2008,,Bayern Munichde,3–0,roSteaua,,Fußball Arena München,Eric Braamhaar,Match Report,,Bayern Munich,Steaua,3,0,0,0,,,,
Group stage,5,Tue,25-11-2008,,Arsenaleng,1–0,uaDynamo Kyiv,,Arsenal Stadium,Alain Hamer,Match Report,,Arsenal,Dynamo Kyiv,1,0,0,0,,,,
Group stage,5,Tue,25-11-2008,,Aalborgdk,2–1,sctCeltic,,Aalborg Stadion,Konrad Plautz,Match Report,,Aalborg,Celtic,2,1,0,0,,,,
Group stage,5,Tue,25-11-2008,,Fenerbahçetr,1–2,ptPorto,,Şükrü Saracoğlu,Undiano Mallenco,Match Report,,Fenerbahçe,Porto,1,2,0,0,,,,
Group stage,5,Wed,26-11-2008,,Interit,0–1,grPanathinaikos,,Stadio Giuseppe Meazza,Tom Henning Øvrebø,Match Report,,Inter,Panathinaikos,0,1,0,0,,,,
Group stage,5,Wed,26-11-2008,,Liverpooleng,1–0,frMarseille,,Anfield,Olegário Benquerença,Match Report,,Liverpool,Marseille,1,0,0,0,,,,
Group stage,5,Wed,26-11-2008,,Bordeauxfr,1–1,engChelsea,,Stade Chaban,Frank de Bleeckere,Match Report,,Bordeaux,Chelsea,1,1,0,0,,,,
Group stage,5,Wed,26-11-2008,,CFR Clujro,1–3,itRoma,,Stadionul Dr. Constantin Rădulescu,Lucílio Batista,Match Report,,CFR Cluj,Roma,1,3,0,0,,,,
Group stage,5,Wed,26-11-2008,,Shakhtarua,5–0,chBasel,,RSC Olympiyskiy Stadium,Kristinn Jakobsson,Match Report,,Shakhtar,Basel,5,0,0,0,,,,
Group stage,5,Wed,26-11-2008,,Atlético Madrides,2–1,nlPSV Eindhoven,,Estadio Vicente Calderón,Massimo Busacca,Match Report,,Atlético Madrid,PSV Eindhoven,2,1,0,0,,,,
Group stage,5,Wed,26-11-2008,,Sporting CPpt,2–5,esBarcelona,,José Alvalade,Matteo Trefoloni,Match Report,,Sporting CP,Barcelona,2,5,0,0,,,,
Group stage,5,Wed,26-11-2008,,Anorthosiscy,2–2,deWerder Bremen,,GSP Stadium,Mejuto González,Match Report,,Anorthosis,Werder Bremen,2,2,0,0,,,,
,,,,,,,,,,,,,#VALUE!,,,,,,,,,
Group stage,6,Tue,09-12-2008,,Barcelonaes,2–3,uaShakhtar,,Camp Nou,Mike Riley,Match Report,,Barcelona,Shakhtar,2,3,0,0,,,,
Group stage,6,Tue,09-12-2008,,Chelseaeng,2–1,roCFR Cluj,,Stamford Bridge,Peter Fröjdfeldt,Match Report,,Chelsea,CFR Cluj,2,1,0,0,,,,
Group stage,6,Tue,09-12-2008,,Panathinaikosgr,1–0,cyAnorthosis,,OAKA Spiros Louis,Bertrand Layec,Match Report,,Panathinaikos,Anorthosis,1,0,0,0,,,,
Group stage,6,Tue,09-12-2008,,PSV Eindhovennl,1–3,engLiverpool,,PSV Stadion,Nikolay Ivanov,Match Report,,PSV Eindhoven,Liverpool,1,3,0,0,,,,
Group stage,6,Tue,09-12-2008,,Marseillefr,0–0,esAtlético Madrid,,Stade Vélodrome,Wolfgang Stark,Match Report,,Marseille,Atlético Madrid,0,0,0,0,,,,
Group stage,6,Tue,09-12-2008,,Werder Bremende,2–1,itInter,,Weserstadion,Pieter Vink,Match Report,,Werder Bremen,Inter,2,1,0,0,,,,
Group stage,6,Tue,09-12-2008,,Baselch,0–1,ptSporting CP,,St. Jakob,Paul Allaerts,Match Report,,Basel,Sporting CP,0,1,0,0,,,,
Group stage,6,Tue,09-12-2008,,Romait,2–0,frBordeaux,,Stadio Olimpico,Herbert Fandel,Match Report,,Roma,Bordeaux,2,0,0,0,,,,
Group stage,6,Wed,10-12-2008,,Juventusit,0–0,byBATE Borisov,,Stadio Olimpico,Costas Kapitanis,Match Report,,Juventus,BATE Borisov,0,0,0,0,,,,
Group stage,6,Wed,10-12-2008,,Manchester Utdeng,2–2,dkAalborg,,Old Trafford,Laurent Duhamel,Match Report,,Manchester Utd,Aalborg,2,2,0,0,,,,
Group stage,6,Wed,10-12-2008,,Celticsct,2–0,esVillarreal,,Celtic Park,Claudio Circhetta,Match Report,,Celtic,Villarreal,2,0,0,0,,,,
Group stage,6,Wed,10-12-2008,,Lyonfr,2–3,deBayern Munich,,Stade de Gerland,Howard Webb,Match Report,,Lyon,Bayern Munich,2,3,0,0,,,,
Group stage,6,Wed,10-12-2008,,Steauaro,0–1,itFiorentina,,Stadionul Steaua,Medina Cantalejo,Match Report,,Steaua,Fiorentina,0,1,0,0,,,,
Group stage,6,Wed,10-12-2008,,Real Madrides,3–0,ruZenit,,Estadio Santiago Bernabéu,Jonas Eriksson,Match Report,,Real Madrid,Zenit,3,0,0,0,,,,
Group stage,6,Wed,10-12-2008,,Dynamo Kyivua,1–0,trFenerbahçe,,Stadion Dynamo im. Valeriy Lobanovskiy,Florian Meyer,Match Report,,Dynamo Kyiv,Fenerbahçe,1,0,0,0,,,,
Group stage,6,Wed,10-12-2008,,Portopt,2–0,engArsenal,,Estádio do Dragão,Kyros Vassaras,Match Report,,Porto,Arsenal,2,0,0,0,,,,
,,,,,,,,,,,,,#VALUE!,,,,,,,,,
Round of 16,,Tue,24-02-2009,,Lyonfr,1–1,esBarcelona,,Stade de Gerland,Wolfgang Stark,Match Report,Leg 1 of 2,Lyon,Barcelona,1,1,1,0,#VALUE!,#VALUE!,#VALUE!,#VALUE!
Round of 16,,Tue,24-02-2009,,Atlético Madrides,2–2,ptPorto,,Estadio Vicente Calderón,Howard Webb,Match Report,Leg 1 of 2,Atlético Madrid,Porto,2,2,1,0,#VALUE!,#VALUE!,#VALUE!,#VALUE!
Round of 16,,Tue,24-02-2009,,Arsenaleng,1–0,itRoma,,Arsenal Stadium,Claus Bo Larsen,Match Report,Leg 1 of 2,Arsenal,Roma,1,0,1,0,#VALUE!,#VALUE!,#VALUE!,#VALUE!
Round of 16,,Tue,24-02-2009,,Interit,0–0,engManchester Utd,,Stadio Giuseppe Meazza,Medina Cantalejo,Match Report,Leg 1 of 2,Inter,Manchester Utd,0,0,1,0,#VALUE!,#VALUE!,#VALUE!,#VALUE!
Round of 16,,Wed,25-02-2009,,Chelseaeng,1–0,itJuventus,,Stamford Bridge,Olegário Benquerença,Match Report,Leg 1 of 2,Chelsea,Juventus,1,0,1,0,#VALUE!,#VALUE!,#VALUE!,#VALUE!
Round of 16,,Wed,25-02-2009,,Sporting CPpt,0–5,deBayern Munich,,José Alvalade,Bertrand Layec,Match Report,Leg 1 of 2,Sporting CP,Bayern Munich,0,5,1,0,#VALUE!,#VALUE!,#VALUE!,#VALUE!
Round of 16,,Wed,25-02-2009,,Villarreales,1–1,grPanathinaikos,,Estadio El Madrigal,Konrad Plautz,Match Report,Leg 1 of 2,Villarreal,Panathinaikos,1,1,1,0,#VALUE!,#VALUE!,#VALUE!,#VALUE!
Round of 16,,Wed,25-02-2009,,Real Madrides,0–1,engLiverpool,,Estadio Santiago Bernabéu,Roberto Rosetti,Match Report,Leg 1 of 2,Real Madrid,Liverpool,0,1,1,0,#VALUE!,#VALUE!,#VALUE!,#VALUE!
Round of 16,,Tue,10-03-2009,,Juventusit,2–2,engChelsea,,Stadio Olimpico,Undiano Mallenco,Match Report,Leg 2 of 2; Chelsea won,Juventus,Chelsea,2,2,0,1,#VALUE!,#VALUE!,#VALUE!,#VALUE!
Round of 16,,Tue,10-03-2009,,Bayern Munichde,7–1,ptSporting CP,,Fußball Arena München,Martin Hansson,Match Report,Leg 2 of 2; Bayern Munich won,Bayern Munich,Sporting CP,7,1,0,1,#VALUE!,#VALUE!,#VALUE!,#VALUE!
Round of 16,,Tue,10-03-2009,,Liverpooleng,4–0,esReal Madrid,,Anfield,Frank de Bleeckere,Match Report,Leg 2 of 2; Liverpool won,Liverpool,Real Madrid,4,0,0,1,#VALUE!,#VALUE!,#VALUE!,#VALUE!
Round of 16,,Tue,10-03-2009,,Panathinaikosgr,1–2,esVillarreal,,OAKA Spiros Louis,Massimo Busacca,Match Report,Leg 2 of 2; Villarreal won,Panathinaikos,Villarreal,1,2,0,1,#VALUE!,#VALUE!,#VALUE!,#VALUE!
Round of 16,,Wed,11-03-2009,,Barcelonaes,5–2,frLyon,,Camp Nou,Tom Henning Øvrebø,Match Report,Leg 2 of 2; Barcelona won,Barcelona,Lyon,5,2,0,1,#VALUE!,#VALUE!,#VALUE!,#VALUE!
Round of 16,,Wed,11-03-2009,,Manchester Utdeng,2–0,itInter,,Old Trafford,Wolfgang Stark,Match Report,Leg 2 of 2; Manchester Utd won,Manchester Utd,Inter,2,0,0,1,#VALUE!,#VALUE!,#VALUE!,#VALUE!
Round of 16,,Wed,11-03-2009,,Romait,(6)1–0(7),engArsenal,,Stadio Olimpico,Mejuto González,Match Report,Leg 2 of 2; Arsenal won; Arsenal won on penalty kicks following extra time,Roma,Arsenal,(6)1,0(7),0,1,1,0,6,7
Round of 16,,Wed,11-03-2009,,Portopt,0–0,esAtlético Madrid,,Estádio do Dragão,Pieter Vink,Match Report,Leg 2 of 2; Porto won,Porto,Atlético Madrid,0,0,0,1,#VALUE!,#VALUE!,#VALUE!,#VALUE!
Quarter-finals,,Tue,07-04-2009,,Villarreales,1–1,engArsenal,,Estadio El Madrigal,Tom Henning Øvrebø,Match Report,Leg 1 of 2,Villarreal,Arsenal,1,1,1,0,#VALUE!,#VALUE!,#VALUE!,#VALUE!
Quarter-finals,,Tue,07-04-2009,,Manchester Utdeng,2–2,ptPorto,,Old Trafford,Konrad Plautz,Match Report,Leg 1 of 2,Manchester Utd,Porto,2,2,1,0,#VALUE!,#VALUE!,#VALUE!,#VALUE!
Quarter-finals,,Wed,08-04-2009,,Barcelonaes,4–0,deBayern Munich,,Camp Nou,Howard Webb,Match Report,Leg 1 of 2,Barcelona,Bayern Munich,4,0,1,0,#VALUE!,#VALUE!,#VALUE!,#VALUE!
Quarter-finals,,Wed,08-04-2009,,Liverpooleng,1–3,engChelsea,,Anfield,Claus Bo Larsen,Match Report,Leg 1 of 2,Liverpool,Chelsea,1,3,1,0,#VALUE!,#VALUE!,#VALUE!,#VALUE!
Quarter-finals,,Tue,14-04-2009,,Chelseaeng,4–4,engLiverpool,,Stamford Bridge,Medina Cantalejo,Match Report,Leg 2 of 2; Chelsea won,Chelsea,Liverpool,4,4,0,1,#VALUE!,#VALUE!,#VALUE!,#VALUE!
Quarter-finals,,Tue,14-04-2009,,Bayern Munichde,1–1,esBarcelona,,Fußball Arena München,Roberto Rosetti,Match Report,Leg 2 of 2; Barcelona won,Bayern Munich,Barcelona,1,1,0,1,#VALUE!,#VALUE!,#VALUE!,#VALUE!
Quarter-finals,,Wed,15-04-2009,,Portopt,0–1,engManchester Utd,,Estádio do Dragão,Massimo Busacca,Match Report,Leg 2 of 2; Manchester Utd won,Porto,Manchester Utd,0,1,0,1,#VALUE!,#VALUE!,#VALUE!,#VALUE!
Quarter-finals,,Wed,15-04-2009,,Arsenaleng,3–0,esVillarreal,,Arsenal Stadium,Wolfgang Stark,Match Report,Leg 2 of 2; Arsenal won,Arsenal,Villarreal,3,0,0,1,#VALUE!,#VALUE!,#VALUE!,#VALUE!
Semi-finals,,Tue,28-04-2009,,Barcelonaes,0–0,engChelsea,,Camp Nou,Wolfgang Stark,Match Report,Leg 1 of 2,Barcelona,Chelsea,0,0,1,0,#VALUE!,#VALUE!,#VALUE!,#VALUE!
Round,Wk,Day,Date,Time,Home,Score,Away,Attendance,Venue,Referee,Match Report,Notes,Ho,Away,Score,,0,0,#VALUE!,#VALUE!,#VALUE!,#VALUE!
Semi-finals,,Wed,29-04-2009,,Manchester Utdeng,1–0,engArsenal,,Old Trafford,Claus Bo Larsen,Match Report,Leg 1 of 2,Manchester Utd,Arsenal,1,0,1,0,#VALUE!,#VALUE!,#VALUE!,#VALUE!
Semi-finals,,Tue,05-05-2009,,Arsenaleng,1–3,engManchester Utd,,Arsenal Stadium,Roberto Rosetti,Match Report,Leg 2 of 2; Manchester Utd won,Arsenal,Manchester Utd,1,3,0,1,#VALUE!,#VALUE!,#VALUE!,#VALUE!
Semi-finals,,Wed,06-05-2009,,Chelseaeng,1–1,esBarcelona,,Stamford Bridge,Tom Henning Øvrebø,Match Report,Leg 2 of 2; Barcelona won,Chelsea,Barcelona,1,1,0,1,#VALUE!,#VALUE!,#VALUE!,#VALUE!
Final,,Wed,27-05-2009,,Barcelonaes,2–0,engManchester Utd,,Stadio Olimpico (Neutral Site),Massimo Busacca,Match Report,,Barcelona,Manchester Utd,2,0,0,0,#VALUE!,#VALUE!,#VALUE!,#VALUE!