Round,Wk,Day,Date,Time,Home,Score,Away,Attendance,Venue,Referee,Match Report,Notes,Home_Clean,Away_Clean,Home_Score,Away_Score,Leg 1,Leg 2,Home_Score_2,Away_Score_2,Home_Pens,Away_Pens
Group stage,1,Tue,15-09-2009,,Zürichch,2–5,esReal Madrid,,Stadion Letzigrund,Martin Atkinson,Match Report,,Zürich,Real Madrid,2,5,0,0,,,,
Group stage,1,Tue,15-09-2009,,Marseillefr,1–2,itMilan,,Stade Vélodrome,Claus Bo Larsen,Match Report,,Marseille,Milan,1,2,0,0,,,,
Group stage,1,Tue,15-09-2009,,Wolfsburgde,3–1,ruCSKA Moscow,,VfL Wolfsburg Arena,Stéphane Lannoy,Match Report,,Wolfsburg,CSKA Moscow,3,1,0,0,,,,
Group stage,1,Tue,15-09-2009,,Beşiktaştr,0–1,engManchester Utd,,BJK İnönü Stadyumu,Nicola Rizzoli,Match Report,,Beşiktaş,Manchester Utd,0,1,0,0,,,,
Group stage,1,Tue,15-09-2009,,Juventusit,1–1,frBordeaux,,Stadio Olimpico,Tom Henning Øvrebø,Match Report,,Juventus,Bordeaux,1,1,0,0,,,,
Group stage,1,Tue,15-09-2009,,Maccabi Haifail,0–3,deBayern Munich,,Itztadion Ramat Gan,Damir Skomina,Match Report,,Maccabi Haifa,Bayern Munich,0,3,0,0,,,,
Group stage,1,Tue,15-09-2009,,Atlético Madrides,0–0,cyAPOEL FC,,Estadio Vicente Calderón,Craig Thomson,Match Report,,Atlético Madrid,APOEL FC,0,0,0,0,,,,
Group stage,1,Tue,15-09-2009,,Chelseaeng,1–0,ptPorto,,Stamford Bridge,Konrad Plautz,Match Report,,Chelsea,Porto,1,0,0,0,,,,
Group stage,1,Wed,16-09-2009,,Dynamo Kyivua,3–1,ruRubin Kazan,,Stadion Dynamo im. Valeriy Lobanovskiy,Alain Hamer,Match Report,,Dynamo Kyiv,Rubin Kazan,3,1,0,0,,,,
Group stage,1,Wed,16-09-2009,,Olympiacosgr,1–0,nlAZ Alkmaar,,Stadio Georgios Karaiskakis,Viktor Kassai,Match Report,,Olympiacos,AZ Alkmaar,1,0,0,0,,,,
Group stage,1,Wed,16-09-2009,,Standard Liègebe,2–3,engArsenal,,Stade Maurice Dufrasne,Iturralde González,Match Report,,Standard Liège,Arsenal,2,3,0,0,,,,
Group stage,1,Wed,16-09-2009,,Lyonfr,1–0,itFiorentina,,Stade de Gerland,Pieter Vink,Match Report,,Lyon,Fiorentina,1,0,0,0,,,,
Group stage,1,Wed,16-09-2009,,Stuttgartde,1–1,sctRangers,,VfB Arena,Massimo Busacca,Match Report,,Stuttgart,Rangers,1,1,0,0,,,,
Group stage,1,Wed,16-09-2009,,Interit,0–0,esBarcelona,,Stadio Giuseppe Meazza,Wolfgang Stark,Match Report,,Inter,Barcelona,0,0,0,0,,,,
Group stage,1,Wed,16-09-2009,,Sevillaes,2–0,roUnirea Urziceni,,Estadio Ramón Sánchez Pizjuán,Matteo Trefoloni,Match Report,,Sevilla,Unirea Urziceni,2,0,0,0,,,,
Group stage,1,Wed,16-09-2009,,Liverpooleng,1–0,huDebrecen,,Anfield,Pedro Proença,Match Report,,Liverpool,Debrecen,1,0,0,0,,,,
,,,,,,,,,,,,,#VALUE!,,,,,,,,,
Group stage,2,Tue,29-09-2009,,AZ Alkmaarnl,1–1,beStandard Liège,,AZ Stadion,Wolfgang Stark,Match Report,,AZ Alkmaar,Standard Liège,1,1,0,0,,,,
Group stage,2,Tue,29-09-2009,,Unirea Urziceniro,1–1,deStuttgart,,Stadionul Steaua,Laurent Duhamel,Match Report,,Unirea Urziceni,Stuttgart,1,1,0,0,,,,
Group stage,2,Tue,29-09-2009,,Debrecenhu,0–4,frLyon,,Ferenc Puskás,Tom Henning Øvrebø,Match Report,,Debrecen,Lyon,0,4,0,0,,,,
Group stage,2,Tue,29-09-2009,,Arsenaleng,2–0,grOlympiacos,,Arsenal Stadium,Stéphane Lannoy,Match Report,,Arsenal,Olympiacos,2,0,0,0,,,,
Group stage,2,Tue,29-09-2009,,Rangerssct,1–4,esSevilla,,Ibrox Stadium,Jonas Eriksson,Match Report,,Rangers,Sevilla,1,4,0,0,,,,
Group stage,2,Tue,29-09-2009,,Rubin Kazanru,1–1,itInter,,Centralniy Stadion,Terje Hauge,Match Report,,Rubin Kazan,Inter,1,1,0,0,,,,
Group stage,2,Tue,29-09-2009,,Barcelonaes,2–0,uaDynamo Kyiv,,Camp Nou,Björn Kuipers,Match Report,,Barcelona,Dynamo Kyiv,2,0,0,0,,,,
Group stage,2,Tue,29-09-2009,,Fiorentinait,2–0,engLiverpool,,Stadio Artemio Franchi,Felix Brych,Match Report,,Fiorentina,Liverpool,2,0,0,0,,,,
Group stage,2,Wed,30-09-2009,,Bordeauxfr,1–0,ilMaccabi Haifa,,Stade Chaban,Eric Braamhaar,Match Report,,Bordeaux,Maccabi Haifa,1,0,0,0,,,,
Group stage,2,Wed,30-09-2009,,CSKA Moscowru,2–1,trBeşiktaş,,Stadion Luzhniki,Mejuto González,Match Report,,CSKA Moscow,Beşiktaş,2,1,0,0,,,,
Group stage,2,Wed,30-09-2009,,Milanit,0–1,chZürich,,Stadio Giuseppe Meazza,Florian Meyer,Match Report,,Milan,Zürich,0,1,0,0,,,,
Group stage,2,Wed,30-09-2009,,Manchester Utdeng,2–1,deWolfsburg,,Old Trafford,Viktor Kassai,Match Report,,Manchester Utd,Wolfsburg,2,1,0,0,,,,
Group stage,2,Wed,30-09-2009,,Portopt,2–0,esAtlético Madrid,,Estádio do Dragão,Nicola Rizzoli,Match Report,,Porto,Atlético Madrid,2,0,0,0,,,,
Group stage,2,Wed,30-09-2009,,APOEL FCcy,0–1,engChelsea,,GSP,Bertrand Layec,Match Report,,APOEL FC,Chelsea,0,1,0,0,,,,
Group stage,2,Wed,30-09-2009,,Bayern Munichde,0–0,itJuventus,,Fußball Arena München,Howard Webb,Match Report,,Bayern Munich,Juventus,0,0,0,0,,,,
Group stage,2,Wed,30-09-2009,,Real Madrides,3–0,frMarseille,,Estadio Santiago Bernabéu,Martin Hansson,Match Report,,Real Madrid,Marseille,3,0,0,0,,,,
,,,,,,,,,,,,,#VALUE!,,,,,,,,,
Group stage,3,Tue,20-10-2009,,Stuttgartde,1–3,esSevilla,,VfB Arena,Pieter Vink,Match Report,,Stuttgart,Sevilla,1,3,0,0,,,,
Group stage,3,Tue,20-10-2009,,AZ Alkmaarnl,1–1,engArsenal,,AZ Stadion,Martin Hansson,Match Report,,AZ Alkmaar,Arsenal,1,1,0,0,,,,
Group stage,3,Tue,20-10-2009,,Debrecenhu,3–4,itFiorentina,,Ferenc Puskás,Craig Thomson,Match Report,,Debrecen,Fiorentina,3,4,0,0,,,,
Group stage,3,Tue,20-10-2009,,Barcelonaes,1–2,ruRubin Kazan,,Camp Nou,Laurent Duhamel,Match Report,,Barcelona,Rubin Kazan,1,2,0,0,,,,
Group stage,3,Tue,20-10-2009,,Olympiacosgr,2–1,beStandard Liège,,Stadio Georgios Karaiskakis,Pedro Proença,Match Report,,Olympiacos,Standard Liège,2,1,0,0,,,,
Group stage,3,Tue,20-10-2009,,Interit,2–2,uaDynamo Kyiv,,Stadio Giuseppe Meazza,Martin Atkinson,Match Report,,Inter,Dynamo Kyiv,2,2,0,0,,,,
Group stage,3,Tue,20-10-2009,,Rangerssct,1–4,roUnirea Urziceni,,Ibrox Stadium,Eric Braamhaar,Match Report,,Rangers,Unirea Urziceni,1,4,0,0,,,,
Group stage,3,Tue,20-10-2009,,Liverpooleng,1–2,frLyon,,Anfield,Undiano Mallenco,Match Report,,Liverpool,Lyon,1,2,0,0,,,,
Group stage,3,Wed,21-10-2009,,Real Madrides,2–3,itMilan,,Estadio Santiago Bernabéu,Frank de Bleeckere,Match Report,,Real Madrid,Milan,2,3,0,0,,,,
Group stage,3,Wed,21-10-2009,,Zürichch,0–1,frMarseille,,Stadion Letzigrund,Damir Skomina,Match Report,,Zürich,Marseille,0,1,0,0,,,,
Group stage,3,Wed,21-10-2009,,Juventusit,1–0,ilMaccabi Haifa,,Stadio Olimpico,Olegário Benquerença,Match Report,,Juventus,Maccabi Haifa,1,0,0,0,,,,
Group stage,3,Wed,21-10-2009,,Wolfsburgde,0–0,trBeşiktaş,,VfL Wolfsburg Arena,Roberto Rosetti,Match Report,,Wolfsburg,Beşiktaş,0,0,0,0,,,,
Group stage,3,Wed,21-10-2009,,Chelseaeng,4–0,esAtlético Madrid,,Stamford Bridge,Florian Meyer,Match Report,,Chelsea,Atlético Madrid,4,0,0,0,,,,
Group stage,3,Wed,21-10-2009,,Portopt,2–1,cyAPOEL FC,,Estádio do Dragão,Felix Brych,Match Report,,Porto,APOEL FC,2,1,0,0,,,,
Group stage,3,Wed,21-10-2009,,CSKA Moscowru,0–1,engManchester Utd,,Stadion Luzhniki,Claus Bo Larsen,Match Report,,CSKA Moscow,Manchester Utd,0,1,0,0,,,,
Group stage,3,Wed,21-10-2009,,Bordeauxfr,2–1,deBayern Munich,,Stade Chaban,Terje Hauge,Match Report,,Bordeaux,Bayern Munich,2,1,0,0,,,,
,,,,,,,,,,,,,#VALUE!,,,,,,,,,
Group stage,4,Tue,03-11-2009,,Manchester Utdeng,3–3,ruCSKA Moscow,,Old Trafford,Olegário Benquerença,Match Report,,Manchester Utd,CSKA Moscow,3,3,0,0,,,,
Group stage,4,Tue,03-11-2009,,Milanit,1–1,esReal Madrid,,Stadio Giuseppe Meazza,Felix Brych,Match Report,,Milan,Real Madrid,1,1,0,0,,,,
Group stage,4,Tue,03-11-2009,,APOEL FCcy,0–1,ptPorto,,GSP Stadium,Damir Skomina,Match Report,,APOEL FC,Porto,0,1,0,0,,,,
Group stage,4,Tue,03-11-2009,,Beşiktaştr,0–3,deWolfsburg,,BJK İnönü Stadyumu,Undiano Mallenco,Match Report,,Beşiktaş,Wolfsburg,0,3,0,0,,,,
Group stage,4,Tue,03-11-2009,,Marseillefr,6–1,chZürich,,Stade Vélodrome,Craig Thomson,Match Report,,Marseille,Zürich,6,1,0,0,,,,
Group stage,4,Tue,03-11-2009,,Bayern Munichde,0–2,frBordeaux,,Fußball Arena München,Pedro Proença,Match Report,,Bayern Munich,Bordeaux,0,2,0,0,,,,
Group stage,4,Tue,03-11-2009,,Atlético Madrides,2–2,engChelsea,,Estadio Vicente Calderón,Björn Kuipers,Match Report,,Atlético Madrid,Chelsea,2,2,0,0,,,,
Group stage,4,Tue,03-11-2009,,Maccabi Haifail,0–1,itJuventus,,Itztadion Ramat Gan,Terje Hauge,Match Report,,Maccabi Haifa,Juventus,0,1,0,0,,,,
Group stage,4,Wed,04-11-2009,,Fiorentinait,5–2,huDebrecen,,Stadio Artemio Franchi,Mejuto González,Match Report,,Fiorentina,Debrecen,5,2,0,0,,,,
Group stage,4,Wed,04-11-2009,,Unirea Urziceniro,1–1,sctRangers,,Stadionul Steaua,Claus Bo Larsen,Match Report,,Unirea Urziceni,Rangers,1,1,0,0,,,,
Group stage,4,Wed,04-11-2009,,Arsenaleng,4–1,nlAZ Alkmaar,,Arsenal Stadium,Alain Hamer,Match Report,,Arsenal,AZ Alkmaar,4,1,0,0,,,,
Group stage,4,Wed,04-11-2009,,Dynamo Kyivua,1–2,itInter,,Stadion Dynamo im. Valeriy Lobanovskiy,Bertrand Layec,Match Report,,Dynamo Kyiv,Inter,1,2,0,0,,,,
Group stage,4,Wed,04-11-2009,,Lyonfr,1–1,engLiverpool,,Stade de Gerland,Frank de Bleeckere,Match Report,,Lyon,Liverpool,1,1,0,0,,,,
Group stage,4,Wed,04-11-2009,,Standard Liègebe,2–0,grOlympiacos,,Stade Maurice Dufrasne,Nicola Rizzoli,Match Report,,Standard Liège,Olympiacos,2,0,0,0,,,,
Group stage,4,Wed,04-11-2009,,Rubin Kazanru,0–0,esBarcelona,,Centralniy Stadion,Konrad Plautz,Match Report,,Rubin Kazan,Barcelona,0,0,0,0,,,,
Group stage,4,Wed,04-11-2009,,Sevillaes,1–1,deStuttgart,,Estadio Ramón Sánchez Pizjuán,Martin Atkinson,Match Report,,Sevilla,Stuttgart,1,1,0,0,,,,
,,,,,,,,,,,,,#VALUE!,,,,,,,,,
Group stage,5,Tue,24-11-2009,,Arsenaleng,2–0,beStandard Liège,,Arsenal Stadium,Konrad Plautz,Match Report,,Arsenal,Standard Liège,2,0,0,0,,,,
Group stage,5,Tue,24-11-2009,,Barcelonaes,2–0,itInter,,Camp Nou,Massimo Busacca,Match Report,,Barcelona,Inter,2,0,0,0,,,,
Group stage,5,Tue,24-11-2009,,Fiorentinait,1–0,frLyon,,Stadio Artemio Franchi,Olegário Benquerença,Match Report,,Fiorentina,Lyon,1,0,0,0,,,,
Group stage,5,Tue,24-11-2009,,Unirea Urziceniro,1–0,esSevilla,,Stadionul Steaua,Tom Henning Øvrebø,Match Report,,Unirea Urziceni,Sevilla,1,0,0,0,,,,
Group stage,5,Tue,24-11-2009,,AZ Alkmaarnl,0–0,grOlympiacos,,AZ Stadion,Undiano Mallenco,Match Report,,AZ Alkmaar,Olympiacos,0,0,0,0,,,,
Group stage,5,Tue,24-11-2009,,Rubin Kazanru,0–0,uaDynamo Kyiv,,Centralniy Stadion,Felix Brych,Match Report,,Rubin Kazan,Dynamo Kyiv,0,0,0,0,,,,
Group stage,5,Tue,24-11-2009,,Rangerssct,0–2,deStuttgart,,Ibrox Stadium,Roberto Rosetti,Match Report,,Rangers,Stuttgart,0,2,0,0,,,,
Group stage,5,Tue,24-11-2009,,Debrecenhu,0–1,engLiverpool,,Ferenc Puskás,Björn Kuipers,Match Report,,Debrecen,Liverpool,0,1,0,0,,,,
Group stage,5,Wed,25-11-2009,,Real Madrides,1–0,chZürich,,Estadio Santiago Bernabéu,Alain Hamer,Match Report,,Real Madrid,Zürich,1,0,0,0,,,,
Group stage,5,Wed,25-11-2009,,CSKA Moscowru,2–1,deWolfsburg,,Stadion Luzhniki,Nicola Rizzoli,Match Report,,CSKA Moscow,Wolfsburg,2,1,0,0,,,,
Group stage,5,Wed,25-11-2009,,APOEL FCcy,1–1,esAtlético Madrid,,GSP Stadium,Frank de Bleeckere,Match Report,,APOEL FC,Atlético Madrid,1,1,0,0,,,,
Group stage,5,Wed,25-11-2009,,Portopt,0–1,engChelsea,,Estádio do Dragão,Jonas Eriksson,Match Report,,Porto,Chelsea,0,1,0,0,,,,
Group stage,5,Wed,25-11-2009,,Bordeauxfr,2–0,itJuventus,,Stade Chaban,Iturralde González,Match Report,,Bordeaux,Juventus,2,0,0,0,,,,
Group stage,5,Wed,25-11-2009,,Bayern Munichde,1–0,ilMaccabi Haifa,,Fußball Arena München,Craig Thomson,Match Report,,Bayern Munich,Maccabi Haifa,1,0,0,0,,,,
Group stage,5,Wed,25-11-2009,,Manchester Utdeng,0–1,trBeşiktaş,,Old Trafford,Stéphane Lannoy,Match Report,,Manchester Utd,Beşiktaş,0,1,0,0,,,,
Group stage,5,Wed,25-11-2009,,Milanit,1–1,frMarseille,,Stadio Giuseppe Meazza,Howard Webb,Match Report,,Milan,Marseille,1,1,0,0,,,,
,,,,,,,,,,,,,#VALUE!,,,,,,,,,
Group stage,6,Tue,08-12-2009,,Maccabi Haifail,0–1,frBordeaux,,Itztadion Ramat Gan,Jonas Eriksson,Match Report,,Maccabi Haifa,Bordeaux,0,1,0,0,,,,
Group stage,6,Tue,08-12-2009,,Marseillefr,1–3,esReal Madrid,,Stade Vélodrome,Wolfgang Stark,Match Report,,Marseille,Real Madrid,1,3,0,0,,,,
Group stage,6,Tue,08-12-2009,,Juventusit,1–4,deBayern Munich,,Stadio Olimpico,Massimo Busacca,Match Report,,Juventus,Bayern Munich,1,4,0,0,,,,
Group stage,6,Tue,08-12-2009,,Atlético Madrides,0–3,ptPorto,,Estadio Vicente Calderón,Stéphane Lannoy,Match Report,,Atlético Madrid,Porto,0,3,0,0,,,,
Group stage,6,Tue,08-12-2009,,Chelseaeng,2–2,cyAPOEL FC,,Stamford Bridge,Matteo Trefoloni,Match Report,,Chelsea,APOEL FC,2,2,0,0,,,,
Group stage,6,Tue,08-12-2009,,Zürichch,1–1,itMilan,,Stadion Letzigrund,Pedro Proença,Match Report,,Zürich,Milan,1,1,0,0,,,,
Group stage,6,Tue,08-12-2009,,Beşiktaştr,1–2,ruCSKA Moscow,,BJK İnönü Stadyumu,Martin Hansson,Match Report,,Beşiktaş,CSKA Moscow,1,2,0,0,,,,
Group stage,6,Tue,08-12-2009,,Wolfsburgde,1–3,engManchester Utd,,VfL Wolfsburg Arena,Björn Kuipers,Match Report,,Wolfsburg,Manchester Utd,1,3,0,0,,,,
Group stage,6,Wed,09-12-2009,,Interit,2–0,ruRubin Kazan,,Stadio Giuseppe Meazza,Pieter Vink,Match Report,,Inter,Rubin Kazan,2,0,0,0,,,,
Group stage,6,Wed,09-12-2009,,Sevillaes,1–0,sctRangers,,Estadio Ramón Sánchez Pizjuán,Bertrand Layec,Match Report,,Sevilla,Rangers,1,0,0,0,,,,
Group stage,6,Wed,09-12-2009,,Stuttgartde,3–1,roUnirea Urziceni,,VfB Arena,Viktor Kassai,Match Report,,Stuttgart,Unirea Urziceni,3,1,0,0,,,,
Group stage,6,Wed,09-12-2009,,Standard Liègebe,1–1,nlAZ Alkmaar,,Stade Maurice Dufrasne,Martin Atkinson,Match Report,,Standard Liège,AZ Alkmaar,1,1,0,0,,,,
Group stage,6,Wed,09-12-2009,,Liverpooleng,1–2,itFiorentina,,Anfield,Damir Skomina,Match Report,,Liverpool,Fiorentina,1,2,0,0,,,,
Group stage,6,Wed,09-12-2009,,Olympiacosgr,1–0,engArsenal,,Stadio Georgios Karaiskakis,Lucílio Batista,Match Report,,Olympiacos,Arsenal,1,0,0,0,,,,
Group stage,6,Wed,09-12-2009,,Lyonfr,4–0,huDebrecen,,Stade de Gerland,Florian Meyer,Match Report,,Lyon,Debrecen,4,0,0,0,,,,
Group stage,6,Wed,09-12-2009,,Dynamo Kyivua,1–2,esBarcelona,,Stadion Dynamo im. Valeriy Lobanovskiy,Howard Webb,Match Report,,Dynamo Kyiv,Barcelona,1,2,0,0,,,,
,,,,,,,,,,,,,#VALUE!,,,,,,,,,
Round of 16,,Tue,16-02-2010,,Milanit,2–3,engManchester Utd,,Stadio Giuseppe Meazza,Olegário Benquerença,Match Report,Leg 1 of 2,Milan,Manchester Utd,2,3,1,0,#VALUE!,#VALUE!,#VALUE!,#VALUE!
Round of 16,,Tue,16-02-2010,,Lyonfr,1–0,esReal Madrid,,Stade de Gerland,Martin Atkinson,Match Report,Leg 1 of 2,Lyon,Real Madrid,1,0,1,0,#VALUE!,#VALUE!,#VALUE!,#VALUE!
Round of 16,,Wed,17-02-2010,,Portopt,2–1,engArsenal,,Estádio do Dragão,Martin Hansson,Match Report,Leg 1 of 2,Porto,Arsenal,2,1,1,0,#VALUE!,#VALUE!,#VALUE!,#VALUE!
Round of 16,,Wed,17-02-2010,,Bayern Munichde,2–1,itFiorentina,,Fußball Arena München,Tom Henning Øvrebø,Match Report,Leg 1 of 2,Bayern Munich,Fiorentina,2,1,1,0,#VALUE!,#VALUE!,#VALUE!,#VALUE!
Round of 16,,Tue,23-02-2010,,Stuttgartde,1–1,esBarcelona,,VfB Arena,Björn Kuipers,Match Report,Leg 1 of 2,Stuttgart,Barcelona,1,1,1,0,#VALUE!,#VALUE!,#VALUE!,#VALUE!
Round of 16,,Tue,23-02-2010,,Olympiacosgr,0–1,frBordeaux,,Stadio Georgios Karaiskakis,Howard Webb,Match Report,Leg 1 of 2,Olympiacos,Bordeaux,0,1,1,0,#VALUE!,#VALUE!,#VALUE!,#VALUE!
Round of 16,,Wed,24-02-2010,,CSKA Moscowru,1–1,esSevilla,,Stadion Luzhniki,Felix Brych,Match Report,Leg 1 of 2,CSKA Moscow,Sevilla,1,1,1,0,#VALUE!,#VALUE!,#VALUE!,#VALUE!
Round of 16,,Wed,24-02-2010,,Interit,2–1,engChelsea,,Stadio Giuseppe Meazza,Mejuto González,Match Report,Leg 1 of 2,Inter,Chelsea,2,1,1,0,#VALUE!,#VALUE!,#VALUE!,#VALUE!
Round of 16,,Tue,09-03-2010,,Arsenaleng,5–0,ptPorto,,Arsenal Stadium,Frank de Bleeckere,Match Report,Leg 2 of 2; Arsenal won,Arsenal,Porto,5,0,0,1,#VALUE!,#VALUE!,#VALUE!,#VALUE!
Round of 16,,Tue,09-03-2010,,Fiorentinait,3–2,deBayern Munich,,Stadio Artemio Franchi,Undiano Mallenco,Match Report,Leg 2 of 2; Bayern Munich won,Fiorentina,Bayern Munich,3,2,0,1,#VALUE!,#VALUE!,#VALUE!,#VALUE!
Round of 16,,Wed,10-03-2010,,Manchester Utdeng,4–0,itMilan,,Old Trafford,Massimo Busacca,Match Report,Leg 2 of 2; Manchester Utd won,Manchester Utd,Milan,4,0,0,1,#VALUE!,#VALUE!,#VALUE!,#VALUE!
Round of 16,,Wed,10-03-2010,,Real Madrides,1–1,frLyon,,Estadio Santiago Bernabéu,Nicola Rizzoli,Match Report,Leg 2 of 2; Lyon won,Real Madrid,Lyon,1,1,0,1,#VALUE!,#VALUE!,#VALUE!,#VALUE!
Round of 16,,Tue,16-03-2010,,Sevillaes,1–2,ruCSKA Moscow,,Estadio Ramón Sánchez Pizjuán,Viktor Kassai,Match Report,Leg 2 of 2; CSKA Moscow won,Sevilla,CSKA Moscow,1,2,0,1,#VALUE!,#VALUE!,#VALUE!,#VALUE!
Round of 16,,Tue,16-03-2010,,Chelseaeng,0–1,itInter,,Stamford Bridge,Wolfgang Stark,Match Report,Leg 2 of 2; Inter won,Chelsea,Inter,0,1,0,1,#VALUE!,#VALUE!,#VALUE!,#VALUE!
Round of 16,,Wed,17-03-2010,,Bordeauxfr,2–1,grOlympiacos,,Stade Chaban,Olegário Benquerença,Match Report,Leg 2 of 2; Bordeaux won,Bordeaux,Olympiacos,2,1,0,1,#VALUE!,#VALUE!,#VALUE!,#VALUE!
Round of 16,,Wed,17-03-2010,,Barcelonaes,4–0,deStuttgart,,Camp Nou,Alain Hamer,Match Report,Leg 2 of 2; Barcelona won,Barcelona,Stuttgart,4,0,0,1,#VALUE!,#VALUE!,#VALUE!,#VALUE!
Quarter-finals,,Tue,30-03-2010,,Bayern Munichde,2–1,engManchester Utd,,Fußball Arena München,Frank de Bleeckere,Match Report,Leg 1 of 2,Bayern Munich,Manchester Utd,2,1,1,0,#VALUE!,#VALUE!,#VALUE!,#VALUE!
Quarter-finals,,Tue,30-03-2010,,Lyonfr,3–1,frBordeaux,,Stade de Gerland,Felix Brych,Match Report,Leg 1 of 2,Lyon,Bordeaux,3,1,1,0,#VALUE!,#VALUE!,#VALUE!,#VALUE!
Quarter-finals,,Wed,31-03-2010,,Arsenaleng,2–2,esBarcelona,,Arsenal Stadium,Massimo Busacca,Match Report,Leg 1 of 2,Arsenal,Barcelona,2,2,1,0,#VALUE!,#VALUE!,#VALUE!,#VALUE!
Quarter-finals,,Wed,31-03-2010,,Interit,1–0,ruCSKA Moscow,,Stadio Giuseppe Meazza,Howard Webb,Match Report,Leg 1 of 2,Inter,CSKA Moscow,1,0,1,0,#VALUE!,#VALUE!,#VALUE!,#VALUE!
Quarter-finals,,Tue,06-04-2010,,Barcelonaes,4–1,engArsenal,,Camp Nou,Wolfgang Stark,Match Report,Leg 2 of 2; Barcelona won,Barcelona,Arsenal,4,1,0,1,#VALUE!,#VALUE!,#VALUE!,#VALUE!
Quarter-finals,,Tue,06-04-2010,,CSKA Moscowru,0–1,itInter,,Stadion Luzhniki,Stéphane Lannoy,Match Report,Leg 2 of 2; Inter won,CSKA Moscow,Inter,0,1,0,1,#VALUE!,#VALUE!,#VALUE!,#VALUE!
Quarter-finals,,Wed,07-04-2010,,Bordeauxfr,1–0,frLyon,,Stade Chaban,Undiano Mallenco,Match Report,Leg 2 of 2; Lyon won,Bordeaux,Lyon,1,0,0,1,#VALUE!,#VALUE!,#VALUE!,#VALUE!
Quarter-finals,,Wed,07-04-2010,,Manchester Utdeng,3–2,deBayern Munich,,Old Trafford,Nicola Rizzoli,Match Report,Leg 2 of 2; Bayern Munich won,Manchester Utd,Bayern Munich,3,2,0,1,#VALUE!,#VALUE!,#VALUE!,#VALUE!
Semi-finals,,Tue,20-04-2010,,Interit,3–1,esBarcelona,,Stadio Giuseppe Meazza,Olegário Benquerença,Match Report,Leg 1 of 2,Inter,Barcelona,3,1,1,0,#VALUE!,#VALUE!,#VALUE!,#VALUE!
Round,Wk,Day,Date,Time,Home,Score,Away,Attendance,Venue,Referee,Match Report,Notes,Ho,Away,Score,,0,0,#VALUE!,#VALUE!,#VALUE!,#VALUE!
Semi-finals,,Wed,21-04-2010,,Bayern Munichde,1–0,frLyon,,Fußball Arena München,Roberto Rosetti,Match Report,Leg 1 of 2,Bayern Munich,Lyon,1,0,1,0,#VALUE!,#VALUE!,#VALUE!,#VALUE!
Semi-finals,,Tue,27-04-2010,,Lyonfr,0–3,deBayern Munich,,Stade de Gerland,Massimo Busacca,Match Report,Leg 2 of 2; Bayern Munich won,Lyon,Bayern Munich,0,3,0,1,#VALUE!,#VALUE!,#VALUE!,#VALUE!
Semi-finals,,Wed,28-04-2010,,Barcelonaes,1–0,itInter,,Camp Nou,Frank de Bleeckere,Match Report,Leg 2 of 2; Inter won,Barcelona,Inter,1,0,0,1,#VALUE!,#VALUE!,#VALUE!,#VALUE!
Final,,Sat,22-05-2010,,Bayern Munichde,0–2,itInter,,Estadio Santiago Bernabéu (Neutral Site),Howard Webb,Match Report,,Bayern Munich,Inter,0,2,0,0,#VALUE!,#VALUE!,#VALUE!,#VALUE!