Round,Wk,Day,Date,Time,Home,Score,Away,Attendance,Venue,Referee,Match Report,Notes,Home_Clean,Away_Clean,Home_Score,Away_Score,Leg 1,Leg 2,Home_Score_2,Away_Score_2,Home_Pens,Away_Pens
Group stage,1,Tue,14-09-2010,,Lyonfr,1–0,deSchalke 04,,Stade de Gerland,Ivan Bebek,Match Report,,Lyon,Schalke 04,1,0,0,0,,,,
Group stage,1,Tue,14-09-2010,,Manchester Utdeng,0–0,sctRangers,,Old Trafford,Olegário Benquerença,Match Report,,Manchester Utd,Rangers,0,0,0,0,,,,
Group stage,1,Tue,14-09-2010,,Bursasportr,0–4,esValencia,,Bursa Atatürk,Svein Oddvar Moen,Match Report,,Bursaspor,Valencia,0,4,0,0,,,,
Group stage,1,Tue,14-09-2010,,Benficapt,2–0,ilHapoel Tel Aviv,,Estádio do Sport Lisboa e Benfica,Aleksei Nikolaev,Match Report,,Benfica,Hapoel Tel Aviv,2,0,0,0,,,,
Group stage,1,Tue,14-09-2010,,FC Copenhagendk,1–0,ruRubin Kazan,,Telia Parken,Thomas Einwaller,Match Report,,FC Copenhagen,Rubin Kazan,1,0,0,0,,,,
Group stage,1,Tue,14-09-2010,,Barcelonaes,5–1,grPanathinaikos,,Camp Nou,Nicola Rizzoli,Match Report,,Barcelona,Panathinaikos,5,1,0,0,,,,
Group stage,1,Tue,14-09-2010,,Twentenl,2–2,itInter,,FC Twente Stadion,Pedro Proença,Match Report,,Twente,Inter,2,2,0,0,,,,
Group stage,1,Tue,14-09-2010,,Werder Bremende,2–2,engTottenham,,Weserstadion,Massimo Busacca,Match Report,,Werder Bremen,Tottenham,2,2,0,0,,,,
Group stage,1,Wed,15-09-2010,,Arsenaleng,6–0,ptBraga,,Arsenal Stadium,Alain Hamer,Match Report,,Arsenal,Braga,6,0,0,0,,,,
Group stage,1,Wed,15-09-2010,,Real Madrides,2–0,nlAjax,,Estadio Santiago Bernabéu,Damir Skomina,Match Report,,Real Madrid,Ajax,2,0,0,0,,,,
Group stage,1,Wed,15-09-2010,,Shakhtarua,1–0,rsPartizan,,Donbass Arena,Velasco Carballo,Match Report,,Shakhtar,Partizan,1,0,0,0,,,,
Group stage,1,Wed,15-09-2010,,MŠK Žilinask,1–4,engChelsea,,Štadión MŠK Žilina,Björn Kuipers,Match Report,,MŠK Žilina,Chelsea,1,4,0,0,,,,
Group stage,1,Wed,15-09-2010,,Marseillefr,0–1,ruSpartak Moscow,,Stade Vélodrome,Florian Meyer,Match Report,,Marseille,Spartak Moscow,0,1,0,0,,,,
Group stage,1,Wed,15-09-2010,,Bayern Munichde,2–0,itRoma,,Fußball Arena München,Stéphane Lannoy,Match Report,,Bayern Munich,Roma,2,0,0,0,,,,
Group stage,1,Wed,15-09-2010,,Milanit,2–0,frAuxerre,,Stadio Giuseppe Meazza,Cristian Balaj,Match Report,,Milan,Auxerre,2,0,0,0,,,,
Group stage,1,Wed,15-09-2010,,CFR Clujro,2–1,chBasel,,Stadionul Dr. Constantin Rădulescu,Alan Kelly,Match Report,,CFR Cluj,Basel,2,1,0,0,,,,
,,,,,,,,,,,,,#VALUE!,,,,,,,,,
Group stage,2,Tue,28-09-2010,,Baselch,1–2,deBayern Munich,,St. Jakob,Craig Thomson,Match Report,,Basel,Bayern Munich,1,2,0,0,,,,
Group stage,2,Tue,28-09-2010,,Chelseaeng,2–0,frMarseille,,Stamford Bridge,Frank de Bleeckere,Match Report,,Chelsea,Marseille,2,0,0,0,,,,
Group stage,2,Tue,28-09-2010,,Bragapt,0–3,uaShakhtar,,Estádio Municipal de Braga,Kevin Blom,Match Report,,Braga,Shakhtar,0,3,0,0,,,,
Group stage,2,Tue,28-09-2010,,Ajaxnl,1–1,itMilan,,Amsterdam ArenA,Felix Brych,Match Report,,Ajax,Milan,1,1,0,0,,,,
Group stage,2,Tue,28-09-2010,,Spartak Moscowru,3–0,skMŠK Žilina,,Stadion Luzhniki,Martin Hansson,Match Report,,Spartak Moscow,MŠK Žilina,3,0,0,0,,,,
Group stage,2,Tue,28-09-2010,,Auxerrefr,0–1,esReal Madrid,,Stade Abbé,Claus Bo Larsen,Match Report,,Auxerre,Real Madrid,0,1,0,0,,,,
Group stage,2,Tue,28-09-2010,,Partizanrs,1–3,engArsenal,,Stadion FK Partizan,Wolfgang Stark,Match Report,,Partizan,Arsenal,1,3,0,0,,,,
Group stage,2,Tue,28-09-2010,,Romait,2–1,roCFR Cluj,,Stadio Olimpico,Jonas Eriksson,Match Report,,Roma,CFR Cluj,2,1,0,0,,,,
Group stage,2,Wed,29-09-2010,,Hapoel Tel Avivil,1–3,frLyon,,Bloomfield,Howard Webb,Match Report,,Hapoel Tel Aviv,Lyon,1,3,0,0,,,,
Group stage,2,Wed,29-09-2010,,Rubin Kazanru,1–1,esBarcelona,,Centralniy Stadion,Cüneyt Çakır,Match Report,,Rubin Kazan,Barcelona,1,1,0,0,,,,
Group stage,2,Wed,29-09-2010,,Rangerssct,1–0,trBursaspor,,Ibrox Stadium,Serge Gumienny,Match Report,,Rangers,Bursaspor,1,0,0,0,,,,
Group stage,2,Wed,29-09-2010,,Panathinaikosgr,0–2,dkFC Copenhagen,,OAKA Spiros Louis,William Collum,Match Report,,Panathinaikos,FC Copenhagen,0,2,0,0,,,,
Group stage,2,Wed,29-09-2010,,Tottenhameng,4–1,nlTwente,,White Hart Lane,Terje Hauge,Match Report,,Tottenham,Twente,4,1,0,0,,,,
Group stage,2,Wed,29-09-2010,,Interit,4–0,deWerder Bremen,,Stadio Giuseppe Meazza,Undiano Mallenco,Match Report,,Inter,Werder Bremen,4,0,0,0,,,,
Group stage,2,Wed,29-09-2010,,Schalke 04de,2–0,ptBenfica,,Arena AufSchalke,Gianluca Rocchi,Match Report,,Schalke 04,Benfica,2,0,0,0,,,,
Group stage,2,Wed,29-09-2010,,Valenciaes,0–1,engManchester Utd,,Estadi de Mestalla,Viktor Kassai,Match Report,,Valencia,Manchester Utd,0,1,0,0,,,,
,,,,,,,,,,,,,#VALUE!,,,,,,,,,
Group stage,3,Tue,19-10-2010,,Arsenaleng,5–1,uaShakhtar,,Arsenal Stadium,Svein Oddvar Moen,Match Report,,Arsenal,Shakhtar,5,1,0,0,,,,
Group stage,3,Tue,19-10-2010,,Marseillefr,1–0,skMŠK Žilina,,Stade Vélodrome,István Vad,Match Report,,Marseille,MŠK Žilina,1,0,0,0,,,,
Group stage,3,Tue,19-10-2010,,Real Madrides,2–0,itMilan,,Estadio Santiago Bernabéu,Pedro Proença,Match Report,,Real Madrid,Milan,2,0,0,0,,,,
Group stage,3,Tue,19-10-2010,,Spartak Moscowru,0–2,engChelsea,,Stadion Luzhniki,Velasco Carballo,Match Report,,Spartak Moscow,Chelsea,0,2,0,0,,,,
Group stage,3,Tue,19-10-2010,,Bragapt,2–0,rsPartizan,,Estádio Municipal de Braga,Laurent Duhamel,Match Report,,Braga,Partizan,2,0,0,0,,,,
Group stage,3,Tue,19-10-2010,,Ajaxnl,2–1,frAuxerre,,Amsterdam ArenA,Olegário Benquerença,Match Report,,Ajax,Auxerre,2,1,0,0,,,,
Group stage,3,Tue,19-10-2010,,Romait,1–3,chBasel,,Stadio Olimpico,Aleksei Nikolaev,Match Report,,Roma,Basel,1,3,0,0,,,,
Group stage,3,Tue,19-10-2010,,Bayern Munichde,3–2,roCFR Cluj,,Fußball Arena München,Martin Atkinson,Match Report,,Bayern Munich,CFR Cluj,3,2,0,0,,,,
Group stage,3,Wed,20-10-2010,,Barcelonaes,2–0,dkFC Copenhagen,,Camp Nou,Stéphane Lannoy,Match Report,,Barcelona,FC Copenhagen,2,0,0,0,,,,
Group stage,3,Wed,20-10-2010,,Lyonfr,2–0,ptBenfica,,Stade de Gerland,Undiano Mallenco,Match Report,,Lyon,Benfica,2,0,0,0,,,,
Group stage,3,Wed,20-10-2010,,Schalke 04de,3–1,ilHapoel Tel Aviv,,Arena AufSchalke,William Collum,Match Report,,Schalke 04,Hapoel Tel Aviv,3,1,0,0,,,,
Group stage,3,Wed,20-10-2010,,Interit,4–3,engTottenham,,Stadio Giuseppe Meazza,Damir Skomina,Match Report,,Inter,Tottenham,4,3,0,0,,,,
Group stage,3,Wed,20-10-2010,,Manchester Utdeng,1–0,trBursaspor,,Old Trafford,Gianluca Rocchi,Match Report,,Manchester Utd,Bursaspor,1,0,0,0,,,,
Group stage,3,Wed,20-10-2010,,Panathinaikosgr,0–0,ruRubin Kazan,,OAKA Spiros Louis,Manuel Gräfe,Match Report,,Panathinaikos,Rubin Kazan,0,0,0,0,,,,
Group stage,3,Wed,20-10-2010,,Twentenl,1–1,deWerder Bremen,,FC Twente Stadion,Claus Bo Larsen,Match Report,,Twente,Werder Bremen,1,1,0,0,,,,
Group stage,3,Wed,20-10-2010,,Rangerssct,1–1,esValencia,,Ibrox Stadium,Nicola Rizzoli,Match Report,,Rangers,Valencia,1,1,0,0,,,,
,,,,,,,,,,,,,#VALUE!,,,,,,,,,
Group stage,4,Tue,02-11-2010,,Bursasportr,0–3,engManchester Utd,,Bursa Atatürk,Wolfgang Stark,Match Report,,Bursaspor,Manchester Utd,0,3,0,0,,,,
Group stage,4,Tue,02-11-2010,,Rubin Kazanru,0–0,grPanathinaikos,,Centralniy Stadion,Tony Chapron,Match Report,,Rubin Kazan,Panathinaikos,0,0,0,0,,,,
Group stage,4,Tue,02-11-2010,,Werder Bremende,0–2,nlTwente,,Weserstadion,Alain Hamer,Match Report,,Werder Bremen,Twente,0,2,0,0,,,,
Group stage,4,Tue,02-11-2010,,FC Copenhagendk,1–1,esBarcelona,,Telia Parken,Cristian Balaj,Match Report,,FC Copenhagen,Barcelona,1,1,0,0,,,,
Group stage,4,Tue,02-11-2010,,Hapoel Tel Avivil,0–0,deSchalke 04,,Bloomfield,Frank de Bleeckere,Match Report,,Hapoel Tel Aviv,Schalke 04,0,0,0,0,,,,
Group stage,4,Tue,02-11-2010,,Valenciaes,3–0,sctRangers,,Estadi de Mestalla,Felix Brych,Match Report,,Valencia,Rangers,3,0,0,0,,,,
Group stage,4,Tue,02-11-2010,,Tottenhameng,3–1,itInter,,White Hart Lane,Viktor Kassai,Match Report,,Tottenham,Inter,3,1,0,0,,,,
Group stage,4,Tue,02-11-2010,,Benficapt,4–3,frLyon,,Estádio do Sport Lisboa e Benfica,Craig Thomson,Match Report,,Benfica,Lyon,4,3,0,0,,,,
Group stage,4,Wed,03-11-2010,,MŠK Žilinask,0–7,frMarseille,,Štadión MŠK Žilina,Stefan Johannesson,Match Report,,MŠK Žilina,Marseille,0,7,0,0,,,,
Group stage,4,Wed,03-11-2010,,Chelseaeng,4–1,ruSpartak Moscow,,Stamford Bridge,Cüneyt Çakır,Match Report,,Chelsea,Spartak Moscow,4,1,0,0,,,,
Group stage,4,Wed,03-11-2010,,Shakhtarua,2–1,engArsenal,,Donbass Arena,Massimo Busacca,Match Report,,Shakhtar,Arsenal,2,1,0,0,,,,
Group stage,4,Wed,03-11-2010,,Milanit,2–2,esReal Madrid,,Stadio Giuseppe Meazza,Howard Webb,Match Report,,Milan,Real Madrid,2,2,0,0,,,,
Group stage,4,Wed,03-11-2010,,Partizanrs,0–1,ptBraga,,Stadion FK Partizan,Martin Hansson,Match Report,,Partizan,Braga,0,1,0,0,,,,
Group stage,4,Wed,03-11-2010,,Auxerrefr,2–1,nlAjax,,Stade Abbé,Mark Clattenburg,Match Report,,Auxerre,Ajax,2,1,0,0,,,,
Group stage,4,Wed,03-11-2010,,CFR Clujro,0–4,deBayern Munich,,Stadionul Dr. Constantin Rădulescu,Serge Gumienny,Match Report,,CFR Cluj,Bayern Munich,0,4,0,0,,,,
Group stage,4,Wed,03-11-2010,,Baselch,2–3,itRoma,,St. Jakob,Björn Kuipers,Match Report,,Basel,Roma,2,3,0,0,,,,
,,,,,,,,,,,,,#VALUE!,,,,,,,,,
Group stage,5,Tue,23-11-2010,,Auxerrefr,0–2,itMilan,,Stade Abbé,Damir Skomina,Match Report,,Auxerre,Milan,0,2,0,0,,,,
Group stage,5,Tue,23-11-2010,,Romait,3–2,deBayern Munich,,Stadio Olimpico,Undiano Mallenco,Match Report,,Roma,Bayern Munich,3,2,0,0,,,,
Group stage,5,Tue,23-11-2010,,Chelseaeng,2–1,skMŠK Žilina,,Stamford Bridge,Robert Schörgenhofer,Match Report,,Chelsea,MŠK Žilina,2,1,0,0,,,,
Group stage,5,Tue,23-11-2010,,Bragapt,2–0,engArsenal,,Estádio Municipal de Braga,Viktor Kassai,Match Report,,Braga,Arsenal,2,0,0,0,,,,
Group stage,5,Tue,23-11-2010,,Partizanrs,0–3,uaShakhtar,,Stadion FK Partizan,Frank de Bleeckere,Match Report,,Partizan,Shakhtar,0,3,0,0,,,,
Group stage,5,Tue,23-11-2010,,Spartak Moscowru,0–3,frMarseille,,Stadion Luzhniki,Wolfgang Stark,Match Report,,Spartak Moscow,Marseille,0,3,0,0,,,,
Group stage,5,Tue,23-11-2010,,Baselch,1–0,roCFR Cluj,,St. Jakob,Laurent Duhamel,Match Report,,Basel,CFR Cluj,1,0,0,0,,,,
Group stage,5,Tue,23-11-2010,,Ajaxnl,0–4,esReal Madrid,,Amsterdam ArenA,Craig Thomson,Match Report,,Ajax,Real Madrid,0,4,0,0,,,,
Group stage,5,Wed,24-11-2010,,Valenciaes,6–1,trBursaspor,,Estadi de Mestalla,Bruno Paixão,Match Report,,Valencia,Bursaspor,6,1,0,0,,,,
Group stage,5,Wed,24-11-2010,,Panathinaikosgr,0–3,esBarcelona,,OAKA Spiros Louis,Gianluca Rocchi,Match Report,,Panathinaikos,Barcelona,0,3,0,0,,,,
Group stage,5,Wed,24-11-2010,,Rubin Kazanru,1–0,dkFC Copenhagen,,Centralniy Stadion,Martin Atkinson,Match Report,,Rubin Kazan,FC Copenhagen,1,0,0,0,,,,
Group stage,5,Wed,24-11-2010,,Rangerssct,0–1,engManchester Utd,,Ibrox Stadium,Massimo Busacca,Match Report,,Rangers,Manchester Utd,0,1,0,0,,,,
Group stage,5,Wed,24-11-2010,,Tottenhameng,3–0,deWerder Bremen,,White Hart Lane,Olegário Benquerença,Match Report,,Tottenham,Werder Bremen,3,0,0,0,,,,
Group stage,5,Wed,24-11-2010,,Interit,1–0,nlTwente,,Stadio Giuseppe Meazza,Stéphane Lannoy,Match Report,,Inter,Twente,1,0,0,0,,,,
Group stage,5,Wed,24-11-2010,,Hapoel Tel Avivil,3–0,ptBenfica,,Bloomfield,Alain Hamer,Match Report,,Hapoel Tel Aviv,Benfica,3,0,0,0,,,,
Group stage,5,Wed,24-11-2010,,Schalke 04de,3–0,frLyon,,Arena AufSchalke,Nicola Rizzoli,Match Report,,Schalke 04,Lyon,3,0,0,0,,,,
,,,,,,,,,,,,,#VALUE!,,,,,,,,,
Group stage,6,Tue,07-12-2010,,Benficapt,1–2,deSchalke 04,,Estádio do Sport Lisboa e Benfica,Howard Webb,Match Report,,Benfica,Schalke 04,1,2,0,0,,,,
Group stage,6,Tue,07-12-2010,,Twentenl,3–3,engTottenham,,FC Twente Stadion,Velasco Carballo,Match Report,,Twente,Tottenham,3,3,0,0,,,,
Group stage,6,Tue,07-12-2010,,Manchester Utdeng,1–1,esValencia,,Old Trafford,Pedro Proença,Match Report,,Manchester Utd,Valencia,1,1,0,0,,,,
Group stage,6,Tue,07-12-2010,,FC Copenhagendk,3–1,grPanathinaikos,,FC København Stadium,Florian Meyer,Match Report,,FC Copenhagen,Panathinaikos,3,1,0,0,,,,
Group stage,6,Tue,07-12-2010,,Barcelonaes,2–0,ruRubin Kazan,,Camp Nou,Jonas Eriksson,Match Report,,Barcelona,Rubin Kazan,2,0,0,0,,,,
Group stage,6,Tue,07-12-2010,,Werder Bremende,3–0,itInter,,Weserstadion,Cüneyt Çakır,Match Report,,Werder Bremen,Inter,3,0,0,0,,,,
Group stage,6,Tue,07-12-2010,,Bursasportr,1–1,sctRangers,,Bursa Atatürk,Tony Chapron,Match Report,,Bursaspor,Rangers,1,1,0,0,,,,
Group stage,6,Tue,07-12-2010,,Lyonfr,2–2,ilHapoel Tel Aviv,,Stade de Gerland,Svein Oddvar Moen,Match Report,,Lyon,Hapoel Tel Aviv,2,2,0,0,,,,
Group stage,6,Wed,08-12-2010,,Shakhtarua,2–0,ptBraga,,Donbass Arena,Felix Brych,Match Report,,Shakhtar,Braga,2,0,0,0,,,,
Group stage,6,Wed,08-12-2010,,Marseillefr,1–0,engChelsea,,Stade Vélodrome,Vladislav Bezborodov,Match Report,,Marseille,Chelsea,1,0,0,0,,,,
Group stage,6,Wed,08-12-2010,,MŠK Žilinask,1–2,ruSpartak Moscow,,Štadión MŠK Žilina,Kevin Blom,Match Report,,MŠK Žilina,Spartak Moscow,1,2,0,0,,,,
Group stage,6,Wed,08-12-2010,,CFR Clujro,1–1,itRoma,,Stadionul Dr. Constantin Rădulescu,William Collum,Match Report,,CFR Cluj,Roma,1,1,0,0,,,,
Group stage,6,Wed,08-12-2010,,Milanit,0–2,nlAjax,,Stadio Giuseppe Meazza,Claus Bo Larsen,Match Report,,Milan,Ajax,0,2,0,0,,,,
Group stage,6,Wed,08-12-2010,,Arsenaleng,3–1,rsPartizan,,Arsenal Stadium,Paolo Tagliavento,Match Report,,Arsenal,Partizan,3,1,0,0,,,,
Group stage,6,Wed,08-12-2010,,Bayern Munichde,3–0,chBasel,,Fußball Arena München,Martin Hansson,Match Report,,Bayern Munich,Basel,3,0,0,0,,,,
Group stage,6,Wed,08-12-2010,,Real Madrides,4–0,frAuxerre,,Estadio Santiago Bernabéu,Serge Gumienny,Match Report,,Real Madrid,Auxerre,4,0,0,0,,,,
,,,,,,,,,,,,,#VALUE!,,,,,,,,,
Round of 16,,Tue,15-02-2011,,Valenciaes,1–1,deSchalke 04,,Estadi de Mestalla,Aleksei Nikolaev,Match Report,Leg 1 of 2,Valencia,Schalke 04,1,1,1,0,#VALUE!,#VALUE!,#VALUE!,#VALUE!
Round of 16,,Tue,15-02-2011,,Milanit,0–1,engTottenham,,Stadio Giuseppe Meazza,Stéphane Lannoy,Match Report,Leg 1 of 2,Milan,Tottenham,0,1,1,0,#VALUE!,#VALUE!,#VALUE!,#VALUE!
Round of 16,,Wed,16-02-2011,,Arsenaleng,2–1,esBarcelona,,Arsenal Stadium,Nicola Rizzoli,Match Report,Leg 1 of 2,Arsenal,Barcelona,2,1,1,0,#VALUE!,#VALUE!,#VALUE!,#VALUE!
Round of 16,,Wed,16-02-2011,,Romait,2–3,uaShakhtar,,Stadio Olimpico,Olegário Benquerença,Match Report,Leg 1 of 2,Roma,Shakhtar,2,3,1,0,#VALUE!,#VALUE!,#VALUE!,#VALUE!
Round of 16,,Tue,22-02-2011,,FC Copenhagendk,0–2,engChelsea,,Telia Parken,Björn Kuipers,Match Report,Leg 1 of 2,FC Copenhagen,Chelsea,0,2,1,0,#VALUE!,#VALUE!,#VALUE!,#VALUE!
Round of 16,,Tue,22-02-2011,,Lyonfr,1–1,esReal Madrid,,Stade de Gerland,Wolfgang Stark,Match Report,Leg 1 of 2,Lyon,Real Madrid,1,1,1,0,#VALUE!,#VALUE!,#VALUE!,#VALUE!
Round of 16,,Wed,23-02-2011,,Marseillefr,0–0,engManchester Utd,,Stade Vélodrome,Felix Brych,Match Report,Leg 1 of 2,Marseille,Manchester Utd,0,0,1,0,#VALUE!,#VALUE!,#VALUE!,#VALUE!
Round of 16,,Wed,23-02-2011,,Interit,0–1,deBayern Munich,,Stadio Giuseppe Meazza,Viktor Kassai,Match Report,Leg 1 of 2,Inter,Bayern Munich,0,1,1,0,#VALUE!,#VALUE!,#VALUE!,#VALUE!
Round of 16,,Tue,08-03-2011,,Shakhtarua,3–0,itRoma,,Donbass Arena,Howard Webb,Match Report,Leg 2 of 2; Shakhtar won,Shakhtar,Roma,3,0,0,1,#VALUE!,#VALUE!,#VALUE!,#VALUE!
Round of 16,,Tue,08-03-2011,,Barcelonaes,3–1,engArsenal,,Camp Nou,Massimo Busacca,Match Report,Leg 2 of 2; Barcelona won,Barcelona,Arsenal,3,1,0,1,#VALUE!,#VALUE!,#VALUE!,#VALUE!
Round of 16,,Wed,09-03-2011,,Tottenhameng,0–0,itMilan,,White Hart Lane,Frank de Bleeckere,Match Report,Leg 2 of 2; Tottenham won,Tottenham,Milan,0,0,0,1,#VALUE!,#VALUE!,#VALUE!,#VALUE!
Round of 16,,Wed,09-03-2011,,Schalke 04de,3–1,esValencia,,Arena AufSchalke,Jonas Eriksson,Match Report,Leg 2 of 2; Schalke 04 won,Schalke 04,Valencia,3,1,0,1,#VALUE!,#VALUE!,#VALUE!,#VALUE!
Round of 16,,Tue,15-03-2011,,Bayern Munichde,2–3,itInter,,Fußball Arena München,Pedro Proença,Match Report,Leg 2 of 2; Inter won,Bayern Munich,Inter,2,3,0,1,#VALUE!,#VALUE!,#VALUE!,#VALUE!
Round of 16,,Tue,15-03-2011,,Manchester Utdeng,2–1,frMarseille,,Old Trafford,Velasco Carballo,Match Report,Leg 2 of 2; Manchester Utd won,Manchester Utd,Marseille,2,1,0,1,#VALUE!,#VALUE!,#VALUE!,#VALUE!
Round of 16,,Wed,16-03-2011,,Chelseaeng,0–0,dkFC Copenhagen,,Stamford Bridge,Svein Oddvar Moen,Match Report,Leg 2 of 2; Chelsea won,Chelsea,FC Copenhagen,0,0,0,1,#VALUE!,#VALUE!,#VALUE!,#VALUE!
Round of 16,,Wed,16-03-2011,,Real Madrides,3–0,frLyon,,Estadio Santiago Bernabéu,Damir Skomina,Match Report,Leg 2 of 2; Real Madrid won,Real Madrid,Lyon,3,0,0,1,#VALUE!,#VALUE!,#VALUE!,#VALUE!
Quarter-finals,,Tue,05-04-2011,,Interit,2–5,deSchalke 04,,Stadio Giuseppe Meazza,Martin Atkinson,Match Report,Leg 1 of 2,Inter,Schalke 04,2,5,1,0,#VALUE!,#VALUE!,#VALUE!,#VALUE!
Quarter-finals,,Tue,05-04-2011,,Real Madrides,4–0,engTottenham,,Estadio Santiago Bernabéu,Felix Brych,Match Report,Leg 1 of 2,Real Madrid,Tottenham,4,0,1,0,#VALUE!,#VALUE!,#VALUE!,#VALUE!
Quarter-finals,,Wed,06-04-2011,,Chelseaeng,0–1,engManchester Utd,,Stamford Bridge,Undiano Mallenco,Match Report,Leg 1 of 2,Chelsea,Manchester Utd,0,1,1,0,#VALUE!,#VALUE!,#VALUE!,#VALUE!
Quarter-finals,,Wed,06-04-2011,,Barcelonaes,5–1,uaShakhtar,,Camp Nou,Craig Thomson,Match Report,Leg 1 of 2,Barcelona,Shakhtar,5,1,1,0,#VALUE!,#VALUE!,#VALUE!,#VALUE!
Quarter-finals,,Tue,12-04-2011,,Shakhtarua,0–1,esBarcelona,,Donbass Arena,Florian Meyer,Match Report,Leg 2 of 2; Barcelona won,Shakhtar,Barcelona,0,1,0,1,#VALUE!,#VALUE!,#VALUE!,#VALUE!
Quarter-finals,,Tue,12-04-2011,,Manchester Utdeng,2–1,engChelsea,,Old Trafford,Olegário Benquerença,Match Report,Leg 2 of 2; Manchester Utd won,Manchester Utd,Chelsea,2,1,0,1,#VALUE!,#VALUE!,#VALUE!,#VALUE!
Quarter-finals,,Wed,13-04-2011,,Tottenhameng,0–1,esReal Madrid,,White Hart Lane,Nicola Rizzoli,Match Report,Leg 2 of 2; Real Madrid won,Tottenham,Real Madrid,0,1,0,1,#VALUE!,#VALUE!,#VALUE!,#VALUE!
Quarter-finals,,Wed,13-04-2011,,Schalke 04de,2–1,itInter,,Arena AufSchalke,Damir Skomina,Match Report,Leg 2 of 2; Schalke 04 won,Schalke 04,Inter,2,1,0,1,#VALUE!,#VALUE!,#VALUE!,#VALUE!
Semi-finals,,Tue,26-04-2011,,Schalke 04de,0–2,engManchester Utd,,Arena AufSchalke,Velasco Carballo,Match Report,Leg 1 of 2,Schalke 04,Manchester Utd,0,2,1,0,#VALUE!,#VALUE!,#VALUE!,#VALUE!
Round,Wk,Day,Date,Time,Home,Score,Away,Attendance,Venue,Referee,Match Report,Notes,Ho,Away,Score,,0,0,#VALUE!,#VALUE!,#VALUE!,#VALUE!
Semi-finals,,Wed,27-04-2011,,Real Madrides,0–2,esBarcelona,,Estadio Santiago Bernabéu,Wolfgang Stark,Match Report,Leg 1 of 2,Real Madrid,Barcelona,0,2,1,0,#VALUE!,#VALUE!,#VALUE!,#VALUE!
Semi-finals,,Tue,03-05-2011,,Barcelonaes,1–1,esReal Madrid,,Camp Nou,Frank de Bleeckere,Match Report,Leg 2 of 2; Barcelona won,Barcelona,Real Madrid,1,1,0,1,#VALUE!,#VALUE!,#VALUE!,#VALUE!
Semi-finals,,Wed,04-05-2011,,Manchester Utdeng,4–1,deSchalke 04,,Old Trafford,Pedro Proença,Match Report,Leg 2 of 2; Manchester Utd won,Manchester Utd,Schalke 04,4,1,0,1,#VALUE!,#VALUE!,#VALUE!,#VALUE!
Final,,Sat,28-05-2011,,Barcelonaes,3–1,engManchester Utd,,Wembley Stadium (Neutral Site),Viktor Kassai,Match Report,,Barcelona,Manchester Utd,3,1,0,0,#VALUE!,#VALUE!,#VALUE!,#VALUE!