Round,Wk,Day,Date,Time,Home,Score,Away,Attendance,Venue,Referee,Match Report,Notes,Home_Clean,Away_Clean,Home_Score,Away_Score,Leg 1,Leg 2,Home_Score_2,Away_Score_2,Home_Pens,Away_Pens
Group stage,1,Tue,13-09-2011,,Portopt,2–1,uaShakhtar,,Estádio do Dragão,Felix Brych,Match Report,,Porto,Shakhtar,2,1,0,0,,,,
Group stage,1,Tue,13-09-2011,,Olympiacosgr,0–1,frMarseille,,Stadio Georgios Karaiskakis,Pedro Proença,Match Report,,Olympiacos,Marseille,0,1,0,0,,,,
Group stage,1,Tue,13-09-2011,,Barcelonaes,2–2,itMilan,,Camp Nou,Martin Atkinson,Match Report,,Barcelona,Milan,2,2,0,0,,,,
Group stage,1,Tue,13-09-2011,,Viktoria Plzeňcz,1–1,byBATE Borisov,,Stadion Eden,Laurent Duhamel,Match Report,,Viktoria Plzeň,BATE Borisov,1,1,0,0,,,,
Group stage,1,Tue,13-09-2011,,Genkbe,0–0,esValencia,,KRC Genk Arena,Thomas Einwaller,Match Report,,Genk,Valencia,0,0,0,0,,,,
Group stage,1,Tue,13-09-2011,,Dortmundde,1–1,engArsenal,,BVB Stadion Dortmund,Gianluca Rocchi,Match Report,,Dortmund,Arsenal,1,1,0,0,,,,
Group stage,1,Tue,13-09-2011,,APOEL FCcy,2–1,ruZenit,,GSP Stadium,Iturralde González,Match Report,,APOEL FC,Zenit,2,1,0,0,,,,
Group stage,1,Tue,13-09-2011,,Chelseaeng,2–0,deLeverkusen,,Stamford Bridge,Stéphane Lannoy,Match Report,,Chelsea,Leverkusen,2,0,0,0,,,,
Group stage,1,Wed,14-09-2011,,Dinamo Zagrebhr,0–1,esReal Madrid,,Stadion Maksimir,Svein Oddvar Moen,Match Report,,Dinamo Zagreb,Real Madrid,0,1,0,0,,,,
Group stage,1,Wed,14-09-2011,,Manchester Cityeng,1–1,itNapoli,,City of Manchester Stadium,Jonas Eriksson,Match Report,,Manchester City,Napoli,1,1,0,0,,,,
Group stage,1,Wed,14-09-2011,,Lillefr,2–2,ruCSKA Moscow,,Lille Métropole,Olegário Benquerença,Match Report,,Lille,CSKA Moscow,2,2,0,0,,,,
Group stage,1,Wed,14-09-2011,,Interit,0–1,trTrabzonspor,,Stadio Giuseppe Meazza,Stefan Johannesson,Match Report,,Inter,Trabzonspor,0,1,0,0,,,,
Group stage,1,Wed,14-09-2011,,Baselch,2–1,roOțelul Galați,,St. Jakob,William Collum,Match Report,,Basel,Oțelul Galați,2,1,0,0,,,,
Group stage,1,Wed,14-09-2011,,Ajaxnl,0–0,frLyon,,Amsterdam ArenA,Wolfgang Stark,Match Report,,Ajax,Lyon,0,0,0,0,,,,
Group stage,1,Wed,14-09-2011,,Villarreales,0–2,deBayern Munich,,Estadio El Madrigal,Cüneyt Çakır,Match Report,,Villarreal,Bayern Munich,0,2,0,0,,,,
Group stage,1,Wed,14-09-2011,,Benficapt,1–1,engManchester Utd,,Estádio do Sport Lisboa e Benfica,Damir Skomina,Match Report,,Benfica,Manchester Utd,1,1,0,0,,,,
,,,,,,,,,,,,,#VALUE!,,,,,,,,,
Group stage,2,Tue,27-09-2011,,Oțelul Galațiro,0–1,ptBenfica,,Arena Națională,Fernández Borbalán,Match Report,,Oțelul Galați,Benfica,0,1,0,0,,,,
Group stage,2,Tue,27-09-2011,,Napoliit,2–0,esVillarreal,,Stadio San Paolo,Frank de Bleeckere,Match Report,,Napoli,Villarreal,2,0,0,0,,,,
Group stage,2,Tue,27-09-2011,,Trabzonsportr,1–1,frLille,,Hüseyin Avni Aker Stadyumu,Björn Kuipers,Match Report,,Trabzonspor,Lille,1,1,0,0,,,,
Group stage,2,Tue,27-09-2011,,Lyonfr,2–0,hrDinamo Zagreb,,Stade de Gerland,Pavel Královec,Match Report,,Lyon,Dinamo Zagreb,2,0,0,0,,,,
Group stage,2,Tue,27-09-2011,,Bayern Munichde,2–0,engManchester City,,Fußball Arena München,Viktor Kassai,Match Report,,Bayern Munich,Manchester City,2,0,0,0,,,,
Group stage,2,Tue,27-09-2011,,CSKA Moscowru,2–3,itInter,,Stadion Luzhniki,Craig Thomson,Match Report,,CSKA Moscow,Inter,2,3,0,0,,,,
Group stage,2,Tue,27-09-2011,,Real Madrides,3–0,nlAjax,,Estadio Santiago Bernabéu,Mark Clattenburg,Match Report,,Real Madrid,Ajax,3,0,0,0,,,,
Group stage,2,Tue,27-09-2011,,Manchester Utdeng,3–3,chBasel,,Old Trafford,Paolo Tagliavento,Match Report,,Manchester Utd,Basel,3,3,0,0,,,,
Group stage,2,Wed,28-09-2011,,BATE Borisovby,0–5,esBarcelona,,Dinamo Stadion,Manuel Gräfe,Match Report,,BATE Borisov,Barcelona,0,5,0,0,,,,
Group stage,2,Wed,28-09-2011,,Milanit,2–0,czViktoria Plzeň,,Stadio Giuseppe Meazza,Florian Meyer,Match Report,,Milan,Viktoria Plzeň,2,0,0,0,,,,
Group stage,2,Wed,28-09-2011,,Shakhtarua,1–1,cyAPOEL FC,,Donbass Arena,Robert Schörgenhofer,Match Report,,Shakhtar,APOEL FC,1,1,0,0,,,,
Group stage,2,Wed,28-09-2011,,Zenitru,3–1,ptPorto,,Stadion Petrovski,Howard Webb,Match Report,,Zenit,Porto,3,1,0,0,,,,
Group stage,2,Wed,28-09-2011,,Leverkusende,2–0,beGenk,,BayArena,Alan Kelly,Match Report,,Leverkusen,Genk,2,0,0,0,,,,
Group stage,2,Wed,28-09-2011,,Valenciaes,1–1,engChelsea,,Estadi de Mestalla,Nicola Rizzoli,Match Report,,Valencia,Chelsea,1,1,0,0,,,,
Group stage,2,Wed,28-09-2011,,Arsenaleng,2–1,grOlympiacos,,Arsenal Stadium,Velasco Carballo,Match Report,,Arsenal,Olympiacos,2,1,0,0,,,,
Group stage,2,Wed,28-09-2011,,Marseillefr,3–0,deDortmund,,Stade Vélodrome,Jonas Eriksson,Match Report,,Marseille,Dortmund,3,0,0,0,,,,
,,,,,,,,,,,,,#VALUE!,,,,,,,,,
Group stage,3,Tue,18-10-2011,,Manchester Cityeng,2–1,esVillarreal,,City of Manchester Stadium,Pavel Královec,Match Report,,Manchester City,Villarreal,2,1,0,0,,,,
Group stage,3,Tue,18-10-2011,,Napoliit,1–1,deBayern Munich,,Stadio San Paolo,Olegário Benquerença,Match Report,,Napoli,Bayern Munich,1,1,0,0,,,,
Group stage,3,Tue,18-10-2011,,Baselch,0–2,ptBenfica,,St. Jakob,Viktor Kassai,Match Report,,Basel,Benfica,0,2,0,0,,,,
Group stage,3,Tue,18-10-2011,,Lillefr,0–1,itInter,,Lille Métropole,Howard Webb,Match Report,,Lille,Inter,0,1,0,0,,,,
Group stage,3,Tue,18-10-2011,,Real Madrides,4–0,frLyon,,Estadio Santiago Bernabéu,Cüneyt Çakır,Match Report,,Real Madrid,Lyon,4,0,0,0,,,,
Group stage,3,Tue,18-10-2011,,CSKA Moscowru,3–0,trTrabzonspor,,Stadion Luzhniki,Mark Clattenburg,Match Report,,CSKA Moscow,Trabzonspor,3,0,0,0,,,,
Group stage,3,Tue,18-10-2011,,Oțelul Galațiro,0–2,engManchester Utd,,Arena Națională,Felix Brych,Match Report,,Oțelul Galați,Manchester Utd,0,2,0,0,,,,
Group stage,3,Tue,18-10-2011,,Dinamo Zagrebhr,0–2,nlAjax,,Stadion Maksimir,Manuel Gräfe,Match Report,,Dinamo Zagreb,Ajax,0,2,0,0,,,,
Group stage,3,Wed,19-10-2011,,Shakhtarua,2–2,ruZenit,,Donbass Arena,Frank de Bleeckere,Match Report,,Shakhtar,Zenit,2,2,0,0,,,,
Group stage,3,Wed,19-10-2011,,Marseillefr,0–1,engArsenal,,Stade Vélodrome,Damir Skomina,Match Report,,Marseille,Arsenal,0,1,0,0,,,,
Group stage,3,Wed,19-10-2011,,Barcelonaes,2–0,czViktoria Plzeň,,Camp Nou,Aleksandar Stavrev,Match Report,,Barcelona,Viktoria Plzeň,2,0,0,0,,,,
Group stage,3,Wed,19-10-2011,,Milanit,2–0,byBATE Borisov,,Stadio Giuseppe Meazza,Tom Harald Hagen,Match Report,,Milan,BATE Borisov,2,0,0,0,,,,
Group stage,3,Wed,19-10-2011,,Chelseaeng,5–0,beGenk,,Stamford Bridge,Aleksei Nikolaev,Match Report,,Chelsea,Genk,5,0,0,0,,,,
Group stage,3,Wed,19-10-2011,,Leverkusende,2–1,esValencia,,BayArena,Craig Thomson,Match Report,,Leverkusen,Valencia,2,1,0,0,,,,
Group stage,3,Wed,19-10-2011,,Portopt,1–1,cyAPOEL FC,,Estádio do Dragão,Antony Gautier,Match Report,,Porto,APOEL FC,1,1,0,0,,,,
Group stage,3,Wed,19-10-2011,,Olympiacosgr,3–1,deDortmund,,Stadio Georgios Karaiskakis,Bas Nijhuis,Match Report,,Olympiacos,Dortmund,3,1,0,0,,,,
,,,,,,,,,,,,,#VALUE!,,,,,,,,,
Group stage,4,Tue,01-11-2011,,Valenciaes,3–1,deLeverkusen,,Estadi de Mestalla,Jonas Eriksson,Match Report,,Valencia,Leverkusen,3,1,0,0,,,,
Group stage,4,Tue,01-11-2011,,APOEL FCcy,2–1,ptPorto,,GSP Stadium,Gianluca Rocchi,Match Report,,APOEL FC,Porto,2,1,0,0,,,,
Group stage,4,Tue,01-11-2011,,Viktoria Plzeňcz,0–4,esBarcelona,,Eden Stadium,Robert Schörgenhofer,Match Report,,Viktoria Plzeň,Barcelona,0,4,0,0,,,,
Group stage,4,Tue,01-11-2011,,BATE Borisovby,1–1,itMilan,,Dinamo Stadion,Peter Rasmussen,Match Report,,BATE Borisov,Milan,1,1,0,0,,,,
Group stage,4,Tue,01-11-2011,,Genkbe,1–1,engChelsea,,KRC Genk Arena,Svein Oddvar Moen,Match Report,,Genk,Chelsea,1,1,0,0,,,,
Group stage,4,Tue,01-11-2011,,Zenitru,1–0,uaShakhtar,,Stadion Petrovski,Stéphane Lannoy,Match Report,,Zenit,Shakhtar,1,0,0,0,,,,
Group stage,4,Tue,01-11-2011,,Arsenaleng,0–0,frMarseille,,Arsenal Stadium,Paolo Tagliavento,Match Report,,Arsenal,Marseille,0,0,0,0,,,,
Group stage,4,Tue,01-11-2011,,Dortmundde,1–0,grOlympiacos,,BVB Stadion Dortmund,Vladislav Bezborodov,Match Report,,Dortmund,Olympiacos,1,0,0,0,,,,
Group stage,4,Wed,02-11-2011,,Lyonfr,0–2,esReal Madrid,,Stade de Gerland,Nicola Rizzoli,Match Report,,Lyon,Real Madrid,0,2,0,0,,,,
Group stage,4,Wed,02-11-2011,,Bayern Munichde,3–2,itNapoli,,Fußball Arena München,Björn Kuipers,Match Report,,Bayern Munich,Napoli,3,2,0,0,,,,
Group stage,4,Wed,02-11-2011,,Villarreales,0–3,engManchester City,,Estadio El Madrigal,Pedro Proença,Match Report,,Villarreal,Manchester City,0,3,0,0,,,,
Group stage,4,Wed,02-11-2011,,Trabzonsportr,0–0,ruCSKA Moscow,,Hüseyin Avni Aker Stadyumu,Undiano Mallenco,Match Report,,Trabzonspor,CSKA Moscow,0,0,0,0,,,,
Group stage,4,Wed,02-11-2011,,Manchester Utdeng,2–0,roOțelul Galați,,Old Trafford,Marijo Strahonja,Match Report,,Manchester Utd,Oțelul Galați,2,0,0,0,,,,
Group stage,4,Wed,02-11-2011,,Ajaxnl,4–0,hrDinamo Zagreb,,Amsterdam ArenA,Martin Atkinson,Match Report,,Ajax,Dinamo Zagreb,4,0,0,0,,,,
Group stage,4,Wed,02-11-2011,,Interit,2–1,frLille,,Stadio Giuseppe Meazza,Wolfgang Stark,Match Report,,Inter,Lille,2,1,0,0,,,,
Group stage,4,Wed,02-11-2011,,Benficapt,1–1,chBasel,,Estádio do Sport Lisboa e Benfica,Velasco Carballo,Match Report,,Benfica,Basel,1,1,0,0,,,,
,,,,,,,,,,,,,#VALUE!,,,,,,,,,
Group stage,5,Tue,22-11-2011,,Real Madrides,6–2,hrDinamo Zagreb,,Estadio Santiago Bernabéu,Alan Kelly,Match Report,,Real Madrid,Dinamo Zagreb,6,2,0,0,,,,
Group stage,5,Tue,22-11-2011,,Manchester Utdeng,2–2,ptBenfica,,Old Trafford,Cüneyt Çakır,Match Report,,Manchester Utd,Benfica,2,2,0,0,,,,
Group stage,5,Tue,22-11-2011,,Bayern Munichde,3–1,esVillarreal,,Fußball Arena München,Markus Strömbergsson,Match Report,,Bayern Munich,Villarreal,3,1,0,0,,,,
Group stage,5,Tue,22-11-2011,,Napoliit,2–1,engManchester City,,Stadio San Paolo,Damir Skomina,Match Report,,Napoli,Manchester City,2,1,0,0,,,,
Group stage,5,Tue,22-11-2011,,Lyonfr,0–0,nlAjax,,Stade de Gerland,Jonas Eriksson,Match Report,,Lyon,Ajax,0,0,0,0,,,,
Group stage,5,Tue,22-11-2011,,Oțelul Galațiro,2–3,chBasel,,Arena Națională,Tom Harald Hagen,Match Report,,Oțelul Galați,Basel,2,3,0,0,,,,
Group stage,5,Tue,22-11-2011,,CSKA Moscowru,0–2,frLille,,Stadion Luzhniki,Pavel Královec,Match Report,,CSKA Moscow,Lille,0,2,0,0,,,,
Group stage,5,Tue,22-11-2011,,Trabzonsportr,1–1,itInter,,Hüseyin Avni Aker Stadyumu,Martin Atkinson,Match Report,,Trabzonspor,Inter,1,1,0,0,,,,
Group stage,5,Wed,23-11-2011,,Leverkusende,2–1,engChelsea,,BayArena,Viktor Kassai,Match Report,,Leverkusen,Chelsea,2,1,0,0,,,,
Group stage,5,Wed,23-11-2011,,Arsenaleng,2–1,deDortmund,,Arsenal Stadium,Frank de Bleeckere,Match Report,,Arsenal,Dortmund,2,1,0,0,,,,
Group stage,5,Wed,23-11-2011,,Milanit,2–3,esBarcelona,,Stadio Giuseppe Meazza,Wolfgang Stark,Match Report,,Milan,Barcelona,2,3,0,0,,,,
Group stage,5,Wed,23-11-2011,,Marseillefr,0–1,grOlympiacos,,Stade Vélodrome,Nicola Rizzoli,Match Report,,Marseille,Olympiacos,0,1,0,0,,,,
Group stage,5,Wed,23-11-2011,,Valenciaes,7–0,beGenk,,Estadi de Mestalla,Tony Chapron,Match Report,,Valencia,Genk,7,0,0,0,,,,
Group stage,5,Wed,23-11-2011,,BATE Borisovby,0–1,czViktoria Plzeň,,Dinamo Stadion,Kevin Blom,Match Report,,BATE Borisov,Viktoria Plzeň,0,1,0,0,,,,
Group stage,5,Wed,23-11-2011,,Shakhtarua,0–2,ptPorto,,Donbass Arena,Craig Thomson,Match Report,,Shakhtar,Porto,0,2,0,0,,,,
Group stage,5,Wed,23-11-2011,,Zenitru,0–0,cyAPOEL FC,,Stadion Petrovski,Felix Brych,Match Report,,Zenit,APOEL FC,0,0,0,0,,,,
,,,,,,,,,,,,,#VALUE!,,,,,,,,,
Group stage,6,Tue,06-12-2011,,Olympiacosgr,3–1,engArsenal,,Stadio Georgios Karaiskakis,Undiano Mallenco,Match Report,,Olympiacos,Arsenal,3,1,0,0,,,,
Group stage,6,Tue,06-12-2011,,APOEL FCcy,0–2,uaShakhtar,,GSP Stadium,Ovidiu Haţegan,Match Report,,APOEL FC,Shakhtar,0,2,0,0,,,,
Group stage,6,Tue,06-12-2011,,Genkbe,1–1,deLeverkusen,,KRC Genk Arena,Paolo Tagliavento,Match Report,,Genk,Leverkusen,1,1,0,0,,,,
Group stage,6,Tue,06-12-2011,,Chelseaeng,3–0,esValencia,,Stamford Bridge,Gianluca Rocchi,Match Report,,Chelsea,Valencia,3,0,0,0,,,,
Group stage,6,Tue,06-12-2011,,Barcelonaes,4–0,byBATE Borisov,,Camp Nou,William Collum,Match Report,,Barcelona,BATE Borisov,4,0,0,0,,,,
Group stage,6,Tue,06-12-2011,,Viktoria Plzeňcz,2–2,itMilan,,Stadion Eden,István Vad,Match Report,,Viktoria Plzeň,Milan,2,2,0,0,,,,
Group stage,6,Tue,06-12-2011,,Dortmundde,2–3,frMarseille,,BVB Stadion Dortmund,Howard Webb,Match Report,,Dortmund,Marseille,2,3,0,0,,,,
Group stage,6,Tue,06-12-2011,,Portopt,0–0,ruZenit,,Estádio do Dragão,Velasco Carballo,Match Report,,Porto,Zenit,0,0,0,0,,,,
Group stage,6,Wed,07-12-2011,,Manchester Cityeng,2–0,deBayern Munich,,City of Manchester Stadium,Stéphane Lannoy,Match Report,,Manchester City,Bayern Munich,2,0,0,0,,,,
Group stage,6,Wed,07-12-2011,,Dinamo Zagrebhr,1–7,frLyon,,Stadion Maksimir,Mark Clattenburg,Match Report,,Dinamo Zagreb,Lyon,1,7,0,0,,,,
Group stage,6,Wed,07-12-2011,,Benficapt,1–0,roOțelul Galați,,Estádio do Sport Lisboa e Benfica,Manuel Gräfe,Match Report,,Benfica,Oțelul Galați,1,0,0,0,,,,
Group stage,6,Wed,07-12-2011,,Baselch,2–1,engManchester Utd,,St. Jakob,Björn Kuipers,Match Report,,Basel,Manchester Utd,2,1,0,0,,,,
Group stage,6,Wed,07-12-2011,,Villarreales,0–2,itNapoli,,Estadio El Madrigal,Svein Oddvar Moen,Match Report,,Villarreal,Napoli,0,2,0,0,,,,
Group stage,6,Wed,07-12-2011,,Lillefr,0–0,trTrabzonspor,,Lille Métropole,Pedro Proença,Match Report,,Lille,Trabzonspor,0,0,0,0,,,,
Group stage,6,Wed,07-12-2011,,Interit,1–2,ruCSKA Moscow,,Stadio Giuseppe Meazza,Fernández Borbalán,Match Report,,Inter,CSKA Moscow,1,2,0,0,,,,
Group stage,6,Wed,07-12-2011,,Ajaxnl,0–3,esReal Madrid,,Amsterdam ArenA,Jorge Sousa,Match Report,,Ajax,Real Madrid,0,3,0,0,,,,
,,,,,,,,,,,,,#VALUE!,,,,,,,,,
Round of 16,,Tue,14-02-2012,,Leverkusende,1–3,esBarcelona,,BayArena,Craig Thomson,Match Report,Leg 1 of 2,Leverkusen,Barcelona,1,3,1,0,#VALUE!,#VALUE!,#VALUE!,#VALUE!
Round of 16,,Tue,14-02-2012,,Lyonfr,1–0,cyAPOEL FC,,Stade de Gerland,Paolo Tagliavento,Match Report,Leg 1 of 2,Lyon,APOEL FC,1,0,1,0,#VALUE!,#VALUE!,#VALUE!,#VALUE!
Round of 16,,Wed,15-02-2012,,Zenitru,3–2,ptBenfica,,Stadion Petrovski,Jonas Eriksson,Match Report,Leg 1 of 2,Zenit,Benfica,3,2,1,0,#VALUE!,#VALUE!,#VALUE!,#VALUE!
Round of 16,,Wed,15-02-2012,,Milanit,4–0,engArsenal,,Stadio Giuseppe Meazza,Viktor Kassai,Match Report,Leg 1 of 2,Milan,Arsenal,4,0,1,0,#VALUE!,#VALUE!,#VALUE!,#VALUE!
Round of 16,,Tue,21-02-2012,,CSKA Moscowru,1–1,esReal Madrid,,Stadion Luzhniki,Björn Kuipers,Match Report,Leg 1 of 2,CSKA Moscow,Real Madrid,1,1,1,0,#VALUE!,#VALUE!,#VALUE!,#VALUE!
Round of 16,,Tue,21-02-2012,,Napoliit,3–1,engChelsea,,Stadio San Paolo,Velasco Carballo,Match Report,Leg 1 of 2,Napoli,Chelsea,3,1,1,0,#VALUE!,#VALUE!,#VALUE!,#VALUE!
Round of 16,,Wed,22-02-2012,,Baselch,1–0,deBayern Munich,,St. Jakob,Nicola Rizzoli,Match Report,Leg 1 of 2,Basel,Bayern Munich,1,0,1,0,#VALUE!,#VALUE!,#VALUE!,#VALUE!
Round of 16,,Wed,22-02-2012,,Marseillefr,1–0,itInter,,Stade Vélodrome,Cüneyt Çakır,Match Report,Leg 1 of 2,Marseille,Inter,1,0,1,0,#VALUE!,#VALUE!,#VALUE!,#VALUE!
Round of 16,,Tue,06-03-2012,,Arsenaleng,3–0,itMilan,,Arsenal Stadium,Damir Skomina,Match Report,Leg 2 of 2; Milan won,Arsenal,Milan,3,0,0,1,#VALUE!,#VALUE!,#VALUE!,#VALUE!
Round of 16,,Tue,06-03-2012,,Benficapt,2–0,ruZenit,,Estádio do Sport Lisboa e Benfica,Howard Webb,Match Report,Leg 2 of 2; Benfica won,Benfica,Zenit,2,0,0,1,#VALUE!,#VALUE!,#VALUE!,#VALUE!
Round of 16,,Wed,07-03-2012,,APOEL FCcy,(4)1–0(3),frLyon,,GSP Stadium,Undiano Mallenco,Match Report,Leg 2 of 2; APOEL FC won; APOEL FC won on penalty kicks following extra time,APOEL FC,Lyon,(4)1,0(3),0,1,1,0,4,3
Round of 16,,Wed,07-03-2012,,Barcelonaes,7–1,deLeverkusen,,Camp Nou,Svein Oddvar Moen,Match Report,Leg 2 of 2; Barcelona won,Barcelona,Leverkusen,7,1,0,1,#VALUE!,#VALUE!,#VALUE!,#VALUE!
Round of 16,,Tue,13-03-2012,,Bayern Munichde,7–0,chBasel,,Fußball Arena München,Mark Clattenburg,Match Report,Leg 2 of 2; Bayern Munich won,Bayern Munich,Basel,7,0,0,1,#VALUE!,#VALUE!,#VALUE!,#VALUE!
Round of 16,,Tue,13-03-2012,,Interit,2–1,frMarseille,,Stadio Giuseppe Meazza,Pedro Proença,Match Report,Leg 2 of 2; Marseille won,Inter,Marseille,2,1,0,1,#VALUE!,#VALUE!,#VALUE!,#VALUE!
Round of 16,,Wed,14-03-2012,,Real Madrides,4–1,ruCSKA Moscow,,Estadio Santiago Bernabéu,Stéphane Lannoy,Match Report,Leg 2 of 2; Real Madrid won,Real Madrid,CSKA Moscow,4,1,0,1,#VALUE!,#VALUE!,#VALUE!,#VALUE!
Round of 16,,Wed,14-03-2012,,Chelseaeng,4–1,itNapoli,,Stamford Bridge,Felix Brych,Match Report,Leg 2 of 2; Chelsea won; Required Extra Time,Chelsea,Napoli,4,1,0,1,#VALUE!,#VALUE!,#VALUE!,#VALUE!
Quarter-finals,,Tue,27-03-2012,,APOEL FCcy,0–3,esReal Madrid,,GSP Stadium,Felix Brych,Match Report,Leg 1 of 2,APOEL FC,Real Madrid,0,3,1,0,#VALUE!,#VALUE!,#VALUE!,#VALUE!
Quarter-finals,,Tue,27-03-2012,,Benficapt,0–1,engChelsea,,Estádio do Sport Lisboa e Benfica,Paolo Tagliavento,Match Report,Leg 1 of 2,Benfica,Chelsea,0,1,1,0,#VALUE!,#VALUE!,#VALUE!,#VALUE!
Quarter-finals,,Wed,28-03-2012,,Milanit,0–0,esBarcelona,,Stadio Giuseppe Meazza,Jonas Eriksson,Match Report,Leg 1 of 2,Milan,Barcelona,0,0,1,0,#VALUE!,#VALUE!,#VALUE!,#VALUE!
Quarter-finals,,Wed,28-03-2012,,Marseillefr,0–2,deBayern Munich,,Stade Vélodrome,Velasco Carballo,Match Report,Leg 1 of 2,Marseille,Bayern Munich,0,2,1,0,#VALUE!,#VALUE!,#VALUE!,#VALUE!
Quarter-finals,,Tue,03-04-2012,,Barcelonaes,3–1,itMilan,,Camp Nou,Björn Kuipers,Match Report,Leg 2 of 2; Barcelona won,Barcelona,Milan,3,1,0,1,#VALUE!,#VALUE!,#VALUE!,#VALUE!
Quarter-finals,,Tue,03-04-2012,,Bayern Munichde,2–0,frMarseille,,Fußball Arena München,Svein Oddvar Moen,Match Report,Leg 2 of 2; Bayern Munich won,Bayern Munich,Marseille,2,0,0,1,#VALUE!,#VALUE!,#VALUE!,#VALUE!
Quarter-finals,,Wed,04-04-2012,,Chelseaeng,2–1,ptBenfica,,Stamford Bridge,Damir Skomina,Match Report,Leg 2 of 2; Chelsea won,Chelsea,Benfica,2,1,0,1,#VALUE!,#VALUE!,#VALUE!,#VALUE!
Quarter-finals,,Wed,04-04-2012,,Real Madrides,5–2,cyAPOEL FC,,Estadio Santiago Bernabéu,Gianluca Rocchi,Match Report,Leg 2 of 2; Real Madrid won,Real Madrid,APOEL FC,5,2,0,1,#VALUE!,#VALUE!,#VALUE!,#VALUE!
Semi-finals,,Tue,17-04-2012,,Bayern Munichde,2–1,esReal Madrid,,Fußball Arena München,Howard Webb,Match Report,Leg 1 of 2,Bayern Munich,Real Madrid,2,1,1,0,#VALUE!,#VALUE!,#VALUE!,#VALUE!
Round,Wk,Day,Date,Time,Home,Score,Away,Attendance,Venue,Referee,Match Report,Notes,Ho,Away,Score,,0,0,#VALUE!,#VALUE!,#VALUE!,#VALUE!
Semi-finals,,Wed,18-04-2012,,Chelseaeng,1–0,esBarcelona,,Stamford Bridge,Felix Brych,Match Report,Leg 1 of 2,Chelsea,Barcelona,1,0,1,0,#VALUE!,#VALUE!,#VALUE!,#VALUE!
Semi-finals,,Tue,24-04-2012,,Barcelonaes,2–2,engChelsea,,Camp Nou,Cüneyt Çakır,Match Report,Leg 2 of 2; Chelsea won,Barcelona,Chelsea,2,2,0,1,#VALUE!,#VALUE!,#VALUE!,#VALUE!
Semi-finals,,Wed,25-04-2012,,Real Madrides,(1)2–1(3),deBayern Munich,,Estadio Santiago Bernabéu,Viktor Kassai,Match Report,"Leg 2 of 2; Bayern Munich won; Bayern Munich won on penalty kicks following 
extra time",Real Madrid,Bayern Munich,(1)2,1(3),0,1,2,1,1,3
Final,,Sat,19-05-2012,,Bayern Munichde,(3)1–1(4),engChelsea,,Fußball Arena München (Neutral Site),Pedro Proença,Match Report,Chelsea won on penalty kicks following extra time,Bayern Munich,Chelsea,(3)1,1(4),0,0,1,1,3,4