Round,Wk,Day,Date,Time,Home,Score,Away,Attendance,Venue,Referee,Match Report,Notes,Home_Clean,Away_Clean,Home_Score,Away_Score,Leg 1,Leg 2,Home_Score_2,Away_Score_2,Home_Pens,Away_Pens
Group stage,1,Tue,18-09-2012,,Málagaes,3–0,ruZenit,,La Rosaleda,Mark Clattenburg,Match Report,,Málaga,Zenit,3,0,0,0,,,,
Group stage,1,Tue,18-09-2012,,Dinamo Zagrebhr,0–2,ptPorto,,Stadion Maksimir,Daniele Orsato,Match Report,,Dinamo Zagreb,Porto,0,2,0,0,,,,
Group stage,1,Tue,18-09-2012,,Montpellierfr,1–2,engArsenal,,La Mosson,Velasco Carballo,Match Report,,Montpellier,Arsenal,1,2,0,0,,,,
Group stage,1,Tue,18-09-2012,,Olympiacosgr,1–2,deSchalke 04,,Stadio Georgios Karaiskakis,Fernández Borbalán,Match Report,,Olympiacos,Schalke 04,1,2,0,0,,,,
Group stage,1,Tue,18-09-2012,,Real Madrides,3–2,engManchester City,,Estadio Santiago Bernabéu,Damir Skomina,Match Report,,Real Madrid,Manchester City,3,2,0,0,,,,
Group stage,1,Tue,18-09-2012,,Paris S-Gfr,4–1,uaDynamo Kyiv,,Parc des Princes,Björn Kuipers,Match Report,,Paris S-G,Dynamo Kyiv,4,1,0,0,,,,
Group stage,1,Tue,18-09-2012,,Dortmundde,1–0,nlAjax,,BVB Stadion Dortmund,Paolo Tagliavento,Match Report,,Dortmund,Ajax,1,0,0,0,,,,
Group stage,1,Tue,18-09-2012,,Milanit,0–0,beAnderlecht,,Stadio Giuseppe Meazza,William Collum,Match Report,,Milan,Anderlecht,0,0,0,0,,,,
Group stage,1,Wed,19-09-2012,,Bayern Munichde,2–1,esValencia,,Fußball Arena München,Fırat Aydınus,Match Report,,Bayern Munich,Valencia,2,1,0,0,,,,
Group stage,1,Wed,19-09-2012,,Shakhtarua,2–0,dkNordsjælland,,Donbass Arena,Pawel Gil,Match Report,,Shakhtar,Nordsjælland,2,0,0,0,,,,
Group stage,1,Wed,19-09-2012,,Barcelonaes,3–2,ruSpartak Moscow,,Camp Nou,Milorad Mažić,Match Report,,Barcelona,Spartak Moscow,3,2,0,0,,,,
Group stage,1,Wed,19-09-2012,,Celticsct,0–0,ptBenfica,,Celtic Park,Nicola Rizzoli,Match Report,,Celtic,Benfica,0,0,0,0,,,,
Group stage,1,Wed,19-09-2012,,Chelseaeng,2–2,itJuventus,,Stamford Bridge,Pedro Proença,Match Report,,Chelsea,Juventus,2,2,0,0,,,,
Group stage,1,Wed,19-09-2012,,Manchester Utdeng,1–0,trGalatasaray,,Old Trafford,Wolfgang Stark,Match Report,,Manchester Utd,Galatasaray,1,0,0,0,,,,
Group stage,1,Wed,19-09-2012,,Lillefr,1–3,byBATE Borisov,,Grand Stade Lille Métropole,Marcin Borski,Match Report,,Lille,BATE Borisov,1,3,0,0,,,,
Group stage,1,Wed,19-09-2012,,Bragapt,0–2,roCFR Cluj,,Estádio Municipal de Braga,Peter Rasmussen,Match Report,,Braga,CFR Cluj,0,2,0,0,,,,
,,,,,,,,,,,,,#VALUE!,,,,,,,,,
Group stage,2,Tue,02-10-2012,,BATE Borisovby,3–1,deBayern Munich,,Dinamo Stadion,Aleksandar Stavrev,Match Report,,BATE Borisov,Bayern Munich,3,1,0,0,,,,
Group stage,2,Tue,02-10-2012,,Galatasaraytr,0–2,ptBraga,,Ali Sami Yen Spor Kompleksi,Tom Harald Hagen,Match Report,,Galatasaray,Braga,0,2,0,0,,,,
Group stage,2,Tue,02-10-2012,,Nordsjællanddk,0–4,engChelsea,,Telia Parken,Marijo Strahonja,Match Report,,Nordsjælland,Chelsea,0,4,0,0,,,,
Group stage,2,Tue,02-10-2012,,Spartak Moscowru,2–3,sctCeltic,,Stadion Luzhniki,Tony Chapron,Match Report,,Spartak Moscow,Celtic,2,3,0,0,,,,
Group stage,2,Tue,02-10-2012,,Juventusit,1–1,uaShakhtar,,Juventus Stadium,Bas Nijhuis,Match Report,,Juventus,Shakhtar,1,1,0,0,,,,
Group stage,2,Tue,02-10-2012,,Valenciaes,2–0,frLille,,Estadi de Mestalla,Gianluca Rocchi,Match Report,,Valencia,Lille,2,0,0,0,,,,
Group stage,2,Tue,02-10-2012,,Benficapt,0–2,esBarcelona,,Estádio do Sport Lisboa e Benfica,Cüneyt Çakır,Match Report,,Benfica,Barcelona,0,2,0,0,,,,
Group stage,2,Tue,02-10-2012,,CFR Clujro,1–2,engManchester Utd,,Stadionul Dr. Constantin Rădulescu,Undiano Mallenco,Match Report,,CFR Cluj,Manchester Utd,1,2,0,0,,,,
Group stage,2,Wed,03-10-2012,,Ajaxnl,1–4,esReal Madrid,,Amsterdam ArenA,Jonas Eriksson,Match Report,,Ajax,Real Madrid,1,4,0,0,,,,
Group stage,2,Wed,03-10-2012,,Anderlechtbe,0–3,esMálaga,,Constant Vanden Stock Stadium,Viktor Kassai,Match Report,,Anderlecht,Málaga,0,3,0,0,,,,
Group stage,2,Wed,03-10-2012,,Dynamo Kyivua,2–0,hrDinamo Zagreb,,NSK Olimpiyskyi,Martin Atkinson,Match Report,,Dynamo Kyiv,Dinamo Zagreb,2,0,0,0,,,,
Group stage,2,Wed,03-10-2012,,Portopt,1–0,frParis S-G,,Estádio do Dragão,Howard Webb,Match Report,,Porto,Paris S-G,1,0,0,0,,,,
Group stage,2,Wed,03-10-2012,,Schalke 04de,2–2,frMontpellier,,Arena AufSchalke,Sergei Karasev,Match Report,,Schalke 04,Montpellier,2,2,0,0,,,,
Group stage,2,Wed,03-10-2012,,Manchester Cityeng,1–1,deDortmund,,City of Manchester Stadium,Pavel Královec,Match Report,,Manchester City,Dortmund,1,1,0,0,,,,
Group stage,2,Wed,03-10-2012,,Arsenaleng,3–1,grOlympiacos,,Arsenal Stadium,Svein Oddvar Moen,Match Report,,Arsenal,Olympiacos,3,1,0,0,,,,
Group stage,2,Wed,03-10-2012,,Zenitru,2–3,itMilan,,Stadion Petrovski,Felix Brych,Match Report,,Zenit,Milan,2,3,0,0,,,,
,,,,,,,,,,,,,#VALUE!,,,,,,,,,
Group stage,3,Tue,23-10-2012,,Nordsjællanddk,1–1,itJuventus,,Telia Parken,Deniz Aytekin,Match Report,,Nordsjælland,Juventus,1,1,0,0,,,,
Group stage,3,Tue,23-10-2012,,Shakhtarua,2–1,engChelsea,,Donbass Arena,Damir Skomina,Match Report,,Shakhtar,Chelsea,2,1,0,0,,,,
Group stage,3,Tue,23-10-2012,,Barcelonaes,2–1,sctCeltic,,Camp Nou,Gianluca Rocchi,Match Report,,Barcelona,Celtic,2,1,0,0,,,,
Group stage,3,Tue,23-10-2012,,BATE Borisovby,0–3,esValencia,,Dinamo Stadion,Craig Thomson,Match Report,,BATE Borisov,Valencia,0,3,0,0,,,,
Group stage,3,Tue,23-10-2012,,Galatasaraytr,1–1,roCFR Cluj,,Ali Sami Yen Spor Kompleksi,Paolo Tagliavento,Match Report,,Galatasaray,CFR Cluj,1,1,0,0,,,,
Group stage,3,Tue,23-10-2012,,Manchester Utdeng,3–2,ptBraga,,Old Trafford,Milorad Mažić,Match Report,,Manchester Utd,Braga,3,2,0,0,,,,
Group stage,3,Tue,23-10-2012,,Spartak Moscowru,2–1,ptBenfica,,Stadion Luzhniki,Mark Clattenburg,Match Report,,Spartak Moscow,Benfica,2,1,0,0,,,,
Group stage,3,Tue,23-10-2012,,Lillefr,0–1,deBayern Munich,,Grand Stade Lille Métropole,Martin Atkinson,Match Report,,Lille,Bayern Munich,0,1,0,0,,,,
Group stage,3,Wed,24-10-2012,,Málagaes,1–0,itMilan,,La Rosaleda,Pedro Proença,Match Report,,Málaga,Milan,1,0,0,0,,,,
Group stage,3,Wed,24-10-2012,,Arsenaleng,0–2,deSchalke 04,,Arsenal Stadium,Jonas Eriksson,Match Report,,Arsenal,Schalke 04,0,2,0,0,,,,
Group stage,3,Wed,24-10-2012,,Portopt,3–2,uaDynamo Kyiv,,Estádio do Dragão,Pavel Královec,Match Report,,Porto,Dynamo Kyiv,3,2,0,0,,,,
Group stage,3,Wed,24-10-2012,,Zenitru,1–0,beAnderlecht,,Stadion Petrovski,Ivan Bebek,Match Report,,Zenit,Anderlecht,1,0,0,0,,,,
Group stage,3,Wed,24-10-2012,,Dortmundde,2–1,esReal Madrid,,BVB Stadion Dortmund,Viktor Kassai,Match Report,,Dortmund,Real Madrid,2,1,0,0,,,,
Group stage,3,Wed,24-10-2012,,Montpellierfr,1–2,grOlympiacos,,La Mosson,Daniele Orsato,Match Report,,Montpellier,Olympiacos,1,2,0,0,,,,
Group stage,3,Wed,24-10-2012,,Dinamo Zagrebhr,0–2,frParis S-G,,Stadion Maksimir,Fırat Aydınus,Match Report,,Dinamo Zagreb,Paris S-G,0,2,0,0,,,,
Group stage,3,Wed,24-10-2012,,Ajaxnl,3–1,engManchester City,,Amsterdam ArenA,Svein Oddvar Moen,Match Report,,Ajax,Manchester City,3,1,0,0,,,,
,,,,,,,,,,,,,#VALUE!,,,,,,,,,
Group stage,4,Tue,06-11-2012,,Manchester Cityeng,2–2,nlAjax,,City of Manchester Stadium,Peter Rasmussen,Match Report,,Manchester City,Ajax,2,2,0,0,,,,
Group stage,4,Tue,06-11-2012,,Schalke 04de,2–2,engArsenal,,Arena AufSchalke,Nicola Rizzoli,Match Report,,Schalke 04,Arsenal,2,2,0,0,,,,
Group stage,4,Tue,06-11-2012,,Olympiacosgr,3–1,frMontpellier,,Stadio Georgios Karaiskakis,Marijo Strahonja,Match Report,,Olympiacos,Montpellier,3,1,0,0,,,,
Group stage,4,Tue,06-11-2012,,Dynamo Kyivua,0–0,ptPorto,,NSK Olimpiyskyi,Undiano Mallenco,Match Report,,Dynamo Kyiv,Porto,0,0,0,0,,,,
Group stage,4,Tue,06-11-2012,,Real Madrides,2–2,deDortmund,,Estadio Santiago Bernabéu,Cüneyt Çakır,Match Report,,Real Madrid,Dortmund,2,2,0,0,,,,
Group stage,4,Tue,06-11-2012,,Paris S-Gfr,4–0,hrDinamo Zagreb,,Parc des Princes,Pawel Gil,Match Report,,Paris S-G,Dinamo Zagreb,4,0,0,0,,,,
Group stage,4,Tue,06-11-2012,,Milanit,1–1,esMálaga,,Stadio Giuseppe Meazza,Howard Webb,Match Report,,Milan,Málaga,1,1,0,0,,,,
Group stage,4,Tue,06-11-2012,,Anderlechtbe,1–0,ruZenit,,Constant Vanden Stock Stadium,Antony Gautier,Match Report,,Anderlecht,Zenit,1,0,0,0,,,,
Group stage,4,Wed,07-11-2012,,Benficapt,2–0,ruSpartak Moscow,,Estádio do Sport Lisboa e Benfica,Florian Meyer,Match Report,,Benfica,Spartak Moscow,2,0,0,0,,,,
Group stage,4,Wed,07-11-2012,,Bayern Munichde,6–1,frLille,,Fußball Arena München,Ovidiu Haţegan,Match Report,,Bayern Munich,Lille,6,1,0,0,,,,
Group stage,4,Wed,07-11-2012,,Celticsct,2–1,esBarcelona,,Celtic Park,Björn Kuipers,Match Report,,Celtic,Barcelona,2,1,0,0,,,,
Group stage,4,Wed,07-11-2012,,Juventusit,4–0,dkNordsjælland,,Juventus Stadium,Aleksandar Stavrev,Match Report,,Juventus,Nordsjælland,4,0,0,0,,,,
Group stage,4,Wed,07-11-2012,,Chelseaeng,3–2,uaShakhtar,,Stamford Bridge,Velasco Carballo,Match Report,,Chelsea,Shakhtar,3,2,0,0,,,,
Group stage,4,Wed,07-11-2012,,CFR Clujro,1–3,trGalatasaray,,Stadionul Dr. Constantin Rădulescu,William Collum,Match Report,,CFR Cluj,Galatasaray,1,3,0,0,,,,
Group stage,4,Wed,07-11-2012,,Valenciaes,4–2,byBATE Borisov,,Estadi de Mestalla,Tom Harald Hagen,Match Report,,Valencia,BATE Borisov,4,2,0,0,,,,
Group stage,4,Wed,07-11-2012,,Bragapt,1–3,engManchester Utd,,Estádio Municipal de Braga,Felix Brych,Match Report,,Braga,Manchester Utd,1,3,0,0,,,,
,,,,,,,,,,,,,#VALUE!,,,,,,,,,
Group stage,5,Tue,20-11-2012,,Juventusit,3–0,engChelsea,,Juventus Stadium,Cüneyt Çakır,Match Report,,Juventus,Chelsea,3,0,0,0,,,,
Group stage,5,Tue,20-11-2012,,Spartak Moscowru,0–3,esBarcelona,,Stadion Luzhniki,Ivan Bebek,Match Report,,Spartak Moscow,Barcelona,0,3,0,0,,,,
Group stage,5,Tue,20-11-2012,,CFR Clujro,3–1,ptBraga,,Stadionul Dr. Constantin Rădulescu,Sergei Karasev,Match Report,,CFR Cluj,Braga,3,1,0,0,,,,
Group stage,5,Tue,20-11-2012,,Nordsjællanddk,2–5,uaShakhtar,,Telia Parken,Antony Gautier,Match Report,,Nordsjælland,Shakhtar,2,5,0,0,,,,
Group stage,5,Tue,20-11-2012,,Valenciaes,1–1,deBayern Munich,,Estadi de Mestalla,Howard Webb,Match Report,,Valencia,Bayern Munich,1,1,0,0,,,,
Group stage,5,Tue,20-11-2012,,Galatasaraytr,1–0,engManchester Utd,,Ali Sami Yen Spor Kompleksi,Velasco Carballo,Match Report,,Galatasaray,Manchester Utd,1,0,0,0,,,,
Group stage,5,Tue,20-11-2012,,Benficapt,2–1,sctCeltic,,Estádio do Sport Lisboa e Benfica,Viktor Kassai,Match Report,,Benfica,Celtic,2,1,0,0,,,,
Group stage,5,Tue,20-11-2012,,BATE Borisovby,0–2,frLille,,Dinamo Stadion,Marijo Strahonja,Match Report,,BATE Borisov,Lille,0,2,0,0,,,,
Group stage,5,Wed,21-11-2012,,Schalke 04de,1–0,grOlympiacos,,Arena AufSchalke,Björn Kuipers,Match Report,,Schalke 04,Olympiacos,1,0,0,0,,,,
Group stage,5,Wed,21-11-2012,,Portopt,3–0,hrDinamo Zagreb,,Estádio do Dragão,Paolo Tagliavento,Match Report,,Porto,Dinamo Zagreb,3,0,0,0,,,,
Group stage,5,Wed,21-11-2012,,Arsenaleng,2–0,frMontpellier,,Arsenal Stadium,Fırat Aydınus,Match Report,,Arsenal,Montpellier,2,0,0,0,,,,
Group stage,5,Wed,21-11-2012,,Zenitru,2–2,esMálaga,,Stadion Petrovski,Olegário Benquerença,Match Report,,Zenit,Málaga,2,2,0,0,,,,
Group stage,5,Wed,21-11-2012,,Ajaxnl,1–4,deDortmund,,Amsterdam ArenA,Pedro Proença,Match Report,,Ajax,Dortmund,1,4,0,0,,,,
Group stage,5,Wed,21-11-2012,,Manchester Cityeng,1–1,esReal Madrid,,City of Manchester Stadium,Gianluca Rocchi,Match Report,,Manchester City,Real Madrid,1,1,0,0,,,,
Group stage,5,Wed,21-11-2012,,Anderlechtbe,1–3,itMilan,,Constant Vanden Stock Stadium,Damir Skomina,Match Report,,Anderlecht,Milan,1,3,0,0,,,,
Group stage,5,Wed,21-11-2012,,Dynamo Kyivua,0–2,frParis S-G,,NSK Olimpiyskyi,Wolfgang Stark,Match Report,,Dynamo Kyiv,Paris S-G,0,2,0,0,,,,
,,,,,,,,,,,,,#VALUE!,,,,,,,,,
Group stage,6,Tue,04-12-2012,,Paris S-Gfr,2–1,ptPorto,,Parc des Princes,Craig Thomson,Match Report,,Paris S-G,Porto,2,1,0,0,,,,
Group stage,6,Tue,04-12-2012,,Dinamo Zagrebhr,1–1,uaDynamo Kyiv,,Stadion Maksimir,Stanislav Todorov,Match Report,,Dinamo Zagreb,Dynamo Kyiv,1,1,0,0,,,,
Group stage,6,Tue,04-12-2012,,Málagaes,2–2,beAnderlecht,,La Rosaleda,Deniz Aytekin,Match Report,,Málaga,Anderlecht,2,2,0,0,,,,
Group stage,6,Tue,04-12-2012,,Milanit,0–1,ruZenit,,Stadio Giuseppe Meazza,Tony Chapron,Match Report,,Milan,Zenit,0,1,0,0,,,,
Group stage,6,Tue,04-12-2012,,Dortmundde,1–0,engManchester City,,BVB Stadion Dortmund,Milorad Mažić,Match Report,,Dortmund,Manchester City,1,0,0,0,,,,
Group stage,6,Tue,04-12-2012,,Montpellierfr,1–1,deSchalke 04,,La Mosson,Mateu Lahoz,Match Report,,Montpellier,Schalke 04,1,1,0,0,,,,
Group stage,6,Tue,04-12-2012,,Olympiacosgr,2–1,engArsenal,,Stadio Georgios Karaiskakis,Undiano Mallenco,Match Report,,Olympiacos,Arsenal,2,1,0,0,,,,
Group stage,6,Tue,04-12-2012,,Real Madrides,4–1,nlAjax,,Estadio Santiago Bernabéu,Pavel Královec,Match Report,,Real Madrid,Ajax,4,1,0,0,,,,
Group stage,6,Wed,05-12-2012,,Lillefr,0–1,esValencia,,Grand Stade Lille Métropole,Aleksandar Stavrev,Match Report,,Lille,Valencia,0,1,0,0,,,,
Group stage,6,Wed,05-12-2012,,Bayern Munichde,4–1,byBATE Borisov,,Fußball Arena München,William Collum,Match Report,,Bayern Munich,BATE Borisov,4,1,0,0,,,,
Group stage,6,Wed,05-12-2012,,Bragapt,1–2,trGalatasaray,,Estádio Municipal de Braga,Nicola Rizzoli,Match Report,,Braga,Galatasaray,1,2,0,0,,,,
Group stage,6,Wed,05-12-2012,,Barcelonaes,0–0,ptBenfica,,Camp Nou,Svein Oddvar Moen,Match Report,,Barcelona,Benfica,0,0,0,0,,,,
Group stage,6,Wed,05-12-2012,,Celticsct,2–1,ruSpartak Moscow,,Celtic Park,Felix Brych,Match Report,,Celtic,Spartak Moscow,2,1,0,0,,,,
Group stage,6,Wed,05-12-2012,,Chelseaeng,6–1,dkNordsjælland,,Stamford Bridge,Bas Nijhuis,Match Report,,Chelsea,Nordsjælland,6,1,0,0,,,,
Group stage,6,Wed,05-12-2012,,Shakhtarua,0–1,itJuventus,,Donbass Arena,Jonas Eriksson,Match Report,,Shakhtar,Juventus,0,1,0,0,,,,
Group stage,6,Wed,05-12-2012,,Manchester Utdeng,0–1,roCFR Cluj,,Old Trafford,Daniele Orsato,Match Report,,Manchester Utd,CFR Cluj,0,1,0,0,,,,
,,,,,,,,,,,,,#VALUE!,,,,,,,,,
Round of 16,,Tue,12-02-2013,,Celticsct,0–3,itJuventus,,Celtic Park,Undiano Mallenco,Match Report,Leg 1 of 2,Celtic,Juventus,0,3,1,0,#VALUE!,#VALUE!,#VALUE!,#VALUE!
Round of 16,,Tue,12-02-2013,,Valenciaes,1–2,frParis S-G,,Estadi de Mestalla,Paolo Tagliavento,Match Report,Leg 1 of 2,Valencia,Paris S-G,1,2,1,0,#VALUE!,#VALUE!,#VALUE!,#VALUE!
Round of 16,,Wed,13-02-2013,,Shakhtarua,2–2,deDortmund,,Donbass Arena,Howard Webb,Match Report,Leg 1 of 2,Shakhtar,Dortmund,2,2,1,0,#VALUE!,#VALUE!,#VALUE!,#VALUE!
Round of 16,,Wed,13-02-2013,,Real Madrides,1–1,engManchester Utd,,Estadio Santiago Bernabéu,Felix Brych,Match Report,Leg 1 of 2,Real Madrid,Manchester Utd,1,1,1,0,#VALUE!,#VALUE!,#VALUE!,#VALUE!
Round of 16,,Tue,19-02-2013,,Arsenaleng,1–3,deBayern Munich,,Arsenal Stadium,Svein Oddvar Moen,Match Report,Leg 1 of 2,Arsenal,Bayern Munich,1,3,1,0,#VALUE!,#VALUE!,#VALUE!,#VALUE!
Round of 16,,Tue,19-02-2013,,Portopt,1–0,esMálaga,,Estádio do Dragão,Mark Clattenburg,Match Report,Leg 1 of 2,Porto,Málaga,1,0,1,0,#VALUE!,#VALUE!,#VALUE!,#VALUE!
Round of 16,,Wed,20-02-2013,,Milanit,2–0,esBarcelona,,Stadio Giuseppe Meazza,Craig Thomson,Match Report,Leg 1 of 2,Milan,Barcelona,2,0,1,0,#VALUE!,#VALUE!,#VALUE!,#VALUE!
Round of 16,,Wed,20-02-2013,,Galatasaraytr,1–1,deSchalke 04,,Ali Sami Yen Spor Kompleksi,William Collum,Match Report,Leg 1 of 2,Galatasaray,Schalke 04,1,1,1,0,#VALUE!,#VALUE!,#VALUE!,#VALUE!
Round of 16,,Tue,05-03-2013,,Dortmundde,3–0,uaShakhtar,,BVB Stadion Dortmund,Damir Skomina,Match Report,Leg 2 of 2; Dortmund won,Dortmund,Shakhtar,3,0,0,1,#VALUE!,#VALUE!,#VALUE!,#VALUE!
Round of 16,,Tue,05-03-2013,,Manchester Utdeng,1–2,esReal Madrid,,Old Trafford,Cüneyt Çakır,Match Report,Leg 2 of 2; Real Madrid won,Manchester Utd,Real Madrid,1,2,0,1,#VALUE!,#VALUE!,#VALUE!,#VALUE!
Round of 16,,Wed,06-03-2013,,Paris S-Gfr,1–1,esValencia,,Parc des Princes,Milorad Mažić,Match Report,Leg 2 of 2; Paris S-G won,Paris S-G,Valencia,1,1,0,1,#VALUE!,#VALUE!,#VALUE!,#VALUE!
Round of 16,,Wed,06-03-2013,,Juventusit,2–0,sctCeltic,,Juventus Stadium,Fırat Aydınus,Match Report,Leg 2 of 2; Juventus won,Juventus,Celtic,2,0,0,1,#VALUE!,#VALUE!,#VALUE!,#VALUE!
Round of 16,,Tue,12-03-2013,,Schalke 04de,2–3,trGalatasaray,,Arena AufSchalke,Jonas Eriksson,Match Report,Leg 2 of 2; Galatasaray won,Schalke 04,Galatasaray,2,3,0,1,#VALUE!,#VALUE!,#VALUE!,#VALUE!
Round of 16,,Tue,12-03-2013,,Barcelonaes,4–0,itMilan,,Camp Nou,Viktor Kassai,Match Report,Leg 2 of 2; Barcelona won,Barcelona,Milan,4,0,0,1,#VALUE!,#VALUE!,#VALUE!,#VALUE!
Round of 16,,Wed,13-03-2013,,Málagaes,2–0,ptPorto,,La Rosaleda,Nicola Rizzoli,Match Report,Leg 2 of 2; Málaga won,Málaga,Porto,2,0,0,1,#VALUE!,#VALUE!,#VALUE!,#VALUE!
Round of 16,,Wed,13-03-2013,,Bayern Munichde,0–2,engArsenal,,Fußball Arena München,Pavel Královec,Match Report,Leg 2 of 2; Bayern Munich won,Bayern Munich,Arsenal,0,2,0,1,#VALUE!,#VALUE!,#VALUE!,#VALUE!
Quarter-finals,,Tue,02-04-2013,,Paris S-Gfr,2–2,esBarcelona,,Parc des Princes,Wolfgang Stark,Match Report,Leg 1 of 2,Paris S-G,Barcelona,2,2,1,0,#VALUE!,#VALUE!,#VALUE!,#VALUE!
Quarter-finals,,Tue,02-04-2013,,Bayern Munichde,2–0,itJuventus,,Fußball Arena München,Mark Clattenburg,Match Report,Leg 1 of 2,Bayern Munich,Juventus,2,0,1,0,#VALUE!,#VALUE!,#VALUE!,#VALUE!
Quarter-finals,,Wed,03-04-2013,,Málagaes,0–0,deDortmund,,La Rosaleda,Jonas Eriksson,Match Report,Leg 1 of 2,Málaga,Dortmund,0,0,1,0,#VALUE!,#VALUE!,#VALUE!,#VALUE!
Quarter-finals,,Wed,03-04-2013,,Real Madrides,3–0,trGalatasaray,,Estadio Santiago Bernabéu,Svein Oddvar Moen,Match Report,Leg 1 of 2,Real Madrid,Galatasaray,3,0,1,0,#VALUE!,#VALUE!,#VALUE!,#VALUE!
Quarter-finals,,Tue,09-04-2013,,Dortmundde,3–2,esMálaga,,BVB Stadion Dortmund,Craig Thomson,Match Report,Leg 2 of 2; Dortmund won,Dortmund,Málaga,3,2,0,1,#VALUE!,#VALUE!,#VALUE!,#VALUE!
Quarter-finals,,Tue,09-04-2013,,Galatasaraytr,3–2,esReal Madrid,,Ali Sami Yen Spor Kompleksi,Stéphane Lannoy,Match Report,Leg 2 of 2; Real Madrid won,Galatasaray,Real Madrid,3,2,0,1,#VALUE!,#VALUE!,#VALUE!,#VALUE!
Quarter-finals,,Wed,10-04-2013,,Barcelonaes,1–1,frParis S-G,,Camp Nou,Björn Kuipers,Match Report,Leg 2 of 2; Barcelona won,Barcelona,Paris S-G,1,1,0,1,#VALUE!,#VALUE!,#VALUE!,#VALUE!
Quarter-finals,,Wed,10-04-2013,,Juventusit,0–2,deBayern Munich,,Juventus Stadium,Velasco Carballo,Match Report,Leg 2 of 2; Bayern Munich won,Juventus,Bayern Munich,0,2,0,1,#VALUE!,#VALUE!,#VALUE!,#VALUE!
Semi-finals,,Tue,23-04-2013,,Bayern Munichde,4–0,esBarcelona,,Fußball Arena München,Viktor Kassai,Match Report,Leg 1 of 2,Bayern Munich,Barcelona,4,0,1,0,#VALUE!,#VALUE!,#VALUE!,#VALUE!
Round,Wk,Day,Date,Time,Home,Score,Away,Attendance,Venue,Referee,Match Report,Notes,Ho,Away,Score,,0,0,#VALUE!,#VALUE!,#VALUE!,#VALUE!
Semi-finals,,Wed,24-04-2013,,Dortmundde,4–1,esReal Madrid,,BVB Stadion Dortmund,Björn Kuipers,Match Report,Leg 1 of 2,Dortmund,Real Madrid,4,1,1,0,#VALUE!,#VALUE!,#VALUE!,#VALUE!
Semi-finals,,Tue,30-04-2013,,Real Madrides,2–0,deDortmund,,Estadio Santiago Bernabéu,Howard Webb,Match Report,Leg 2 of 2; Dortmund won,Real Madrid,Dortmund,2,0,0,1,#VALUE!,#VALUE!,#VALUE!,#VALUE!
Semi-finals,,Wed,01-05-2013,,Barcelonaes,0–3,deBayern Munich,,Camp Nou,Damir Skomina,Match Report,Leg 2 of 2; Bayern Munich won,Barcelona,Bayern Munich,0,3,0,1,#VALUE!,#VALUE!,#VALUE!,#VALUE!
Final,,Sat,25-05-2013,,Dortmundde,1–2,deBayern Munich,,Wembley Stadium (Neutral Site),Nicola Rizzoli,Match Report,,Dortmund,Bayern Munich,1,2,0,0,#VALUE!,#VALUE!,#VALUE!,#VALUE!