Round,Wk,Day,Date,Time,Home,Score,Away,Attendance,Venue,Referee,Match Report,Notes,Home_Clean,Away_Clean,Home_Score,Away_Score,Leg 1,Leg 2,Home_Score_2,Away_Score_2,Home_Pens,Away_Pens
Group stage,1,Tue,17-09-2013,,Galatasaraytr,1–6,esReal Madrid,,Ali Sami Yen Spor Kompleksi,Mark Clattenburg,Match Report,,Galatasaray,Real Madrid,1,6,0,0,,,,
Group stage,1,Tue,17-09-2013,,Real Sociedades,0–2,uaShakhtar,,Anoeta,Ovidiu Haţegan,Match Report,,Real Sociedad,Shakhtar,0,2,0,0,,,,
Group stage,1,Tue,17-09-2013,,Bayern Munichde,3–0,ruCSKA Moscow,,Fußball Arena München,Gianluca Rocchi,Match Report,,Bayern Munich,CSKA Moscow,3,0,0,0,,,,
Group stage,1,Tue,17-09-2013,,Benficapt,2–0,beAnderlecht,,Estádio do Sport Lisboa e Benfica,Manuel Gräfe,Match Report,,Benfica,Anderlecht,2,0,0,0,,,,
Group stage,1,Tue,17-09-2013,,Manchester Utdeng,4–2,deLeverkusen,,Old Trafford,Damir Skomina,Match Report,,Manchester Utd,Leverkusen,4,2,0,0,,,,
Group stage,1,Tue,17-09-2013,,Viktoria Plzeňcz,0–3,engManchester City,,Doosan Arena,Paolo Tagliavento,Match Report,,Viktoria Plzeň,Manchester City,0,3,0,0,,,,
Group stage,1,Tue,17-09-2013,,Olympiacosgr,1–4,frParis S-G,,Stadio Georgios Karaiskakis,Felix Brych,Match Report,,Olympiacos,Paris S-G,1,4,0,0,,,,
Group stage,1,Tue,17-09-2013,,FC Copenhagendk,1–1,itJuventus,,Telia Parken,Ivan Bebek,Match Report,,FC Copenhagen,Juventus,1,1,0,0,,,,
Group stage,1,Wed,18-09-2013,,Napoliit,2–1,deDortmund,,Stadio San Paolo,Pedro Proença,Match Report,,Napoli,Dortmund,2,1,0,0,,,,
Group stage,1,Wed,18-09-2013,,Austria Wienat,0–1,ptPorto,,Ernst,Craig Thomson,Match Report,,Austria Wien,Porto,0,1,0,0,,,,
Group stage,1,Wed,18-09-2013,,Milanit,2–0,sctCeltic,,Stadio Giuseppe Meazza,Wolfgang Stark,Match Report,,Milan,Celtic,2,0,0,0,,,,
Group stage,1,Wed,18-09-2013,,Chelseaeng,1–2,chBasel,,Stamford Bridge,Daniele Orsato,Match Report,,Chelsea,Basel,1,2,0,0,,,,
Group stage,1,Wed,18-09-2013,,Atlético Madrides,3–1,ruZenit,,Estadio Vicente Calderón,William Collum,Match Report,,Atlético Madrid,Zenit,3,1,0,0,,,,
Group stage,1,Wed,18-09-2013,,Barcelonaes,4–0,nlAjax,,Camp Nou,Svein Oddvar Moen,Match Report,,Barcelona,Ajax,4,0,0,0,,,,
Group stage,1,Wed,18-09-2013,,Schalke 04de,3–0,roSteaua,,Arena AufSchalke,Cüneyt Çakır,Match Report,,Schalke 04,Steaua,3,0,0,0,,,,
Group stage,1,Wed,18-09-2013,,Marseillefr,1–2,engArsenal,,Stade Vélodrome,Olegário Benquerença,Match Report,,Marseille,Arsenal,1,2,0,0,,,,
,,,,,,,,,,,,,#VALUE!,,,,,,,,,
Group stage,2,Tue,01-10-2013,,Arsenaleng,2–0,itNapoli,,Arsenal Stadium,Milorad Mažić,Match Report,,Arsenal,Napoli,2,0,0,0,,,,
Group stage,2,Tue,01-10-2013,,Celticsct,0–1,esBarcelona,,Celtic Park,Stéphane Lannoy,Match Report,,Celtic,Barcelona,0,1,0,0,,,,
Group stage,2,Tue,01-10-2013,,Ajaxnl,1–1,itMilan,,Amsterdam ArenA,Jonas Eriksson,Match Report,,Ajax,Milan,1,1,0,0,,,,
Group stage,2,Tue,01-10-2013,,Baselch,0–1,deSchalke 04,,St. Jakob,Undiano Mallenco,Match Report,,Basel,Schalke 04,0,1,0,0,,,,
Group stage,2,Tue,01-10-2013,,Zenitru,0–0,atAustria Wien,,Stadion Petrovski,Deniz Aytekin,Match Report,,Zenit,Austria Wien,0,0,0,0,,,,
Group stage,2,Tue,01-10-2013,,Steauaro,0–4,engChelsea,,Arena Națională,Velasco Carballo,Match Report,,Steaua,Chelsea,0,4,0,0,,,,
Group stage,2,Tue,01-10-2013,,Dortmundde,3–0,frMarseille,,BVB Stadion Dortmund,Fernández Borbalán,Match Report,,Dortmund,Marseille,3,0,0,0,,,,
Group stage,2,Tue,01-10-2013,,Portopt,1–2,esAtlético Madrid,,Estádio do Dragão,Howard Webb,Match Report,,Porto,Atlético Madrid,1,2,0,0,,,,
Group stage,2,Wed,02-10-2013,,Manchester Cityeng,1–3,deBayern Munich,,City of Manchester Stadium,Björn Kuipers,Match Report,,Manchester City,Bayern Munich,1,3,0,0,,,,
Group stage,2,Wed,02-10-2013,,Paris S-Gfr,3–0,ptBenfica,,Parc des Princes,Nicola Rizzoli,Match Report,,Paris S-G,Benfica,3,0,0,0,,,,
Group stage,2,Wed,02-10-2013,,Juventusit,2–2,trGalatasaray,,Juventus Stadium,Viktor Kassai,Match Report,,Juventus,Galatasaray,2,2,0,0,,,,
Group stage,2,Wed,02-10-2013,,CSKA Moscowru,3–2,czViktoria Plzeň,,Stadion Petrovskiy,Bas Nijhuis,Match Report,,CSKA Moscow,Viktoria Plzeň,3,2,0,0,,,,
Group stage,2,Wed,02-10-2013,,Leverkusende,2–1,esReal Sociedad,,BayArena,Sergei Karasev,Match Report,,Leverkusen,Real Sociedad,2,1,0,0,,,,
Group stage,2,Wed,02-10-2013,,Shakhtarua,1–1,engManchester Utd,,Donbass Arena,Pavel Královec,Match Report,,Shakhtar,Manchester Utd,1,1,0,0,,,,
Group stage,2,Wed,02-10-2013,,Anderlechtbe,0–3,grOlympiacos,,Constant Vanden Stock Stadium,Tom Harald Hagen,Match Report,,Anderlecht,Olympiacos,0,3,0,0,,,,
Group stage,2,Wed,02-10-2013,,Real Madrides,4–0,dkFC Copenhagen,,Estadio Santiago Bernabéu,Matej Jug,Match Report,,Real Madrid,FC Copenhagen,4,0,0,0,,,,
,,,,,,,,,,,,,#VALUE!,,,,,,,,,
Group stage,3,Tue,22-10-2013,,Celticsct,2–1,nlAjax,,Celtic Park,Ivan Bebek,Match Report,,Celtic,Ajax,2,1,0,0,,,,
Group stage,3,Tue,22-10-2013,,Arsenaleng,1–2,deDortmund,,Arsenal Stadium,Jonas Eriksson,Match Report,,Arsenal,Dortmund,1,2,0,0,,,,
Group stage,3,Tue,22-10-2013,,Portopt,0–1,ruZenit,,Estádio do Dragão,Paolo Tagliavento,Match Report,,Porto,Zenit,0,1,0,0,,,,
Group stage,3,Tue,22-10-2013,,Schalke 04de,0–3,engChelsea,,Arena AufSchalke,Viktor Kassai,Match Report,,Schalke 04,Chelsea,0,3,0,0,,,,
Group stage,3,Tue,22-10-2013,,Milanit,1–1,esBarcelona,,Stadio Giuseppe Meazza,Felix Brych,Match Report,,Milan,Barcelona,1,1,0,0,,,,
Group stage,3,Tue,22-10-2013,,Steauaro,1–1,chBasel,,Arena Națională,Matej Jug,Match Report,,Steaua,Basel,1,1,0,0,,,,
Group stage,3,Tue,22-10-2013,,Marseillefr,1–2,itNapoli,,Stade Vélodrome,Cüneyt Çakır,Match Report,,Marseille,Napoli,1,2,0,0,,,,
Group stage,3,Tue,22-10-2013,,Austria Wienat,0–3,esAtlético Madrid,,Ernst,Daniele Orsato,Match Report,,Austria Wien,Atlético Madrid,0,3,0,0,,,,
Group stage,3,Wed,23-10-2013,,Bayern Munichde,5–0,czViktoria Plzeň,,Fußball Arena München,Alan Kelly,Match Report,,Bayern Munich,Viktoria Plzeň,5,0,0,0,,,,
Group stage,3,Wed,23-10-2013,,Real Madrides,2–1,itJuventus,,Estadio Santiago Bernabéu,Manuel Gräfe,Match Report,,Real Madrid,Juventus,2,1,0,0,,,,
Group stage,3,Wed,23-10-2013,,CSKA Moscowru,1–2,engManchester City,,Arena Khimki,Ovidiu Haţegan,Match Report,,CSKA Moscow,Manchester City,1,2,0,0,,,,
Group stage,3,Wed,23-10-2013,,Galatasaraytr,3–1,dkFC Copenhagen,,Ali Sami Yen Spor Kompleksi,Aleksandar Stavrev,Match Report,,Galatasaray,FC Copenhagen,3,1,0,0,,,,
Group stage,3,Wed,23-10-2013,,Manchester Utdeng,1–0,esReal Sociedad,,Old Trafford,Bas Nijhuis,Match Report,,Manchester Utd,Real Sociedad,1,0,0,0,,,,
Group stage,3,Wed,23-10-2013,,Leverkusende,4–0,uaShakhtar,,BayArena,Stéphane Lannoy,Match Report,,Leverkusen,Shakhtar,4,0,0,0,,,,
Group stage,3,Wed,23-10-2013,,Anderlechtbe,0–5,frParis S-G,,Constant Vanden Stock Stadium,Fernández Borbalán,Match Report,,Anderlecht,Paris S-G,0,5,0,0,,,,
Group stage,3,Wed,23-10-2013,,Benficapt,1–1,grOlympiacos,,Estádio do Sport Lisboa e Benfica,Undiano Mallenco,Match Report,,Benfica,Olympiacos,1,1,0,0,,,,
,,,,,,,,,,,,,#VALUE!,,,,,,,,,
Group stage,4,Tue,05-11-2013,,Manchester Cityeng,5–2,ruCSKA Moscow,,City of Manchester Stadium,Velasco Carballo,Match Report,,Manchester City,CSKA Moscow,5,2,0,0,,,,
Group stage,4,Tue,05-11-2013,,Real Sociedades,0–0,engManchester Utd,,Anoeta,Nicola Rizzoli,Match Report,,Real Sociedad,Manchester Utd,0,0,0,0,,,,
Group stage,4,Tue,05-11-2013,,Paris S-Gfr,1–1,beAnderlecht,,Parc des Princes,Marijo Strahonja,Match Report,,Paris S-G,Anderlecht,1,1,0,0,,,,
Group stage,4,Tue,05-11-2013,,Shakhtarua,0–0,deLeverkusen,,Donbass Arena,William Collum,Match Report,,Shakhtar,Leverkusen,0,0,0,0,,,,
Group stage,4,Tue,05-11-2013,,Juventusit,2–2,esReal Madrid,,Juventus Stadium,Howard Webb,Match Report,,Juventus,Real Madrid,2,2,0,0,,,,
Group stage,4,Tue,05-11-2013,,Olympiacosgr,1–0,ptBenfica,,Stadio Georgios Karaiskakis,Damir Skomina,Match Report,,Olympiacos,Benfica,1,0,0,0,,,,
Group stage,4,Tue,05-11-2013,,FC Copenhagendk,1–0,trGalatasaray,,Telia Parken,Martin Atkinson,Match Report,,FC Copenhagen,Galatasaray,1,0,0,0,,,,
Group stage,4,Tue,05-11-2013,,Viktoria Plzeňcz,0–1,deBayern Munich,,Doosan Arena,Mateu Lahoz,Match Report,,Viktoria Plzeň,Bayern Munich,0,1,0,0,,,,
Group stage,4,Wed,06-11-2013,,Barcelonaes,3–1,itMilan,,Camp Nou,Milorad Mažić,Match Report,,Barcelona,Milan,3,1,0,0,,,,
Group stage,4,Wed,06-11-2013,,Atlético Madrides,4–0,atAustria Wien,,Estadio Vicente Calderón,István Vad,Match Report,,Atlético Madrid,Austria Wien,4,0,0,0,,,,
Group stage,4,Wed,06-11-2013,,Ajaxnl,1–0,sctCeltic,,Amsterdam ArenA,Deniz Aytekin,Match Report,,Ajax,Celtic,1,0,0,0,,,,
Group stage,4,Wed,06-11-2013,,Chelseaeng,3–0,deSchalke 04,,Stamford Bridge,Svein Oddvar Moen,Match Report,,Chelsea,Schalke 04,3,0,0,0,,,,
Group stage,4,Wed,06-11-2013,,Zenitru,1–1,ptPorto,,Stadion Petrovski,Tom Harald Hagen,Match Report,,Zenit,Porto,1,1,0,0,,,,
Group stage,4,Wed,06-11-2013,,Dortmundde,0–1,engArsenal,,BVB Stadion Dortmund,Björn Kuipers,Match Report,,Dortmund,Arsenal,0,1,0,0,,,,
Group stage,4,Wed,06-11-2013,,Napoliit,3–2,frMarseille,,Stadio San Paolo,Sergei Karasev,Match Report,,Napoli,Marseille,3,2,0,0,,,,
Group stage,4,Wed,06-11-2013,,Baselch,1–1,roSteaua,,St. Jakob,Olegário Benquerença,Match Report,,Basel,Steaua,1,1,0,0,,,,
,,,,,,,,,,,,,#VALUE!,,,,,,,,,
Group stage,5,Tue,26-11-2013,,Portopt,1–1,atAustria Wien,,Estádio do Dragão,Ovidiu Haţegan,Match Report,,Porto,Austria Wien,1,1,0,0,,,,
Group stage,5,Tue,26-11-2013,,Zenitru,1–1,esAtlético Madrid,,Stadion Petrovski,Martin Atkinson,Match Report,,Zenit,Atlético Madrid,1,1,0,0,,,,
Group stage,5,Tue,26-11-2013,,Baselch,1–0,engChelsea,,St. Jakob,Stéphane Lannoy,Match Report,,Basel,Chelsea,1,0,0,0,,,,
Group stage,5,Tue,26-11-2013,,Celticsct,0–3,itMilan,,Celtic Park,Cüneyt Çakır,Match Report,,Celtic,Milan,0,3,0,0,,,,
Group stage,5,Tue,26-11-2013,,Dortmundde,3–1,itNapoli,,BVB Stadion Dortmund,Velasco Carballo,Match Report,,Dortmund,Napoli,3,1,0,0,,,,
Group stage,5,Tue,26-11-2013,,Ajaxnl,2–1,esBarcelona,,Amsterdam ArenA,Pavel Královec,Match Report,,Ajax,Barcelona,2,1,0,0,,,,
Group stage,5,Tue,26-11-2013,,Arsenaleng,2–0,frMarseille,,Arsenal Stadium,Mateu Lahoz,Match Report,,Arsenal,Marseille,2,0,0,0,,,,
Group stage,5,Tue,26-11-2013,,Steauaro,0–0,deSchalke 04,,Arena Națională,Bas Nijhuis,Match Report,,Steaua,Schalke 04,0,0,0,0,,,,
Group stage,5,Wed,27-11-2013,,Leverkusende,0–5,engManchester Utd,,BayArena,Svein Oddvar Moen,Match Report,,Leverkusen,Manchester Utd,0,5,0,0,,,,
Group stage,5,Wed,27-11-2013,,Real Madrides,4–1,trGalatasaray,,Estadio Santiago Bernabéu,William Collum,Match Report,,Real Madrid,Galatasaray,4,1,0,0,,,,
Group stage,5,Wed,27-11-2013,,Manchester Cityeng,4–2,czViktoria Plzeň,,City of Manchester Stadium,Fırat Aydınus,Match Report,,Manchester City,Viktoria Plzeň,4,2,0,0,,,,
Group stage,5,Wed,27-11-2013,,Shakhtarua,4–0,esReal Sociedad,,Donbass Arena,Olegário Benquerença,Match Report,,Shakhtar,Real Sociedad,4,0,0,0,,,,
Group stage,5,Wed,27-11-2013,,Anderlechtbe,2–3,ptBenfica,,Constant Vanden Stock Stadium,Daniele Orsato,Match Report,,Anderlecht,Benfica,2,3,0,0,,,,
Group stage,5,Wed,27-11-2013,,CSKA Moscowru,1–3,deBayern Munich,,Arena Khimki,Antony Gautier,Match Report,,CSKA Moscow,Bayern Munich,1,3,0,0,,,,
Group stage,5,Wed,27-11-2013,,Juventusit,3–1,dkFC Copenhagen,,Juventus Stadium,Jonas Eriksson,Match Report,,Juventus,FC Copenhagen,3,1,0,0,,,,
Group stage,5,Wed,27-11-2013,,Paris S-Gfr,2–1,grOlympiacos,,Parc des Princes,Craig Thomson,Match Report,,Paris S-G,Olympiacos,2,1,0,0,,,,
,,,,,,,,,,,,,#VALUE!,,,,,,,,,
Group stage,6,Tue,10-12-2013,,Olympiacosgr,3–1,beAnderlecht,,Stadio Georgios Karaiskakis,Wolfgang Stark,Match Report,,Olympiacos,Anderlecht,3,1,0,0,,,,
Group stage,6,Tue,10-12-2013,,Benficapt,2–1,frParis S-G,,Estádio do Sport Lisboa e Benfica,Mark Clattenburg,Match Report,,Benfica,Paris S-G,2,1,0,0,,,,
Group stage,6,Tue,10-12-2013,,Manchester Utdeng,1–0,uaShakhtar,,Old Trafford,Milorad Mažić,Match Report,,Manchester Utd,Shakhtar,1,0,0,0,,,,
Group stage,6,Tue,10-12-2013,,Viktoria Plzeňcz,2–1,ruCSKA Moscow,,Doosan Arena,Damir Skomina,Match Report,,Viktoria Plzeň,CSKA Moscow,2,1,0,0,,,,
Group stage,6,Tue,10-12-2013,,FC Copenhagendk,0–2,esReal Madrid,,Telia Parken,Felix Brych,Match Report,,FC Copenhagen,Real Madrid,0,2,0,0,,,,
Group stage,6,Tue,10-12-2013,,Real Sociedades,0–1,deLeverkusen,,Anoeta,Tom Harald Hagen,Match Report,,Real Sociedad,Leverkusen,0,1,0,0,,,,
Group stage,6,Tue,10-12-2013,,Bayern Munichde,2–3,engManchester City,,Fußball Arena München,Fernández Borbalán,Match Report,,Bayern Munich,Manchester City,2,3,0,0,,,,
Group stage,6,Wed,11-12-2013,,Galatasaraytr,1–0,itJuventus,,Ali Sami Yen Spor Kompleksi,Pedro Proença,Match Report,,Galatasaray,Juventus,1,0,0,0,,,,
Group stage,6,Wed,11-12-2013,,Schalke 04de,2–0,chBasel,,Arena AufSchalke,Paolo Tagliavento,Match Report,,Schalke 04,Basel,2,0,0,0,,,,
Group stage,6,Wed,11-12-2013,,Austria Wienat,4–1,ruZenit,,Ernst,Aleksandar Stavrev,Match Report,,Austria Wien,Zenit,4,1,0,0,,,,
Group stage,6,Wed,11-12-2013,,Milanit,0–0,nlAjax,,Stadio Giuseppe Meazza,Howard Webb,Match Report,,Milan,Ajax,0,0,0,0,,,,
Group stage,6,Wed,11-12-2013,,Barcelonaes,6–1,sctCeltic,,Camp Nou,Sergei Karasev,Match Report,,Barcelona,Celtic,6,1,0,0,,,,
Group stage,6,Wed,11-12-2013,,Marseillefr,1–2,deDortmund,,Stade Vélodrome,Marijo Strahonja,Match Report,,Marseille,Dortmund,1,2,0,0,,,,
Group stage,6,Wed,11-12-2013,,Atlético Madrides,2–0,ptPorto,,Estadio Vicente Calderón,Deniz Aytekin,Match Report,,Atlético Madrid,Porto,2,0,0,0,,,,
Group stage,6,Wed,11-12-2013,,Chelseaeng,1–0,roSteaua,,Stamford Bridge,Gianluca Rocchi,Match Report,,Chelsea,Steaua,1,0,0,0,,,,
Group stage,6,Wed,11-12-2013,,Napoliit,2–0,engArsenal,,Stadio San Paolo,Viktor Kassai,Match Report,,Napoli,Arsenal,2,0,0,0,,,,
,,,,,,,,,,,,,#VALUE!,,,,,,,,,
Round of 16,,Tue,18-02-2014,,Manchester Cityeng,0–2,esBarcelona,,City of Manchester Stadium,Jonas Eriksson,Match Report,Leg 1 of 2,Manchester City,Barcelona,0,2,1,0,#VALUE!,#VALUE!,#VALUE!,#VALUE!
Round of 16,,Tue,18-02-2014,,Leverkusende,0–4,frParis S-G,,BayArena,Viktor Kassai,Match Report,Leg 1 of 2,Leverkusen,Paris S-G,0,4,1,0,#VALUE!,#VALUE!,#VALUE!,#VALUE!
Round of 16,,Wed,19-02-2014,,Arsenaleng,0–2,deBayern Munich,,Arsenal Stadium,Nicola Rizzoli,Match Report,Leg 1 of 2,Arsenal,Bayern Munich,0,2,1,0,#VALUE!,#VALUE!,#VALUE!,#VALUE!
Round of 16,,Wed,19-02-2014,,Milanit,0–1,esAtlético Madrid,,Stadio Giuseppe Meazza,Pedro Proença,Match Report,Leg 1 of 2,Milan,Atlético Madrid,0,1,1,0,#VALUE!,#VALUE!,#VALUE!,#VALUE!
Round of 16,,Tue,25-02-2014,,Zenitru,2–4,deDortmund,,Stadion Petrovski,William Collum,Match Report,Leg 1 of 2,Zenit,Dortmund,2,4,1,0,#VALUE!,#VALUE!,#VALUE!,#VALUE!
Round of 16,,Tue,25-02-2014,,Olympiacosgr,2–0,engManchester Utd,,Stadio Georgios Karaiskakis,Gianluca Rocchi,Match Report,Leg 1 of 2,Olympiacos,Manchester Utd,2,0,1,0,#VALUE!,#VALUE!,#VALUE!,#VALUE!
Round of 16,,Wed,26-02-2014,,Schalke 04de,1–6,esReal Madrid,,Arena AufSchalke,Howard Webb,Match Report,Leg 1 of 2,Schalke 04,Real Madrid,1,6,1,0,#VALUE!,#VALUE!,#VALUE!,#VALUE!
Round of 16,,Wed,26-02-2014,,Galatasaraytr,1–1,engChelsea,,Ali Sami Yen Spor Kompleksi,Velasco Carballo,Match Report,Leg 1 of 2,Galatasaray,Chelsea,1,1,1,0,#VALUE!,#VALUE!,#VALUE!,#VALUE!
Round of 16,,Tue,11-03-2014,,Atlético Madrides,4–1,itMilan,,Estadio Vicente Calderón,Mark Clattenburg,Match Report,Leg 2 of 2; Atlético Madrid won,Atlético Madrid,Milan,4,1,0,1,#VALUE!,#VALUE!,#VALUE!,#VALUE!
Round of 16,,Tue,11-03-2014,,Bayern Munichde,1–1,engArsenal,,Fußball Arena München,Svein Oddvar Moen,Match Report,Leg 2 of 2; Bayern Munich won,Bayern Munich,Arsenal,1,1,0,1,#VALUE!,#VALUE!,#VALUE!,#VALUE!
Round of 16,,Wed,12-03-2014,,Paris S-Gfr,2–1,deLeverkusen,,Parc des Princes,Ivan Bebek,Match Report,Leg 2 of 2; Paris S-G won,Paris S-G,Leverkusen,2,1,0,1,#VALUE!,#VALUE!,#VALUE!,#VALUE!
Round of 16,,Wed,12-03-2014,,Barcelonaes,2–1,engManchester City,,Camp Nou,Stéphane Lannoy,Match Report,Leg 2 of 2; Barcelona won,Barcelona,Manchester City,2,1,0,1,#VALUE!,#VALUE!,#VALUE!,#VALUE!
Round of 16,,Tue,18-03-2014,,Chelseaeng,2–0,trGalatasaray,,Stamford Bridge,Felix Brych,Match Report,Leg 2 of 2; Chelsea won,Chelsea,Galatasaray,2,0,0,1,#VALUE!,#VALUE!,#VALUE!,#VALUE!
Round of 16,,Tue,18-03-2014,,Real Madrides,3–1,deSchalke 04,,Estadio Santiago Bernabéu,Sergei Karasev,Match Report,Leg 2 of 2; Real Madrid won,Real Madrid,Schalke 04,3,1,0,1,#VALUE!,#VALUE!,#VALUE!,#VALUE!
Round of 16,,Wed,19-03-2014,,Manchester Utdeng,3–0,grOlympiacos,,Old Trafford,Björn Kuipers,Match Report,Leg 2 of 2; Manchester Utd won,Manchester Utd,Olympiacos,3,0,0,1,#VALUE!,#VALUE!,#VALUE!,#VALUE!
Round of 16,,Wed,19-03-2014,,Dortmundde,1–2,ruZenit,,BVB Stadion Dortmund,Undiano Mallenco,Match Report,Leg 2 of 2; Dortmund won,Dortmund,Zenit,1,2,0,1,#VALUE!,#VALUE!,#VALUE!,#VALUE!
Quarter-finals,,Tue,01-04-2014,,Barcelonaes,1–1,esAtlético Madrid,,Camp Nou,Felix Brych,Match Report,Leg 1 of 2,Barcelona,Atlético Madrid,1,1,1,0,#VALUE!,#VALUE!,#VALUE!,#VALUE!
Quarter-finals,,Tue,01-04-2014,,Manchester Utdeng,1–1,deBayern Munich,,Old Trafford,Velasco Carballo,Match Report,Leg 1 of 2,Manchester Utd,Bayern Munich,1,1,1,0,#VALUE!,#VALUE!,#VALUE!,#VALUE!
Quarter-finals,,Wed,02-04-2014,,Real Madrides,3–0,deDortmund,,Estadio Santiago Bernabéu,Mark Clattenburg,Match Report,Leg 1 of 2,Real Madrid,Dortmund,3,0,1,0,#VALUE!,#VALUE!,#VALUE!,#VALUE!
Quarter-finals,,Wed,02-04-2014,,Paris S-Gfr,3–1,engChelsea,,Parc des Princes,Milorad Mažić,Match Report,Leg 1 of 2,Paris S-G,Chelsea,3,1,1,0,#VALUE!,#VALUE!,#VALUE!,#VALUE!
Quarter-finals,,Tue,08-04-2014,,Chelseaeng,2–0,frParis S-G,,Stamford Bridge,Pedro Proença,Match Report,Leg 2 of 2; Chelsea won,Chelsea,Paris S-G,2,0,0,1,#VALUE!,#VALUE!,#VALUE!,#VALUE!
Quarter-finals,,Tue,08-04-2014,,Dortmundde,2–0,esReal Madrid,,BVB Stadion Dortmund,Damir Skomina,Match Report,Leg 2 of 2; Real Madrid won,Dortmund,Real Madrid,2,0,0,1,#VALUE!,#VALUE!,#VALUE!,#VALUE!
Quarter-finals,,Wed,09-04-2014,,Bayern Munichde,3–1,engManchester Utd,,Fußball Arena München,Jonas Eriksson,Match Report,Leg 2 of 2; Bayern Munich won,Bayern Munich,Manchester Utd,3,1,0,1,#VALUE!,#VALUE!,#VALUE!,#VALUE!
Quarter-finals,,Wed,09-04-2014,,Atlético Madrides,1–0,esBarcelona,,Estadio Vicente Calderón,Howard Webb,Match Report,Leg 2 of 2; Atlético Madrid won,Atlético Madrid,Barcelona,1,0,0,1,#VALUE!,#VALUE!,#VALUE!,#VALUE!
Semi-finals,,Tue,22-04-2014,,Atlético Madrides,0–0,engChelsea,,Estadio Vicente Calderón,Jonas Eriksson,Match Report,Leg 1 of 2,Atlético Madrid,Chelsea,0,0,1,0,#VALUE!,#VALUE!,#VALUE!,#VALUE!
Round,Wk,Day,Date,Time,Home,Score,Away,Attendance,Venue,Referee,Match Report,Notes,Ho,Away,Score,,0,0,#VALUE!,#VALUE!,#VALUE!,#VALUE!
Semi-finals,,Wed,23-04-2014,,Real Madrides,1–0,deBayern Munich,,Estadio Santiago Bernabéu,Howard Webb,Match Report,Leg 1 of 2,Real Madrid,Bayern Munich,1,0,1,0,#VALUE!,#VALUE!,#VALUE!,#VALUE!
Semi-finals,,Tue,29-04-2014,,Bayern Munichde,0–4,esReal Madrid,,Fußball Arena München,Pedro Proença,Match Report,Leg 2 of 2; Real Madrid won,Bayern Munich,Real Madrid,0,4,0,1,#VALUE!,#VALUE!,#VALUE!,#VALUE!
Semi-finals,,Wed,30-04-2014,,Chelseaeng,1–3,esAtlético Madrid,,Stamford Bridge,Nicola Rizzoli,Match Report,Leg 2 of 2; Atlético Madrid won,Chelsea,Atlético Madrid,1,3,0,1,#VALUE!,#VALUE!,#VALUE!,#VALUE!
Final,,Sat,24-05-2014,,Real Madrides,4–1,esAtlético Madrid,,Estádio do Sport Lisboa e Benfica (Neutral Site),Björn Kuipers,Match Report,Required Extra Time,Real Madrid,Atlético Madrid,4,1,0,0,#VALUE!,#VALUE!,#VALUE!,#VALUE!