Round,Wk,Day,Date,Time,Home,Score,Away,Attendance,Venue,Referee,Match Report,Notes,Home_Clean,Away_Clean,Home_Score,Away_Score,Leg 1,Leg 2,Home_Score_2,Away_Score_2,Home_Pens,Away_Pens
Group stage,1,Tue,16-09-2014,19:45,Benficapt,0–2,ruZenit,35294,Estádio do Sport Lisboa e Benfica,Svein Oddvar Moen,Match Report,,Benfica,Zenit,0,2,0,0,,,,
Group stage,1,Tue,16-09-2014,19:45,Liverpooleng,2–1,bgLudogorets,43307,Anfield,Matej Jug,Match Report,,Liverpool,Ludogorets,2,1,0,0,,,,
Group stage,1,Tue,16-09-2014,20:45,Dortmundde,2–0,engArsenal,65851,Signal Iduna Park,Olegário Benquerença,Match Report,,Dortmund,Arsenal,2,0,0,0,,,,
Group stage,1,Tue,16-09-2014,20:45,Monacofr,1–0,deLeverkusen,8130,Stade Louis II.,Pavel Královec,Match Report,,Monaco,Leverkusen,1,0,0,0,,,,
Group stage,1,Tue,16-09-2014,20:45,Real Madrides,5–1,chBasel,65364,Estadio Santiago Bernabéu,Damir Skomina,Match Report,,Real Madrid,Basel,5,1,0,0,,,,
Group stage,1,Tue,16-09-2014,20:45,Juventusit,2–0,seMalmö,31218,Allianz Stadium,Szymon Marciniak,Match Report,,Juventus,Malmö,2,0,0,0,,,,
Group stage,1,Tue,16-09-2014,21:45,Galatasaraytr,1–1,beAnderlecht,28553,Türk Telekom Arena,István Vad II,Match Report,,Galatasaray,Anderlecht,1,1,0,0,,,,
Group stage,1,Tue,16-09-2014,21:45,Olympiacosgr,3–2,esAtlético Madrid,31946,Stadio Georgios Karaiskáki,Pedro Proença,Match Report,,Olympiacos,Atlético Madrid,3,2,0,0,,,,
Group stage,1,Wed,17-09-2014,19:45,Chelseaeng,1–1,deSchalke 04,40648,Stamford Bridge,Ivan Bebek,Match Report,,Chelsea,Schalke 04,1,1,0,0,,,,
Group stage,1,Wed,17-09-2014,19:45,Portopt,6–0,byBATE Borisov,35108,Estádio Do Dragão,Bas Nijhuis,Match Report,,Porto,BATE Borisov,6,0,0,0,,,,
Group stage,1,Wed,17-09-2014,20:45,Romait,5–1,ruCSKA Moscow,40888,Stadio Olimpico,David Fernández,Match Report,,Roma,CSKA Moscow,5,1,0,0,,,,
Group stage,1,Wed,17-09-2014,20:45,Barcelonaes,1–0,cyAPOEL FC,62832,Camp Nou,Deniz Aytekin,Match Report,,Barcelona,APOEL FC,1,0,0,0,,,,
Group stage,1,Wed,17-09-2014,20:45,Ajaxnl,1–1,frParis S-G,50430,Johan Cruyff ArenA,Wolfgang Stark,Match Report,,Ajax,Paris S-G,1,1,0,0,,,,
Group stage,1,Wed,17-09-2014,20:45,NK Mariborsi,1–1,ptSporting CP,12211,Ljudski vrt,Clément Turpin,Match Report,,NK Maribor,Sporting CP,1,1,0,0,,,,
Group stage,1,Wed,17-09-2014,20:45,Athletic Clubes,0–0,uaShakhtar,48351,San Mamés,Tasos Sidiropoulos,Match Report,,Athletic Club,Shakhtar,0,0,0,0,,,,
Group stage,1,Wed,17-09-2014,20:45,Bayern Munichde,1–0,engManchester City,68000,Allianz Arena,Alberto Undiano,Match Report,,Bayern Munich,Manchester City,1,0,0,0,,,,
,,,,,,,,,,,,,#VALUE!,,,,,,,,,
Group stage,2,Tue,30-09-2014,19:45,Sporting CPpt,0–1,engChelsea,40734,Estádio José Alvalade,Antonio Matéu Lahoz,Match Report,,Sporting CP,Chelsea,0,1,0,0,,,,
Group stage,2,Tue,30-09-2014,19:45,Manchester Cityeng,1–1,itRoma,37509,Etihad Stadium,Björn Kuipers,Match Report,,Manchester City,Roma,1,1,0,0,,,,
Group stage,2,Tue,30-09-2014,20:00,CSKA Moscowru,0–1,deBayern Munich,,RZD Arena,William Collum,Match Report,,CSKA Moscow,Bayern Munich,0,1,0,0,,,,
Group stage,2,Tue,30-09-2014,20:45,Schalke 04de,1–1,siNK Maribor,47997,Veltins-Arena,Carlos Velasco,Match Report,,Schalke 04,NK Maribor,1,1,0,0,,,,
Group stage,2,Tue,30-09-2014,20:45,Paris S-Gfr,3–2,esBarcelona,46400,Parc des Princes,Nicola Rizzoli,Match Report,,Paris S-G,Barcelona,3,2,0,0,,,,
Group stage,2,Tue,30-09-2014,21:45,Shakhtarua,2–2,ptPorto,33217,L'viv Arena,Cüneyt Çakιr,Match Report,,Shakhtar,Porto,2,2,0,0,,,,
Group stage,2,Tue,30-09-2014,21:45,APOEL FCcy,1–1,nlAjax,17190,Neo GSP,Milorad Mažić,Match Report,,APOEL FC,Ajax,1,1,0,0,,,,
Group stage,2,Tue,30-09-2014,21:45,BATE Borisovby,2–1,esAthletic Club,11886,Borisov Arena,Stéphane Lannoy,Match Report,,BATE Borisov,Athletic Club,2,1,0,0,,,,
Group stage,2,Wed,01-10-2014,19:45,Arsenaleng,4–1,trGalatasaray,59803,Emirates Stadium,Gianluca Rocchi,Match Report,,Arsenal,Galatasaray,4,1,0,0,,,,
Group stage,2,Wed,01-10-2014,20:00,Zenitru,0–0,frMonaco,13817,Stadion Petrovskij,Mark Clattenburg,Match Report,,Zenit,Monaco,0,0,0,0,,,,
Group stage,2,Wed,01-10-2014,20:45,Leverkusende,3–1,ptBenfica,25202,BayArena,Martin Atkinson,Match Report,,Leverkusen,Benfica,3,1,0,0,,,,
Group stage,2,Wed,01-10-2014,20:45,Malmöse,2–0,grOlympiacos,20500,Swedbank Stadion,Sergey Karasev,Match Report,,Malmö,Olympiacos,2,0,0,0,,,,
Group stage,2,Wed,01-10-2014,20:45,Atlético Madrides,1–0,itJuventus,44322,Estadio Vicente Calderón,Felix Brych,Match Report,,Atlético Madrid,Juventus,1,0,0,0,,,,
Group stage,2,Wed,01-10-2014,20:45,Baselch,1–0,engLiverpool,36000,St. Jakob-Park,Jonas Eriksson,Match Report,,Basel,Liverpool,1,0,0,0,,,,
Group stage,2,Wed,01-10-2014,20:45,Anderlechtbe,0–3,deDortmund,18649,Lotto Park,Paolo Tagliavento,Match Report,,Anderlecht,Dortmund,0,3,0,0,,,,
Group stage,2,Wed,01-10-2014,21:45,Ludogoretsbg,1–2,esReal Madrid,41484,Stadion Vasil Levski,Craig Thomson,Match Report,,Ludogorets,Real Madrid,1,2,0,0,,,,
,,,,,,,,,,,,,#VALUE!,,,,,,,,,
Group stage,3,Tue,21-10-2014,19:45,Chelseaeng,6–0,siNK Maribor,41126,Stamford Bridge,Danny Makkelie,Match Report,,Chelsea,NK Maribor,6,0,0,0,,,,
Group stage,3,Tue,21-10-2014,19:45,Portopt,2–1,esAthletic Club,45000,Estádio Do Dragão,Damir Skomina,Match Report,,Porto,Athletic Club,2,1,0,0,,,,
Group stage,3,Tue,21-10-2014,20:00,CSKA Moscowru,2–2,engManchester City,,Arena Khimki,István Vad II,Match Report,,CSKA Moscow,Manchester City,2,2,0,0,,,,
Group stage,3,Tue,21-10-2014,20:45,Romait,1–7,deBayern Munich,65000,Stadio Olimpico,Jonas Eriksson,Match Report,,Roma,Bayern Munich,1,7,0,0,,,,
Group stage,3,Tue,21-10-2014,20:45,Schalke 04de,4–3,ptSporting CP,49943,Veltins-Arena,Sergey Karasev,Match Report,,Schalke 04,Sporting CP,4,3,0,0,,,,
Group stage,3,Tue,21-10-2014,20:45,Barcelonaes,3–1,nlAjax,79357,Camp Nou,William Collum,Match Report,,Barcelona,Ajax,3,1,0,0,,,,
Group stage,3,Tue,21-10-2014,21:45,APOEL FCcy,0–1,frParis S-G,20000,Neo GSP,Ovidiu Hațegan,Match Report,,APOEL FC,Paris S-G,0,1,0,0,,,,
Group stage,3,Tue,21-10-2014,21:45,BATE Borisovby,0–7,uaShakhtar,20000,Borisov Arena,Ivan Bebek,Match Report,,BATE Borisov,Shakhtar,0,7,0,0,,,,
Group stage,3,Wed,22-10-2014,19:45,Liverpooleng,0–3,esReal Madrid,43521,Anfield,Nicola Rizzoli,Match Report,,Liverpool,Real Madrid,0,3,0,0,,,,
Group stage,3,Wed,22-10-2014,20:45,Monacofr,0–0,ptBenfica,12776,Stade Louis II.,Szymon Marciniak,Match Report,,Monaco,Benfica,0,0,0,0,,,,
Group stage,3,Wed,22-10-2014,20:45,Atlético Madrides,5–0,seMalmö,34502,Estadio Vicente Calderón,Matej Jug,Match Report,,Atlético Madrid,Malmö,5,0,0,0,,,,
Group stage,3,Wed,22-10-2014,20:45,Leverkusende,2–0,ruZenit,27254,BayArena,Björn Kuipers,Match Report,,Leverkusen,Zenit,2,0,0,0,,,,
Group stage,3,Wed,22-10-2014,20:45,Anderlechtbe,1–2,engArsenal,19881,Lotto Park,Carlos Velasco,Match Report,,Anderlecht,Arsenal,1,2,0,0,,,,
Group stage,3,Wed,22-10-2014,21:45,Olympiacosgr,1–0,itJuventus,31411,Stadio Georgios Karaiskáki,Milorad Mažić,Match Report,,Olympiacos,Juventus,1,0,0,0,,,,
Group stage,3,Wed,22-10-2014,21:45,Ludogoretsbg,1–0,chBasel,3500,Stadion Vasil Levski,Deniz Aytekin,Match Report,,Ludogorets,Basel,1,0,0,0,,,,
Group stage,3,Wed,22-10-2014,21:45,Galatasaraytr,0–4,deDortmund,36324,Türk Telekom Arena,Antonio Matéu Lahoz,Match Report,,Galatasaray,Dortmund,0,4,0,0,,,,
,,,,,,,,,,,,,#VALUE!,,,,,,,,,
Group stage,4,Tue,04-11-2014,19:45,Arsenaleng,3–3,beAnderlecht,60000,Emirates Stadium,Clément Turpin,Match Report,,Arsenal,Anderlecht,3,3,0,0,,,,
Group stage,4,Tue,04-11-2014,19:45,Benficapt,1–0,frMonaco,60000,Estádio do Sport Lisboa e Benfica,David Fernández,Match Report,,Benfica,Monaco,1,0,0,0,,,,
Group stage,4,Tue,04-11-2014,20:00,Zenitru,1–2,deLeverkusen,17010,Stadion Petrovskij,Alberto Undiano,Match Report,,Zenit,Leverkusen,1,2,0,0,,,,
Group stage,4,Tue,04-11-2014,20:45,Dortmundde,4–1,trGalatasaray,78000,Signal Iduna Park,Pavel Královec,Match Report,,Dortmund,Galatasaray,4,1,0,0,,,,
Group stage,4,Tue,04-11-2014,20:45,Baselch,4–0,bgLudogorets,35272,St. Jakob-Park,Stéphane Lannoy,Match Report,,Basel,Ludogorets,4,0,0,0,,,,
Group stage,4,Tue,04-11-2014,20:45,Real Madrides,1–0,engLiverpool,75000,Estadio Santiago Bernabéu,Viktor Kassai,Match Report,,Real Madrid,Liverpool,1,0,0,0,,,,
Group stage,4,Tue,04-11-2014,20:45,Malmöse,0–2,esAtlético Madrid,20000,Swedbank Stadion,Mark Clattenburg,Match Report,,Malmö,Atlético Madrid,0,2,0,0,,,,
Group stage,4,Tue,04-11-2014,20:45,Juventusit,3–2,grOlympiacos,36000,Allianz Stadium,Martin Atkinson,Match Report,,Juventus,Olympiacos,3,2,0,0,,,,
Group stage,4,Wed,05-11-2014,19:45,Sporting CPpt,4–2,deSchalke 04,35473,Estádio José Alvalade,Paolo Tagliavento,Match Report,,Sporting CP,Schalke 04,4,2,0,0,,,,
Group stage,4,Wed,05-11-2014,19:45,Manchester Cityeng,1–2,ruCSKA Moscow,42000,Etihad Stadium,Tasos Sidiropoulos,Match Report,,Manchester City,CSKA Moscow,1,2,0,0,,,,
Group stage,4,Wed,05-11-2014,20:45,Athletic Clubes,0–2,ptPorto,44000,San Mamés,Felix Brych,Match Report,,Athletic Club,Porto,0,2,0,0,,,,
Group stage,4,Wed,05-11-2014,20:45,Paris S-Gfr,1–0,cyAPOEL FC,42000,Parc des Princes,Olegário Benquerença,Match Report,,Paris S-G,APOEL FC,1,0,0,0,,,,
Group stage,4,Wed,05-11-2014,20:45,Bayern Munichde,2–0,itRoma,68000,Allianz Arena,Cüneyt Çakιr,Match Report,,Bayern Munich,Roma,2,0,0,0,,,,
Group stage,4,Wed,05-11-2014,20:45,NK Mariborsi,1–1,engChelsea,12500,Ljudski vrt,Daniele Orsato,Match Report,,NK Maribor,Chelsea,1,1,0,0,,,,
Group stage,4,Wed,05-11-2014,20:45,Ajaxnl,0–2,esBarcelona,52116,Johan Cruyff ArenA,Pedro Proença,Match Report,,Ajax,Barcelona,0,2,0,0,,,,
Group stage,4,Wed,05-11-2014,21:45,Shakhtarua,5–0,byBATE Borisov,33000,L'viv Arena,Wolfgang Stark,Match Report,,Shakhtar,BATE Borisov,5,0,0,0,,,,
,,,,,,,,,,,,,#VALUE!,,,,,,,,,
Group stage,5,Tue,25-11-2014,19:45,Manchester Cityeng,3–2,deBayern Munich,44510,Etihad Stadium,Pavel Královec,Match Report,,Manchester City,Bayern Munich,3,2,0,0,,,,
Group stage,5,Tue,25-11-2014,19:45,Sporting CPpt,3–1,siNK Maribor,32739,Estádio José Alvalade,Craig Thomson,Match Report,,Sporting CP,NK Maribor,3,1,0,0,,,,
Group stage,5,Tue,25-11-2014,20:00,BATE Borisovby,0–3,ptPorto,6000,Borisov Arena,Ovidiu Hațegan,Match Report,,BATE Borisov,Porto,0,3,0,0,,,,
Group stage,5,Tue,25-11-2014,20:00,CSKA Moscowru,1–1,itRoma,,Arena Khimki,Felix Brych,Match Report,,CSKA Moscow,Roma,1,1,0,0,,,,
Group stage,5,Tue,25-11-2014,20:45,Schalke 04de,0–5,engChelsea,54442,Veltins-Arena,Jonas Eriksson,Match Report,,Schalke 04,Chelsea,0,5,0,0,,,,
Group stage,5,Tue,25-11-2014,20:45,Paris S-Gfr,3–1,nlAjax,46130,Parc des Princes,Matej Jug,Match Report,,Paris S-G,Ajax,3,1,0,0,,,,
Group stage,5,Tue,25-11-2014,21:45,APOEL FCcy,0–4,esBarcelona,20626,Neo GSP,Gianluca Rocchi,Match Report,,APOEL FC,Barcelona,0,4,0,0,,,,
Group stage,5,Tue,25-11-2014,21:45,Shakhtarua,0–1,esAthletic Club,33489,L'viv Arena,Mark Clattenburg,Match Report,,Shakhtar,Athletic Club,0,1,0,0,,,,
Group stage,5,Wed,26-11-2014,19:45,Arsenaleng,2–0,deDortmund,59902,Emirates Stadium,Viktor Kassai,Match Report,,Arsenal,Dortmund,2,0,0,0,,,,
Group stage,5,Wed,26-11-2014,20:00,Zenitru,1–0,ptBenfica,18000,Stadion Petrovskij,Nicola Rizzoli,Match Report,,Zenit,Benfica,1,0,0,0,,,,
Group stage,5,Wed,26-11-2014,20:45,Leverkusende,0–1,frMonaco,26230,BayArena,Paolo Tagliavento,Match Report,,Leverkusen,Monaco,0,1,0,0,,,,
Group stage,5,Wed,26-11-2014,20:45,Malmöse,0–2,itJuventus,20500,Swedbank Stadion,Pedro Proença,Match Report,,Malmö,Juventus,0,2,0,0,,,,
Group stage,5,Wed,26-11-2014,20:45,Atlético Madrides,4–0,grOlympiacos,40121,Estadio Vicente Calderón,Wolfgang Stark,Match Report,,Atlético Madrid,Olympiacos,4,0,0,0,,,,
Group stage,5,Wed,26-11-2014,20:45,Baselch,0–1,esReal Madrid,36000,St. Jakob-Park,Milorad Mažić,Match Report,,Basel,Real Madrid,0,1,0,0,,,,
Group stage,5,Wed,26-11-2014,20:45,Anderlechtbe,2–0,trGalatasaray,19857,Lotto Park,Ivan Bebek,Match Report,,Anderlecht,Galatasaray,2,0,0,0,,,,
Group stage,5,Wed,26-11-2014,21:45,Ludogoretsbg,2–2,engLiverpool,6300,Stadion Vasil Levski,Antonio Matéu Lahoz,Match Report,,Ludogorets,Liverpool,2,2,0,0,,,,
,,,,,,,,,,,,,#VALUE!,,,,,,,,,
Group stage,6,Tue,09-12-2014,19:45,Liverpooleng,1–1,chBasel,43290,Anfield,Björn Kuipers,Match Report,,Liverpool,Basel,1,1,0,0,,,,
Group stage,6,Tue,09-12-2014,19:45,Benficapt,0–0,deLeverkusen,17564,Estádio do Sport Lisboa e Benfica,Aliaksei Kulbakou,Match Report,,Benfica,Leverkusen,0,0,0,0,,,,
Group stage,6,Tue,09-12-2014,20:45,Juventusit,0–0,esAtlético Madrid,39219,Allianz Stadium,William Collum,Match Report,,Juventus,Atlético Madrid,0,0,0,0,,,,
Group stage,6,Tue,09-12-2014,20:45,Dortmundde,1–1,beAnderlecht,65851,Signal Iduna Park,Alberto Undiano,Match Report,,Dortmund,Anderlecht,1,1,0,0,,,,
Group stage,6,Tue,09-12-2014,20:45,Real Madrides,4–0,bgLudogorets,58393,Estadio Santiago Bernabéu,Clément Turpin,Match Report,,Real Madrid,Ludogorets,4,0,0,0,,,,
Group stage,6,Tue,09-12-2014,20:45,Monacofr,2–0,ruZenit,11319,Stade Louis II.,Dvir Shimon,Match Report,,Monaco,Zenit,2,0,0,0,,,,
Group stage,6,Tue,09-12-2014,21:45,Olympiacosgr,4–2,seMalmö,27562,Stadio Georgios Karaiskáki,Stéphane Lannoy,Match Report,,Olympiacos,Malmö,4,2,0,0,,,,
Group stage,6,Tue,09-12-2014,21:45,Galatasaraytr,1–4,engArsenal,20590,Türk Telekom Arena,Diego Fernández,Match Report,,Galatasaray,Arsenal,1,4,0,0,,,,
Group stage,6,Wed,10-12-2014,19:45,Chelseaeng,3–1,ptSporting CP,41089,Stamford Bridge,Svein Oddvar Moen,Match Report,,Chelsea,Sporting CP,3,1,0,0,,,,
Group stage,6,Wed,10-12-2014,19:45,Portopt,1–1,uaShakhtar,28010,Estádio Do Dragão,Ruddy Buquet,Match Report,,Porto,Shakhtar,1,1,0,0,,,,
Group stage,6,Wed,10-12-2014,20:45,Bayern Munichde,3–0,ruCSKA Moscow,68000,Allianz Arena,Olegário Benquerença,Match Report,,Bayern Munich,CSKA Moscow,3,0,0,0,,,,
Group stage,6,Wed,10-12-2014,20:45,Barcelonaes,3–1,frParis S-G,82570,Camp Nou,Martin Atkinson,Match Report,,Barcelona,Paris S-G,3,1,0,0,,,,
Group stage,6,Wed,10-12-2014,20:45,NK Mariborsi,0–1,deSchalke 04,12516,Ljudski vrt,Szymon Marciniak,Match Report,,NK Maribor,Schalke 04,0,1,0,0,,,,
Group stage,6,Wed,10-12-2014,20:45,Romait,0–2,engManchester City,54119,Stadio Olimpico,Milorad Mažić,Match Report,,Roma,Manchester City,0,2,0,0,,,,
Group stage,6,Wed,10-12-2014,20:45,Athletic Clubes,2–0,byBATE Borisov,33000,San Mamés,Daniele Orsato,Match Report,,Athletic Club,BATE Borisov,2,0,0,0,,,,
Group stage,6,Wed,10-12-2014,20:45,Ajaxnl,4–0,cyAPOEL FC,51796,Johan Cruyff ArenA,Carlos Velasco,Match Report,,Ajax,APOEL FC,4,0,0,0,,,,
,,,,,,,,,,,,,#VALUE!,,,,,,,,,
Round of 16,,Tue,17-02-2015,20:45,Paris S-Gfr,1–1,engChelsea,45713,Parc des Princes,Cüneyt Çakιr,Match Report,Leg 1 of 2,Paris S-G,Chelsea,1,1,1,0,#VALUE!,#VALUE!,#VALUE!,#VALUE!
Round of 16,,Tue,17-02-2015,21:45,Shakhtarua,0–0,deBayern Munich,34915,L'viv Arena,Alberto Undiano,Match Report,Leg 1 of 2,Shakhtar,Bayern Munich,0,0,1,0,#VALUE!,#VALUE!,#VALUE!,#VALUE!
Round of 16,,Wed,18-02-2015,20:45,Baselch,1–1,ptPorto,34464,St. Jakob-Park,Mark Clattenburg,Match Report,Leg 1 of 2,Basel,Porto,1,1,1,0,#VALUE!,#VALUE!,#VALUE!,#VALUE!
Round of 16,,Wed,18-02-2015,20:45,Schalke 04de,0–2,esReal Madrid,54400,Veltins-Arena,Martin Atkinson,Match Report,Leg 1 of 2,Schalke 04,Real Madrid,0,2,1,0,#VALUE!,#VALUE!,#VALUE!,#VALUE!
Round of 16,,Tue,24-02-2015,19:45,Manchester Cityeng,1–2,esBarcelona,45550,Etihad Stadium,Felix Brych,Match Report,Leg 1 of 2,Manchester City,Barcelona,1,2,1,0,#VALUE!,#VALUE!,#VALUE!,#VALUE!
Round of 16,,Tue,24-02-2015,20:45,Juventusit,2–1,deDortmund,41182,Allianz Stadium,Antonio Matéu Lahoz,Match Report,Leg 1 of 2,Juventus,Dortmund,2,1,1,0,#VALUE!,#VALUE!,#VALUE!,#VALUE!
Round of 16,,Wed,25-02-2015,19:45,Arsenaleng,1–3,frMonaco,59868,Emirates Stadium,Deniz Aytekin,Match Report,Leg 1 of 2,Arsenal,Monaco,1,3,1,0,#VALUE!,#VALUE!,#VALUE!,#VALUE!
Round of 16,,Wed,25-02-2015,20:45,Leverkusende,1–0,esAtlético Madrid,26230,BayArena,Pavel Královec,Match Report,Leg 1 of 2,Leverkusen,Atlético Madrid,1,0,1,0,#VALUE!,#VALUE!,#VALUE!,#VALUE!
Round of 16,,Tue,10-03-2015,19:45,Portopt,4–0,chBasel,43108,Estádio Do Dragão,Jonas Eriksson,Match Report,Leg 2 of 2; Porto won,Porto,Basel,4,0,0,1,#VALUE!,#VALUE!,#VALUE!,#VALUE!
Round of 16,,Tue,10-03-2015,20:45,Real Madrides,3–4,deSchalke 04,69986,Estadio Santiago Bernabéu,Damir Skomina,Match Report,Leg 2 of 2; Real Madrid won,Real Madrid,Schalke 04,3,4,0,1,#VALUE!,#VALUE!,#VALUE!,#VALUE!
Round of 16,,Wed,11-03-2015,19:45,Chelseaeng,2–2,frParis S-G,37692,Stamford Bridge,Björn Kuipers,Match Report,Leg 2 of 2; Paris S-G won; Required Extra Time,Chelsea,Paris S-G,2,2,0,1,#VALUE!,#VALUE!,#VALUE!,#VALUE!
Round of 16,,Wed,11-03-2015,20:45,Bayern Munichde,7–0,uaShakhtar,70000,Allianz Arena,William Collum,Match Report,Leg 2 of 2; Bayern Munich won,Bayern Munich,Shakhtar,7,0,0,1,#VALUE!,#VALUE!,#VALUE!,#VALUE!
Round of 16,,Tue,17-03-2015,20:45,Atlético Madrides,(3)1–0(2),deLeverkusen,48273,Estadio Vicente Calderón,Nicola Rizzoli,Match Report,"Leg 2 of 2; Atlético Madrid won; Atlético Madrid won on penalty kicks 
following extra time",Atlético Madrid,Leverkusen,(3)1,0(2),0,1,1,0,3,2
Round of 16,,Tue,17-03-2015,20:45,Monacofr,0–2,engArsenal,17,Stade Louis II.,Svein Oddvar Moen,Match Report,Leg 2 of 2; Monaco won,Monaco,Arsenal,0,2,0,1,#VALUE!,#VALUE!,#VALUE!,#VALUE!
Round of 16,,Wed,18-03-2015,20:45,Barcelonaes,1–0,engManchester City,92551,Camp Nou,Gianluca Rocchi,Match Report,Leg 2 of 2; Barcelona won,Barcelona,Manchester City,1,0,0,1,#VALUE!,#VALUE!,#VALUE!,#VALUE!
Round of 16,,Wed,18-03-2015,20:45,Dortmundde,0–3,itJuventus,65851,Signal Iduna Park,Milorad Mažić,Match Report,Leg 2 of 2; Juventus won,Dortmund,Juventus,0,3,0,1,#VALUE!,#VALUE!,#VALUE!,#VALUE!
Quarter-finals,,Tue,14-04-2015,20:45,Atlético Madrides,0–0,esReal Madrid,52553,Estadio Vicente Calderón,Milorad Mažić,Match Report,Leg 1 of 2,Atlético Madrid,Real Madrid,0,0,1,0,#VALUE!,#VALUE!,#VALUE!,#VALUE!
Quarter-finals,,Tue,14-04-2015,20:45,Juventusit,1–0,frMonaco,40801,Allianz Stadium,Pavel Královec,Match Report,Leg 1 of 2,Juventus,Monaco,1,0,1,0,#VALUE!,#VALUE!,#VALUE!,#VALUE!
Quarter-finals,,Wed,15-04-2015,19:45,Portopt,3–1,deBayern Munich,50092,Estádio Do Dragão,Carlos Velasco,Match Report,Leg 1 of 2,Porto,Bayern Munich,3,1,1,0,#VALUE!,#VALUE!,#VALUE!,#VALUE!
Quarter-finals,,Wed,15-04-2015,20:45,Paris S-Gfr,1–3,esBarcelona,45893,Parc des Princes,Mark Clattenburg,Match Report,Leg 1 of 2,Paris S-G,Barcelona,1,3,1,0,#VALUE!,#VALUE!,#VALUE!,#VALUE!
Quarter-finals,,Tue,21-04-2015,20:45,Barcelonaes,2–0,frParis S-G,84477,Camp Nou,Svein Oddvar Moen,Match Report,Leg 2 of 2; Barcelona won,Barcelona,Paris S-G,2,0,0,1,#VALUE!,#VALUE!,#VALUE!,#VALUE!
Quarter-finals,,Tue,21-04-2015,20:45,Bayern Munichde,6–1,ptPorto,70000,Allianz Arena,Martin Atkinson,Match Report,Leg 2 of 2; Bayern Munich won,Bayern Munich,Porto,6,1,0,1,#VALUE!,#VALUE!,#VALUE!,#VALUE!
Quarter-finals,,Wed,22-04-2015,20:45,Real Madrides,1–0,esAtlético Madrid,80000,Estadio Santiago Bernabéu,Felix Brych,Match Report,Leg 2 of 2; Real Madrid won,Real Madrid,Atlético Madrid,1,0,0,1,#VALUE!,#VALUE!,#VALUE!,#VALUE!
Quarter-finals,,Wed,22-04-2015,20:45,Monacofr,0–0,itJuventus,17000,Stade Louis II.,William Collum,Match Report,Leg 2 of 2; Juventus won,Monaco,Juventus,0,0,0,1,#VALUE!,#VALUE!,#VALUE!,#VALUE!
Semi-finals,,Tue,05-05-2015,20:45,Juventusit,2–1,esReal Madrid,41011,Allianz Stadium,Martin Atkinson,Match Report,Leg 1 of 2,Juventus,Real Madrid,2,1,1,0,#VALUE!,#VALUE!,#VALUE!,#VALUE!
Round,Wk,Day,Date,Time,Home,Score,Away,Attendance,Venue,Referee,Match Report,Notes,Ho,Away,Score,,0,0,#VALUE!,#VALUE!,#VALUE!,#VALUE!
Semi-finals,,Wed,06-05-2015,20:45,Barcelonaes,3–0,deBayern Munich,95639,Camp Nou,Nicola Rizzoli,Match Report,Leg 1 of 2,Barcelona,Bayern Munich,3,0,1,0,#VALUE!,#VALUE!,#VALUE!,#VALUE!
Semi-finals,,Tue,12-05-2015,20:45,Bayern Munichde,3–2,esBarcelona,70000,Allianz Arena,Mark Clattenburg,Match Report,Leg 2 of 2; Barcelona won,Bayern Munich,Barcelona,3,2,0,1,#VALUE!,#VALUE!,#VALUE!,#VALUE!
Semi-finals,,Wed,13-05-2015,20:45,Real Madrides,1–1,itJuventus,78153,Estadio Santiago Bernabéu,Jonas Eriksson,Match Report,Leg 2 of 2; Juventus won,Real Madrid,Juventus,1,1,0,1,#VALUE!,#VALUE!,#VALUE!,#VALUE!
Final,,Sat,06-06-2015,20:45,Juventusit,1–3,esBarcelona,70442,Olympiastadion Berlin,Cüneyt Çakιr,Match Report,,Juventus,Barcelona,1,3,0,0,#VALUE!,#VALUE!,#VALUE!,#VALUE!