Round,Wk,Day,Date,Time,Home,Score,Away,Attendance,Venue,Referee,Match Report,Notes,Home_Clean,Away_Clean,Home_Score,Away_Score,Leg 1,Leg 2,Home_Score_2,Away_Score_2,Home_Pens,Away_Pens
Group stage,1,Tue,15-09-2015,19:45,Manchester Cityeng,1–2,itJuventus,50363,Etihad Stadium,Damir Skomina,Match Report,,Manchester City,Juventus,1,2,0,0,,,,
Group stage,1,Tue,15-09-2015,19:45,Benficapt,2–0,kzFC Astana,32799,Estádio do Sport Lisboa e Benfica,Tasos Sidiropoulos,Match Report,,Benfica,FC Astana,2,0,0,0,,,,
Group stage,1,Tue,15-09-2015,20:45,Sevillaes,3–0,deM'Gladbach,36959,Estadio Ramón Sánchez Pizjuán,Pavel Královec,Match Report,,Sevilla,M'Gladbach,3,0,0,0,,,,
Group stage,1,Tue,15-09-2015,20:45,Wolfsburgde,1–0,ruCSKA Moscow,20126,Volkswagen Arena,Svein Oddvar Moen,Match Report,,Wolfsburg,CSKA Moscow,1,0,0,0,,,,
Group stage,1,Tue,15-09-2015,20:45,PSV Eindhovennl,2–1,engManchester Utd,35292,Philips Stadion,Nicola Rizzoli,Match Report,,PSV Eindhoven,Manchester Utd,2,1,0,0,,,,
Group stage,1,Tue,15-09-2015,20:45,Paris S-Gfr,2–0,seMalmö,46612,Parc des Princes,Sergey Karasev,Match Report,,Paris S-G,Malmö,2,0,0,0,,,,
Group stage,1,Tue,15-09-2015,20:45,Real Madrides,4–0,uaShakhtar,66389,Estadio Santiago Bernabéu,Ivan Bebek,Match Report,,Real Madrid,Shakhtar,4,0,0,0,,,,
Group stage,1,Tue,15-09-2015,21:45,Galatasaraytr,0–2,esAtlético Madrid,33469,Türk Telekom Arena,Szymon Marciniak,Match Report,,Galatasaray,Atlético Madrid,0,2,0,0,,,,
Group stage,1,Wed,16-09-2015,19:45,Chelseaeng,4–0,ilMaccabi Tel Aviv,40684,Stamford Bridge,Felix Zwayer,Match Report,,Chelsea,Maccabi Tel Aviv,4,0,0,0,,,,
Group stage,1,Wed,16-09-2015,20:45,Gentbe,1–1,frLyon,19601,GHELAMCO-arena,William Collum,Match Report,,Gent,Lyon,1,1,0,0,,,,
Group stage,1,Wed,16-09-2015,20:45,Leverkusende,4–1,byBATE Borisov,24280,BayArena,Danny Makkelie,Match Report,,Leverkusen,BATE Borisov,4,1,0,0,,,,
Group stage,1,Wed,16-09-2015,20:45,Romait,1–1,esBarcelona,57836,Stadio Olimpico,Björn Kuipers,Match Report,,Roma,Barcelona,1,1,0,0,,,,
Group stage,1,Wed,16-09-2015,20:45,Dinamo Zagrebhr,2–1,engArsenal,17840,Stadion Maksimir,Ovidiu Hațegan,Match Report,,Dinamo Zagreb,Arsenal,2,1,0,0,,,,
Group stage,1,Wed,16-09-2015,20:45,Valenciaes,2–3,ruZenit,28005,Estadio de Mestalla,Craig Thomson,Match Report,,Valencia,Zenit,2,3,0,0,,,,
Group stage,1,Wed,16-09-2015,21:45,Dynamo Kyivua,2–2,ptPorto,52369,NSK Olimpijs'kyj,Felix Brych,Match Report,,Dynamo Kyiv,Porto,2,2,0,0,,,,
Group stage,1,Wed,16-09-2015,21:45,Olympiacosgr,0–3,deBayern Munich,31688,Stadio Georgios Karaiskáki,Carlos Velasco,Match Report,,Olympiacos,Bayern Munich,0,3,0,0,,,,
,,,,,,,,,,,,,#VALUE!,,,,,,,,,
Group stage,2,Tue,29-09-2015,19:45,Portopt,2–1,engChelsea,46120,Estádio Do Dragão,Antonio Matéu Lahoz,Match Report,,Porto,Chelsea,2,1,0,0,,,,
Group stage,2,Tue,29-09-2015,19:45,Arsenaleng,2–3,grOlympiacos,59428,Emirates Stadium,Bas Nijhuis,Match Report,,Arsenal,Olympiacos,2,3,0,0,,,,
Group stage,2,Tue,29-09-2015,20:45,Barcelonaes,2–1,deLeverkusen,68694,Camp Nou,Martin Atkinson,Match Report,,Barcelona,Leverkusen,2,1,0,0,,,,
Group stage,2,Tue,29-09-2015,20:45,Bayern Munichde,5–0,hrDinamo Zagreb,70000,Allianz Arena,Aliaksei Kulbakou,Match Report,,Bayern Munich,Dinamo Zagreb,5,0,0,0,,,,
Group stage,2,Tue,29-09-2015,20:45,Lyonfr,0–1,esValencia,33534,Matmut Stadium de Gerland,Milorad Mažić,Match Report,,Lyon,Valencia,0,1,0,0,,,,
Group stage,2,Tue,29-09-2015,21:45,Maccabi Tel Avivil,0–2,uaDynamo Kyiv,27100,Sammy Ofer Stadium,David Fernández,Match Report,,Maccabi Tel Aviv,Dynamo Kyiv,0,2,0,0,,,,
Group stage,2,Tue,29-09-2015,21:45,Zenitru,2–1,beGent,18095,Stadion Petrovskij,Matej Jug,Match Report,,Zenit,Gent,2,1,0,0,,,,
Group stage,2,Tue,29-09-2015,21:45,BATE Borisovby,3–2,itRoma,12767,Borisov Arena,Mark Clattenburg,Match Report,,BATE Borisov,Roma,3,2,0,0,,,,
Group stage,2,Wed,30-09-2015,19:45,Manchester Utdeng,2–1,deWolfsburg,74811,Old Trafford,Viktor Kassai,Match Report,,Manchester Utd,Wolfsburg,2,1,0,0,,,,
Group stage,2,Wed,30-09-2015,20:45,M'Gladbachde,1–2,engManchester City,46217,Stadion im Borussia-Park,Clément Turpin,Match Report,,M'Gladbach,Manchester City,1,2,0,0,,,,
Group stage,2,Wed,30-09-2015,20:45,Atlético Madrides,1–2,ptBenfica,40938,Estadio Vicente Calderón,Gianluca Rocchi,Match Report,,Atlético Madrid,Benfica,1,2,0,0,,,,
Group stage,2,Wed,30-09-2015,20:45,Malmöse,0–2,esReal Madrid,20500,Swedbank Stadion,Cüneyt Çakιr,Match Report,,Malmö,Real Madrid,0,2,0,0,,,,
Group stage,2,Wed,30-09-2015,20:45,Juventusit,2–0,esSevilla,36499,Allianz Stadium,Jonas Eriksson,Match Report,,Juventus,Sevilla,2,0,0,0,,,,
Group stage,2,Wed,30-09-2015,21:45,CSKA Moscowru,3–2,nlPSV Eindhoven,16152,Arena Khimki,Ruddy Buquet,Match Report,,CSKA Moscow,PSV Eindhoven,3,2,0,0,,,,
Group stage,2,Wed,30-09-2015,21:45,Shakhtarua,0–3,frParis S-G,32730,L'viv Arena,Deniz Aytekin,Match Report,,Shakhtar,Paris S-G,0,3,0,0,,,,
Group stage,2,Wed,30-09-2015,22:00,FC Astanakz,2–2,trGalatasaray,27264,Astana Arena,Martin Strömbergsson,Match Report,,FC Astana,Galatasaray,2,2,0,0,,,,
,,,,,,,,,,,,,#VALUE!,,,,,,,,,
Group stage,3,Tue,20-10-2015,19:45,Arsenaleng,2–0,deBayern Munich,49824,Emirates Stadium,Cüneyt Çakιr,Match Report,,Arsenal,Bayern Munich,2,0,0,0,,,,
Group stage,3,Tue,20-10-2015,19:45,Portopt,2–0,ilMaccabi Tel Aviv,35209,Estádio Do Dragão,Clément Turpin,Match Report,,Porto,Maccabi Tel Aviv,2,0,0,0,,,,
Group stage,3,Tue,20-10-2015,20:45,Leverkusende,4–4,itRoma,29412,BayArena,Viktor Kassai,Match Report,,Leverkusen,Roma,4,4,0,0,,,,
Group stage,3,Tue,20-10-2015,20:45,Dinamo Zagrebhr,0–1,grOlympiacos,13678,Stadion Maksimir,Paolo Tagliavento,Match Report,,Dinamo Zagreb,Olympiacos,0,1,0,0,,,,
Group stage,3,Tue,20-10-2015,20:45,Valenciaes,2–1,beGent,38207,Estadio de Mestalla,Felix Zwayer,Match Report,,Valencia,Gent,2,1,0,0,,,,
Group stage,3,Tue,20-10-2015,21:45,BATE Borisovby,0–2,esBarcelona,13074,Borisov Arena,Jorge de Sousa,Match Report,,BATE Borisov,Barcelona,0,2,0,0,,,,
Group stage,3,Tue,20-10-2015,21:45,Dynamo Kyivua,0–0,engChelsea,60291,NSK Olimpijs'kyj,Damir Skomina,Match Report,,Dynamo Kyiv,Chelsea,0,0,0,0,,,,
Group stage,3,Tue,20-10-2015,21:45,Zenitru,3–1,frLyon,17517,Stadion Petrovskij,Martin Atkinson,Match Report,,Zenit,Lyon,3,1,0,0,,,,
Group stage,3,Wed,21-10-2015,19:45,Manchester Cityeng,2–1,esSevilla,45595,Etihad Stadium,Bas Nijhuis,Match Report,,Manchester City,Sevilla,2,1,0,0,,,,
Group stage,3,Wed,21-10-2015,20:45,Atlético Madrides,4–0,kzFC Astana,33853,Estadio Vicente Calderón,Aliaksei Kulbakou,Match Report,,Atlético Madrid,FC Astana,4,0,0,0,,,,
Group stage,3,Wed,21-10-2015,20:45,Paris S-Gfr,0–0,esReal Madrid,46858,Parc des Princes,Nicola Rizzoli,Match Report,,Paris S-G,Real Madrid,0,0,0,0,,,,
Group stage,3,Wed,21-10-2015,20:45,Juventusit,0–0,deM'Gladbach,40940,Allianz Stadium,Craig Thomson,Match Report,,Juventus,M'Gladbach,0,0,0,0,,,,
Group stage,3,Wed,21-10-2015,20:45,Malmöse,1–0,uaShakhtar,20500,Swedbank Stadion,Tasos Sidiropoulos,Match Report,,Malmö,Shakhtar,1,0,0,0,,,,
Group stage,3,Wed,21-10-2015,20:45,Wolfsburgde,2–0,nlPSV Eindhoven,23375,Volkswagen Arena,Alberto Undiano,Match Report,,Wolfsburg,PSV Eindhoven,2,0,0,0,,,,
Group stage,3,Wed,21-10-2015,21:45,Galatasaraytr,2–1,ptBenfica,33615,Türk Telekom Arena,William Collum,Match Report,,Galatasaray,Benfica,2,1,0,0,,,,
Group stage,3,Wed,21-10-2015,21:45,CSKA Moscowru,1–1,engManchester Utd,18456,Arena Khimki,Carlos Velasco,Match Report,,CSKA Moscow,Manchester Utd,1,1,0,0,,,,
,,,,,,,,,,,,,#VALUE!,,,,,,,,,
Group stage,4,Tue,03-11-2015,19:45,Benficapt,2–1,trGalatasaray,35726,Estádio do Sport Lisboa e Benfica,Milorad Mažić,Match Report,,Benfica,Galatasaray,2,1,0,0,,,,
Group stage,4,Tue,03-11-2015,19:45,Manchester Utdeng,1–0,ruCSKA Moscow,75165,Old Trafford,Szymon Marciniak,Match Report,,Manchester Utd,CSKA Moscow,1,0,0,0,,,,
Group stage,4,Tue,03-11-2015,20:45,Sevillaes,1–3,engManchester City,39261,Estadio Ramón Sánchez Pizjuán,Svein Oddvar Moen,Match Report,,Sevilla,Manchester City,1,3,0,0,,,,
Group stage,4,Tue,03-11-2015,20:45,Real Madrides,1–0,frParis S-G,78300,Estadio Santiago Bernabéu,Mark Clattenburg,Match Report,,Real Madrid,Paris S-G,1,0,0,0,,,,
Group stage,4,Tue,03-11-2015,20:45,M'Gladbachde,1–1,itJuventus,46217,Stadion im Borussia-Park,Björn Kuipers,Match Report,,M'Gladbach,Juventus,1,1,0,0,,,,
Group stage,4,Tue,03-11-2015,20:45,PSV Eindhovennl,2–0,deWolfsburg,35000,Philips Stadion,Jonas Eriksson,Match Report,,PSV Eindhoven,Wolfsburg,2,0,0,0,,,,
Group stage,4,Tue,03-11-2015,21:00,FC Astanakz,0–0,esAtlético Madrid,29231,Astana Arena,Anthony Taylor,Match Report,,FC Astana,Atlético Madrid,0,0,0,0,,,,
Group stage,4,Tue,03-11-2015,21:45,Shakhtarua,4–0,seMalmö,23712,L'viv Arena,Ovidiu Hațegan,Match Report,,Shakhtar,Malmö,4,0,0,0,,,,
Group stage,4,Wed,04-11-2015,19:45,Chelseaeng,2–1,uaDynamo Kyiv,41241,Stamford Bridge,Pavel Královec,Match Report,,Chelsea,Dynamo Kyiv,2,1,0,0,,,,
Group stage,4,Wed,04-11-2015,20:45,Barcelonaes,3–0,byBATE Borisov,68502,Camp Nou,István Vad II,Match Report,,Barcelona,BATE Borisov,3,0,0,0,,,,
Group stage,4,Wed,04-11-2015,20:45,Romait,3–2,deLeverkusen,38361,Stadio Olimpico,Sergey Karasev,Match Report,,Roma,Leverkusen,3,2,0,0,,,,
Group stage,4,Wed,04-11-2015,20:45,Lyonfr,0–2,ruZenit,30173,Matmut Stadium de Gerland,Felix Brych,Match Report,,Lyon,Zenit,0,2,0,0,,,,
Group stage,4,Wed,04-11-2015,20:45,Gentbe,1–0,esValencia,19452,GHELAMCO-arena,Daniele Orsato,Match Report,,Gent,Valencia,1,0,0,0,,,,
Group stage,4,Wed,04-11-2015,20:45,Bayern Munichde,5–1,engArsenal,70000,Allianz Arena,Gianluca Rocchi,Match Report,,Bayern Munich,Arsenal,5,1,0,0,,,,
Group stage,4,Wed,04-11-2015,21:45,Maccabi Tel Avivil,1–3,ptPorto,26646,Sammy Ofer Stadium,Tasos Sidiropoulos,Match Report,,Maccabi Tel Aviv,Porto,1,3,0,0,,,,
Group stage,4,Wed,04-11-2015,21:45,Olympiacosgr,2–1,hrDinamo Zagreb,31473,Stadio Georgios Karaiskáki,Antonio Matéu Lahoz,Match Report,,Olympiacos,Dinamo Zagreb,2,1,0,0,,,,
,,,,,,,,,,,,,#VALUE!,,,,,,,,,
Group stage,5,Tue,24-11-2015,19:45,Arsenaleng,3–0,hrDinamo Zagreb,58978,Emirates Stadium,Viktor Kassai,Match Report,,Arsenal,Dinamo Zagreb,3,0,0,0,,,,
Group stage,5,Tue,24-11-2015,19:45,Portopt,0–2,uaDynamo Kyiv,31220,Estádio Do Dragão,Carlos Velasco,Match Report,,Porto,Dynamo Kyiv,0,2,0,0,,,,
Group stage,5,Tue,24-11-2015,20:00,BATE Borisovby,1–1,deLeverkusen,12601,Borisov Arena,Clément Turpin,Match Report,,BATE Borisov,Leverkusen,1,1,0,0,,,,
Group stage,5,Tue,24-11-2015,20:00,Zenitru,2–0,esValencia,17002,Stadion Petrovskij,Svein Oddvar Moen,Match Report,,Zenit,Valencia,2,0,0,0,,,,
Group stage,5,Tue,24-11-2015,20:45,Barcelonaes,6–1,itRoma,71433,Camp Nou,Cüneyt Çakιr,Match Report,,Barcelona,Roma,6,1,0,0,,,,
Group stage,5,Tue,24-11-2015,20:45,Lyonfr,1–2,beGent,30206,Matmut Stadium de Gerland,Sergey Karasev,Match Report,,Lyon,Gent,1,2,0,0,,,,
Group stage,5,Tue,24-11-2015,20:45,Bayern Munichde,4–0,grOlympiacos,70000,Allianz Arena,Jonas Eriksson,Match Report,,Bayern Munich,Olympiacos,4,0,0,0,,,,
Group stage,5,Tue,24-11-2015,21:45,Maccabi Tel Avivil,0–4,engChelsea,29121,Sammy Ofer Stadium,Alberto Undiano,Match Report,,Maccabi Tel Aviv,Chelsea,0,4,0,0,,,,
Group stage,5,Wed,25-11-2015,19:45,Manchester Utdeng,0–0,nlPSV Eindhoven,75321,Old Trafford,Pavel Královec,Match Report,,Manchester Utd,PSV Eindhoven,0,0,0,0,,,,
Group stage,5,Wed,25-11-2015,20:00,CSKA Moscowru,0–2,deWolfsburg,16450,Arena Khimki,Gianluca Rocchi,Match Report,,CSKA Moscow,Wolfsburg,0,2,0,0,,,,
Group stage,5,Wed,25-11-2015,20:45,Juventusit,1–0,engManchester City,38193,Allianz Stadium,Felix Brych,Match Report,,Juventus,Manchester City,1,0,0,0,,,,
Group stage,5,Wed,25-11-2015,20:45,M'Gladbachde,4–2,esSevilla,45177,Stadion im Borussia-Park,Damir Skomina,Match Report,,M'Gladbach,Sevilla,4,2,0,0,,,,
Group stage,5,Wed,25-11-2015,20:45,Malmöse,0–5,frParis S-G,20500,Swedbank Stadion,William Collum,Match Report,,Malmö,Paris S-G,0,5,0,0,,,,
Group stage,5,Wed,25-11-2015,20:45,Atlético Madrides,2–0,trGalatasaray,35753,Estadio Vicente Calderón,Nicola Rizzoli,Match Report,,Atlético Madrid,Galatasaray,2,0,0,0,,,,
Group stage,5,Wed,25-11-2015,21:00,FC Astanakz,2–2,ptBenfica,15089,Astana Arena,Ruddy Buquet,Match Report,,FC Astana,Benfica,2,2,0,0,,,,
Group stage,5,Wed,25-11-2015,21:45,Shakhtarua,3–4,esReal Madrid,33990,L'viv Arena,Bas Nijhuis,Match Report,,Shakhtar,Real Madrid,3,4,0,0,,,,
,,,,,,,,,,,,,#VALUE!,,,,,,,,,
Group stage,6,Tue,08-12-2015,19:45,Manchester Cityeng,4–2,deM'Gladbach,41829,Etihad Stadium,Danny Makkelie,Match Report,,Manchester City,M'Gladbach,4,2,0,0,,,,
Group stage,6,Tue,08-12-2015,19:45,Benficapt,1–2,esAtlético Madrid,47630,Estádio do Sport Lisboa e Benfica,Ovidiu Hațegan,Match Report,,Benfica,Atlético Madrid,1,2,0,0,,,,
Group stage,6,Tue,08-12-2015,20:45,Real Madrides,8–0,seMalmö,60663,Estadio Santiago Bernabéu,Daniele Orsato,Match Report,,Real Madrid,Malmö,8,0,0,0,,,,
Group stage,6,Tue,08-12-2015,20:45,PSV Eindhovennl,2–1,ruCSKA Moscow,34000,Philips Stadion,David Fernández,Match Report,,PSV Eindhoven,CSKA Moscow,2,1,0,0,,,,
Group stage,6,Tue,08-12-2015,20:45,Wolfsburgde,3–2,engManchester Utd,26400,Volkswagen Arena,Milorad Mažić,Match Report,,Wolfsburg,Manchester Utd,3,2,0,0,,,,
Group stage,6,Tue,08-12-2015,20:45,Paris S-Gfr,2–0,uaShakhtar,44408,Parc des Princes,Anthony Taylor,Match Report,,Paris S-G,Shakhtar,2,0,0,0,,,,
Group stage,6,Tue,08-12-2015,20:45,Sevillaes,1–0,itJuventus,35583,Estadio Ramón Sánchez Pizjuán,Szymon Marciniak,Match Report,,Sevilla,Juventus,1,0,0,0,,,,
Group stage,6,Tue,08-12-2015,21:45,Galatasaraytr,1–1,kzFC Astana,26464,Türk Telekom Arena,Craig Thomson,Match Report,,Galatasaray,FC Astana,1,1,0,0,,,,
Group stage,6,Wed,09-12-2015,19:45,Chelseaeng,2–0,ptPorto,41096,Stamford Bridge,Cüneyt Çakιr,Match Report,,Chelsea,Porto,2,0,0,0,,,,
Group stage,6,Wed,09-12-2015,20:45,Dinamo Zagrebhr,0–2,deBayern Munich,19681,Stadion Maksimir,Martin Strömbergsson,Match Report,,Dinamo Zagreb,Bayern Munich,0,2,0,0,,,,
Group stage,6,Wed,09-12-2015,20:45,Romait,0–0,byBATE Borisov,29489,Stadio Olimpico,Martin Atkinson,Match Report,,Roma,BATE Borisov,0,0,0,0,,,,
Group stage,6,Wed,09-12-2015,20:45,Leverkusende,1–1,esBarcelona,29412,BayArena,Mark Clattenburg,Match Report,,Leverkusen,Barcelona,1,1,0,0,,,,
Group stage,6,Wed,09-12-2015,20:45,Valenciaes,0–2,frLyon,32494,Estadio de Mestalla,Matej Jug,Match Report,,Valencia,Lyon,0,2,0,0,,,,
Group stage,6,Wed,09-12-2015,20:45,Gentbe,2–1,ruZenit,19978,GHELAMCO-arena,Jorge de Sousa,Match Report,,Gent,Zenit,2,1,0,0,,,,
Group stage,6,Wed,09-12-2015,21:45,Dynamo Kyivua,1–0,ilMaccabi Tel Aviv,475,NSK Olimpijs'kyj,Björn Kuipers,Match Report,,Dynamo Kyiv,Maccabi Tel Aviv,1,0,0,0,,,,
Group stage,6,Wed,09-12-2015,21:45,Olympiacosgr,0–3,engArsenal,31388,Stadio Georgios Karaiskáki,Nicola Rizzoli,Match Report,,Olympiacos,Arsenal,0,3,0,0,,,,
,,,,,,,,,,,,,#VALUE!,,,,,,,,,
Round of 16,,Tue,16-02-2016,19:45,Benficapt,1–0,ruZenit,48615,Estádio do Sport Lisboa e Benfica,Gianluca Rocchi,Match Report,Leg 1 of 2,Benfica,Zenit,1,0,1,0,#VALUE!,#VALUE!,#VALUE!,#VALUE!
Round of 16,,Tue,16-02-2016,20:45,Paris S-Gfr,2–1,engChelsea,46505,Parc des Princes,Carlos Velasco,Match Report,Leg 1 of 2,Paris S-G,Chelsea,2,1,1,0,#VALUE!,#VALUE!,#VALUE!,#VALUE!
Round of 16,,Wed,17-02-2016,20:45,Romait,0–2,esReal Madrid,55612,Stadio Olimpico,Pavel Královec,Match Report,Leg 1 of 2,Roma,Real Madrid,0,2,1,0,#VALUE!,#VALUE!,#VALUE!,#VALUE!
Round of 16,,Wed,17-02-2016,20:45,Gentbe,2–3,deWolfsburg,19978,GHELAMCO-arena,Svein Oddvar Moen,Match Report,Leg 1 of 2,Gent,Wolfsburg,2,3,1,0,#VALUE!,#VALUE!,#VALUE!,#VALUE!
Round of 16,,Tue,23-02-2016,19:45,Arsenaleng,0–2,esBarcelona,59889,Emirates Stadium,Cüneyt Çakιr,Match Report,Leg 1 of 2,Arsenal,Barcelona,0,2,1,0,#VALUE!,#VALUE!,#VALUE!,#VALUE!
Round of 16,,Tue,23-02-2016,20:45,Juventusit,2–2,deBayern Munich,41332,Allianz Stadium,Martin Atkinson,Match Report,Leg 1 of 2,Juventus,Bayern Munich,2,2,1,0,#VALUE!,#VALUE!,#VALUE!,#VALUE!
Round of 16,,Wed,24-02-2016,20:45,PSV Eindhovennl,0–0,esAtlético Madrid,34948,Philips Stadion,Daniele Orsato,Match Report,Leg 1 of 2,PSV Eindhoven,Atlético Madrid,0,0,1,0,#VALUE!,#VALUE!,#VALUE!,#VALUE!
Round of 16,,Wed,24-02-2016,21:45,Dynamo Kyivua,1–3,engManchester City,53691,NSK Olimpijs'kyj,Antonio Matéu Lahoz,Match Report,Leg 1 of 2,Dynamo Kyiv,Manchester City,1,3,1,0,#VALUE!,#VALUE!,#VALUE!,#VALUE!
Round of 16,,Tue,08-03-2016,20:45,Real Madrides,2–0,itRoma,76654,Estadio Santiago Bernabéu,Szymon Marciniak,Match Report,Leg 2 of 2; Real Madrid won,Real Madrid,Roma,2,0,0,1,#VALUE!,#VALUE!,#VALUE!,#VALUE!
Round of 16,,Tue,08-03-2016,20:45,Wolfsburgde,1–0,beGent,23475,Volkswagen Arena,Damir Skomina,Match Report,Leg 2 of 2; Wolfsburg won,Wolfsburg,Gent,1,0,0,1,#VALUE!,#VALUE!,#VALUE!,#VALUE!
Round of 16,,Wed,09-03-2016,19:45,Chelseaeng,1–2,frParis S-G,37591,Stamford Bridge,Felix Brych,Match Report,Leg 2 of 2; Paris S-G won,Chelsea,Paris S-G,1,2,0,1,#VALUE!,#VALUE!,#VALUE!,#VALUE!
Round of 16,,Wed,09-03-2016,20:00,Zenitru,1–2,ptBenfica,17688,Stadion Petrovskij,Viktor Kassai,Match Report,Leg 2 of 2; Benfica won,Zenit,Benfica,1,2,0,1,#VALUE!,#VALUE!,#VALUE!,#VALUE!
Round of 16,,Tue,15-03-2016,19:45,Manchester Cityeng,0–0,uaDynamo Kyiv,43630,Etihad Stadium,Ovidiu Hațegan,Match Report,Leg 2 of 2; Manchester City won,Manchester City,Dynamo Kyiv,0,0,0,1,#VALUE!,#VALUE!,#VALUE!,#VALUE!
Round of 16,,Tue,15-03-2016,20:45,Atlético Madrides,(8)0–0(7),nlPSV Eindhoven,50135,Estadio Vicente Calderón,Mark Clattenburg,Match Report,"Leg 2 of 2; Atlético Madrid won; Atlético Madrid won on penalty kicks 
following extra time",Atlético Madrid,PSV Eindhoven,(8)0,0(7),0,1,0,0,8,7
Round of 16,,Wed,16-03-2016,20:45,Barcelonaes,3–1,engArsenal,76092,Camp Nou,Sergey Karasev,Match Report,Leg 2 of 2; Barcelona won,Barcelona,Arsenal,3,1,0,1,#VALUE!,#VALUE!,#VALUE!,#VALUE!
Round of 16,,Wed,16-03-2016,20:45,Bayern Munichde,4–2,itJuventus,70000,Allianz Arena,Jonas Eriksson,Match Report,Leg 2 of 2; Bayern Munich won; Required Extra Time,Bayern Munich,Juventus,4,2,0,1,#VALUE!,#VALUE!,#VALUE!,#VALUE!
Quarter-finals,,Tue,05-04-2016,20:45,Barcelonaes,2–1,esAtlético Madrid,88534,Camp Nou,Felix Brych,Match Report,Leg 1 of 2,Barcelona,Atlético Madrid,2,1,1,0,#VALUE!,#VALUE!,#VALUE!,#VALUE!
Quarter-finals,,Tue,05-04-2016,20:45,Bayern Munichde,1–0,ptBenfica,70000,Allianz Arena,Szymon Marciniak,Match Report,Leg 1 of 2,Bayern Munich,Benfica,1,0,1,0,#VALUE!,#VALUE!,#VALUE!,#VALUE!
Quarter-finals,,Wed,06-04-2016,20:45,Wolfsburgde,2–0,esReal Madrid,26400,Volkswagen Arena,Gianluca Rocchi,Match Report,Leg 1 of 2,Wolfsburg,Real Madrid,2,0,1,0,#VALUE!,#VALUE!,#VALUE!,#VALUE!
Quarter-finals,,Wed,06-04-2016,20:45,Paris S-Gfr,2–2,engManchester City,47228,Parc des Princes,Milorad Mažić,Match Report,Leg 1 of 2,Paris S-G,Manchester City,2,2,1,0,#VALUE!,#VALUE!,#VALUE!,#VALUE!
Quarter-finals,,Tue,12-04-2016,19:45,Manchester Cityeng,1–0,frParis S-G,53039,Etihad Stadium,Carlos Velasco,Match Report,Leg 2 of 2; Manchester City won,Manchester City,Paris S-G,1,0,0,1,#VALUE!,#VALUE!,#VALUE!,#VALUE!
Quarter-finals,,Tue,12-04-2016,20:45,Real Madrides,3–0,deWolfsburg,76684,Estadio Santiago Bernabéu,Viktor Kassai,Match Report,Leg 2 of 2; Real Madrid won,Real Madrid,Wolfsburg,3,0,0,1,#VALUE!,#VALUE!,#VALUE!,#VALUE!
Quarter-finals,,Wed,13-04-2016,19:45,Benficapt,2–2,deBayern Munich,63235,Estádio do Sport Lisboa e Benfica,Björn Kuipers,Match Report,Leg 2 of 2; Bayern Munich won,Benfica,Bayern Munich,2,2,0,1,#VALUE!,#VALUE!,#VALUE!,#VALUE!
Quarter-finals,,Wed,13-04-2016,20:45,Atlético Madrides,2–0,esBarcelona,52851,Estadio Vicente Calderón,Nicola Rizzoli,Match Report,Leg 2 of 2; Atlético Madrid won,Atlético Madrid,Barcelona,2,0,0,1,#VALUE!,#VALUE!,#VALUE!,#VALUE!
Semi-finals,,Tue,26-04-2016,19:45,Manchester Cityeng,0–0,esReal Madrid,52221,Etihad Stadium,Cüneyt Çakιr,Match Report,Leg 1 of 2,Manchester City,Real Madrid,0,0,1,0,#VALUE!,#VALUE!,#VALUE!,#VALUE!
Round,Wk,Day,Date,Time,Home,Score,Away,Attendance,Venue,Referee,Match Report,Notes,Ho,Away,Score,,0,0,#VALUE!,#VALUE!,#VALUE!,#VALUE!
Semi-finals,,Wed,27-04-2016,20:45,Atlético Madrides,1–0,deBayern Munich,52127,Estadio Vicente Calderón,Mark Clattenburg,Match Report,Leg 1 of 2,Atlético Madrid,Bayern Munich,1,0,1,0,#VALUE!,#VALUE!,#VALUE!,#VALUE!
Semi-finals,,Tue,03-05-2016,20:45,Bayern Munichde,2–1,esAtlético Madrid,70000,Allianz Arena,Cüneyt Çakιr,Match Report,Leg 2 of 2; Atlético Madrid won,Bayern Munich,Atlético Madrid,2,1,0,1,#VALUE!,#VALUE!,#VALUE!,#VALUE!
Semi-finals,,Wed,04-05-2016,20:45,Real Madrides,1–0,engManchester City,78300,Estadio Santiago Bernabéu,Damir Skomina,Match Report,Leg 2 of 2; Real Madrid won,Real Madrid,Manchester City,1,0,0,1,#VALUE!,#VALUE!,#VALUE!,#VALUE!
Final,,Sat,28-05-2016,20:45,Real Madrides,(5)1–1(3),esAtlético Madrid,71942,Stadio Giuseppe Meazza,Mark Clattenburg,Match Report,Real Madrid won on penalty kicks following extra time,Real Madrid,Atlético Madrid,(5)1,1(3),0,0,1,1,5,3