Round,Wk,Day,Date,Time,Home,Score,Away,Attendance,Venue,Referee,Match Report,Notes,Home_Clean,Away_Clean,Home_Score,Away_Score,Leg 1,Leg 2,Extra Time Required,Home_Score_2,Away_Score_2,Home_Pens,Away_Pens
Group stage,1,Tue,13-09-2016,19:45,Benficapt,1–1,trBeşiktaş,42126,Estádio do Sport Lisboa e Benfica,Milorad Mažić,Match Report,,Benfica,Beşiktaş,1,1,0,0,0,,,,
Group stage,1,Tue,13-09-2016,20:45,Bayern Munichde,5–0,ruRostov,70000,Allianz Arena,Anthony Taylor,Match Report,,Bayern Munich,Rostov,5,0,0,0,0,,,,
Group stage,1,Tue,13-09-2016,20:45,Paris S-Gfr,1–1,engArsenal,46440,Parc des Princes,Viktor Kassai,Match Report,,Paris S-G,Arsenal,1,1,0,0,0,,,,
Group stage,1,Tue,13-09-2016,20:45,Barcelonaes,7–0,sctCeltic,73290,Camp Nou,Ovidiu Hațegan,Match Report,,Barcelona,Celtic,7,0,0,0,0,,,,
Group stage,1,Tue,13-09-2016,20:45,PSV Eindhovennl,0–1,esAtlético Madrid,33989,Philips Stadion,Martin Atkinson,Match Report,,PSV Eindhoven,Atlético Madrid,0,1,0,0,0,,,,
Group stage,1,Tue,13-09-2016,20:45,Baselch,1–1,bgLudogorets,30852,St. Jakob-Park,Aliaksei Kulbakov,Match Report,,Basel,Ludogorets,1,1,0,0,0,,,,
Group stage,1,Tue,13-09-2016,21:45,Dynamo Kyivua,1–2,itNapoli,35137,NSK Olimpijs'kyj,William Collum,Match Report,,Dynamo Kyiv,Napoli,1,2,0,0,0,,,,
Group stage,1,Wed,14-09-2016,19:45,Portopt,1–1,dkFC Copenhagen,34325,Estádio Do Dragão,Matej Jug,Match Report,,Porto,FC Copenhagen,1,1,0,0,0,,,,
Group stage,1,Wed,14-09-2016,19:45,Tottenhameng,1–2,frMonaco,85011,Wembley Stadium,Gianluca Rocchi,Match Report,,Tottenham,Monaco,1,2,0,0,0,,,,
Group stage,1,Wed,14-09-2016,19:45,Manchester Cityeng,4–0,deM'Gladbach,30270,Etihad Stadium,Björn Kuipers,Match Report,,Manchester City,M'Gladbach,4,0,0,0,0,,,,
Group stage,1,Wed,14-09-2016,20:45,Club Bruggebe,0–3,engLeicester City,20970,Jan Breydelstadion,Tasos Sidiropoulos,Match Report,,Club Brugge,Leicester City,0,3,0,0,0,,,,
Group stage,1,Wed,14-09-2016,20:45,Real Madrides,2–1,ptSporting CP,72179,Estadio Santiago Bernabéu,Paolo Tagliavento,Match Report,,Real Madrid,Sporting CP,2,1,0,0,0,,,,
Group stage,1,Wed,14-09-2016,20:45,Legia Warsawpl,0–6,deDortmund,27304,Stadion Miejski Legii Warszawa im. Marsz...,Sergey Karasev,Match Report,,Legia Warsaw,Dortmund,0,6,0,0,0,,,,
Group stage,1,Wed,14-09-2016,20:45,Leverkusende,2–2,ruCSKA Moscow,23459,BayArena,Daniele Orsato,Match Report,,Leverkusen,CSKA Moscow,2,2,0,0,0,,,,
Group stage,1,Wed,14-09-2016,20:45,Lyonfr,3–0,hrDinamo Zagreb,43754,Groupama Stadium,Martin Strömbergsson,Match Report,,Lyon,Dinamo Zagreb,3,0,0,0,0,,,,
Group stage,1,Wed,14-09-2016,20:45,Juventusit,0–0,esSevilla,33261,Allianz Stadium,Deniz Aytekin,Match Report,,Juventus,Sevilla,0,0,0,0,0,,,,
,,,,,,,,,,,,,#VALUE!,,,,,,,,,,
Group stage,2,Tue,27-09-2016,19:45,Sporting CPpt,2–0,plLegia Warsaw,40094,Estádio José Alvalade,Michael Oliver,Match Report,,Sporting CP,Legia Warsaw,2,0,0,0,0,,,,
Group stage,2,Tue,27-09-2016,19:45,Leicester Cityeng,1–0,ptPorto,31805,King Power Stadium,Cüneyt Çakιr,Match Report,,Leicester City,Porto,1,0,0,0,0,,,,
Group stage,2,Tue,27-09-2016,20:45,Sevillaes,1–0,frLyon,36741,Estadio Ramón Sánchez Pizjuán,Bas Nijhuis,Match Report,,Sevilla,Lyon,1,0,0,0,0,,,,
Group stage,2,Tue,27-09-2016,20:45,Monacofr,1–1,deLeverkusen,8100,Stade Louis II.,David Fernández,Match Report,,Monaco,Leverkusen,1,1,0,0,0,,,,
Group stage,2,Tue,27-09-2016,20:45,FC Copenhagendk,4–0,beClub Brugge,25605,Telia Parken,Craig Thomson,Match Report,,FC Copenhagen,Club Brugge,4,0,0,0,0,,,,
Group stage,2,Tue,27-09-2016,20:45,Dortmundde,2–2,esReal Madrid,65849,Signal Iduna Park,Mark Clattenburg,Match Report,,Dortmund,Real Madrid,2,2,0,0,0,,,,
Group stage,2,Tue,27-09-2016,20:45,Dinamo Zagrebhr,0–4,itJuventus,23875,Stadion Maksimir,Jorge de Sousa,Match Report,,Dinamo Zagreb,Juventus,0,4,0,0,0,,,,
Group stage,2,Tue,27-09-2016,21:45,CSKA Moscowru,0–1,engTottenham,26153,VEB Arena,Antonio Matéu Lahoz,Match Report,,CSKA Moscow,Tottenham,0,1,0,0,0,,,,
Group stage,2,Wed,28-09-2016,19:45,Celticsct,3–3,engManchester City,57592,Celtic Park,Nicola Rizzoli,Match Report,,Celtic,Manchester City,3,3,0,0,0,,,,
Group stage,2,Wed,28-09-2016,19:45,Arsenaleng,2–0,chBasel,59993,Emirates Stadium,Danny Makkelie,Match Report,,Arsenal,Basel,2,0,0,0,0,,,,
Group stage,2,Wed,28-09-2016,20:45,M'Gladbachde,1–2,esBarcelona,46283,Stadion im Borussia-Park,Damir Skomina,Match Report,,M'Gladbach,Barcelona,1,2,0,0,0,,,,
Group stage,2,Wed,28-09-2016,20:45,Napoliit,4–2,ptBenfica,41281,Stadio San Paolo,Felix Brych,Match Report,,Napoli,Benfica,4,2,0,0,0,,,,
Group stage,2,Wed,28-09-2016,20:45,Atlético Madrides,1–0,deBayern Munich,48242,Estadio Vicente Calderón,Szymon Marciniak,Match Report,,Atlético Madrid,Bayern Munich,1,0,0,0,0,,,,
Group stage,2,Wed,28-09-2016,21:45,Beşiktaştr,1–1,uaDynamo Kyiv,33938,Vodafone Arena,Felix Zwayer,Match Report,,Beşiktaş,Dynamo Kyiv,1,1,0,0,0,,,,
Group stage,2,Wed,28-09-2016,21:45,Rostovru,2–2,nlPSV Eindhoven,12646,Stadion Olimp 2,Clément Turpin,Match Report,,Rostov,PSV Eindhoven,2,2,0,0,0,,,,
Group stage,2,Wed,28-09-2016,21:45,Ludogoretsbg,1–3,frParis S-G,17155,Stadion Vasil Levski,Pavel Královec,Match Report,,Ludogorets,Paris S-G,1,3,0,0,0,,,,
,,,,,,,,,,,,,#VALUE!,,,,,,,,,,
Group stage,3,Tue,18-10-2016,19:45,Sporting CPpt,1–2,deDortmund,46609,Estádio José Alvalade,Damir Skomina,Match Report,,Sporting CP,Dortmund,1,2,0,0,0,,,,
Group stage,3,Tue,18-10-2016,19:45,Leicester Cityeng,1–0,dkFC Copenhagen,31037,King Power Stadium,Nicola Rizzoli,Match Report,,Leicester City,FC Copenhagen,1,0,0,0,0,,,,
Group stage,3,Tue,18-10-2016,20:45,Lyonfr,0–1,itJuventus,53907,Groupama Stadium,Szymon Marciniak,Match Report,,Lyon,Juventus,0,1,0,0,0,,,,
Group stage,3,Tue,18-10-2016,20:45,Leverkusende,0–0,engTottenham,28887,BayArena,Cüneyt Çakιr,Match Report,,Leverkusen,Tottenham,0,0,0,0,0,,,,
Group stage,3,Tue,18-10-2016,20:45,Club Bruggebe,1–2,ptPorto,23372,Jan Breydelstadion,Paolo Tagliavento,Match Report,,Club Brugge,Porto,1,2,0,0,0,,,,
Group stage,3,Tue,18-10-2016,20:45,Real Madrides,5–1,plLegia Warsaw,70251,Estadio Santiago Bernabéu,Ruddy Buquet,Match Report,,Real Madrid,Legia Warsaw,5,1,0,0,0,,,,
Group stage,3,Tue,18-10-2016,20:45,Dinamo Zagrebhr,0–1,esSevilla,6021,Stadion Maksimir,Michael Oliver,Match Report,,Dinamo Zagreb,Sevilla,0,1,0,0,0,,,,
Group stage,3,Tue,18-10-2016,21:45,CSKA Moscowru,1–1,frMonaco,24125,VEB Arena,Martin Strömbergsson,Match Report,,CSKA Moscow,Monaco,1,1,0,0,0,,,,
Group stage,3,Wed,19-10-2016,19:45,Celticsct,0–2,deM'Gladbach,57814,Celtic Park,Tasos Sidiropoulos,Match Report,,Celtic,M'Gladbach,0,2,0,0,0,,,,
Group stage,3,Wed,19-10-2016,19:45,Arsenaleng,6–0,bgLudogorets,59944,Emirates Stadium,Artur Soares Dias,Match Report,,Arsenal,Ludogorets,6,0,0,0,0,,,,
Group stage,3,Wed,19-10-2016,20:45,Paris S-Gfr,3–0,chBasel,46488,Parc des Princes,Deniz Aytekin,Match Report,,Paris S-G,Basel,3,0,0,0,0,,,,
Group stage,3,Wed,19-10-2016,20:45,Barcelonaes,4–0,engManchester City,96290,Camp Nou,Milorad Mažić,Match Report,,Barcelona,Manchester City,4,0,0,0,0,,,,
Group stage,3,Wed,19-10-2016,20:45,Bayern Munichde,4–1,nlPSV Eindhoven,70000,Allianz Arena,William Collum,Match Report,,Bayern Munich,PSV Eindhoven,4,1,0,0,0,,,,
Group stage,3,Wed,19-10-2016,20:45,Napoliit,2–3,trBeşiktaş,28502,Stadio San Paolo,Sergey Karasev,Match Report,,Napoli,Beşiktaş,2,3,0,0,0,,,,
Group stage,3,Wed,19-10-2016,21:45,Dynamo Kyivua,0–2,ptBenfica,25991,NSK Olimpijs'kyj,David Fernández,Match Report,,Dynamo Kyiv,Benfica,0,2,0,0,0,,,,
Group stage,3,Wed,19-10-2016,21:45,Rostovru,0–1,esAtlético Madrid,15400,Stadion Olimp 2,Daniele Orsato,Match Report,,Rostov,Atlético Madrid,0,1,0,0,0,,,,
,,,,,,,,,,,,,#VALUE!,,,,,,,,,,
Group stage,4,Tue,01-11-2016,19:45,Manchester Cityeng,3–1,esBarcelona,53340,Etihad Stadium,Viktor Kassai,Match Report,,Manchester City,Barcelona,3,1,0,0,0,,,,
Group stage,4,Tue,01-11-2016,19:45,Benficapt,1–0,uaDynamo Kyiv,51641,Estádio do Sport Lisboa e Benfica,Clément Turpin,Match Report,,Benfica,Dynamo Kyiv,1,0,0,0,0,,,,
Group stage,4,Tue,01-11-2016,20:45,PSV Eindhovennl,1–2,deBayern Munich,35000,Philips Stadion,Gianluca Rocchi,Match Report,,PSV Eindhoven,Bayern Munich,1,2,0,0,0,,,,
Group stage,4,Tue,01-11-2016,20:45,Baselch,1–2,frParis S-G,34639,St. Jakob-Park,Ovidiu Hațegan,Match Report,,Basel,Paris S-G,1,2,0,0,0,,,,
Group stage,4,Tue,01-11-2016,20:45,Atlético Madrides,2–1,ruRostov,40392,Estadio Vicente Calderón,Craig Thomson,Match Report,,Atlético Madrid,Rostov,2,1,0,0,0,,,,
Group stage,4,Tue,01-11-2016,20:45,Beşiktaştr,1–1,itNapoli,35552,Vodafone Arena,Mark Clattenburg,Match Report,,Beşiktaş,Napoli,1,1,0,0,0,,,,
Group stage,4,Tue,01-11-2016,20:45,M'Gladbachde,1–1,sctCeltic,46283,Stadion im Borussia-Park,Jorge de Sousa,Match Report,,M'Gladbach,Celtic,1,1,0,0,0,,,,
Group stage,4,Tue,01-11-2016,21:45,Ludogoretsbg,2–3,engArsenal,30862,Stadion Vasil Levski,Bas Nijhuis,Match Report,,Ludogorets,Arsenal,2,3,0,0,0,,,,
Group stage,4,Wed,02-11-2016,19:45,Portopt,1–0,beClub Brugge,32310,Estádio Do Dragão,Alberto Undiano,Match Report,,Porto,Club Brugge,1,0,0,0,0,,,,
Group stage,4,Wed,02-11-2016,19:45,Tottenhameng,0–1,deLeverkusen,85512,Wembley Stadium,Jonas Eriksson,Match Report,,Tottenham,Leverkusen,0,1,0,0,0,,,,
Group stage,4,Wed,02-11-2016,20:45,Legia Warsawpl,3–3,esReal Madrid,,Stadion Miejski Legii Warszawa im. Marsz...,Pavel Královec,Match Report,,Legia Warsaw,Real Madrid,3,3,0,0,0,,,,
Group stage,4,Wed,02-11-2016,20:45,FC Copenhagendk,0–0,engLeicester City,34146,Telia Parken,Felix Brych,Match Report,,FC Copenhagen,Leicester City,0,0,0,0,0,,,,
Group stage,4,Wed,02-11-2016,20:45,Juventusit,1–1,frLyon,40356,Allianz Stadium,Björn Kuipers,Match Report,,Juventus,Lyon,1,1,0,0,0,,,,
Group stage,4,Wed,02-11-2016,20:45,Monacofr,3–0,ruCSKA Moscow,10029,Stade Louis II.,Matej Jug,Match Report,,Monaco,CSKA Moscow,3,0,0,0,0,,,,
Group stage,4,Wed,02-11-2016,20:45,Sevillaes,4–0,hrDinamo Zagreb,35215,Estadio Ramón Sánchez Pizjuán,Felix Zwayer,Match Report,,Sevilla,Dinamo Zagreb,4,0,0,0,0,,,,
Group stage,4,Wed,02-11-2016,20:45,Dortmundde,1–0,ptSporting CP,65849,Signal Iduna Park,Danny Makkelie,Match Report,,Dortmund,Sporting CP,1,0,0,0,0,,,,
,,,,,,,,,,,,,#VALUE!,,,,,,,,,,
Group stage,5,Tue,22-11-2016,19:45,Sporting CPpt,1–2,esReal Madrid,50046,Estádio José Alvalade,William Collum,Match Report,,Sporting CP,Real Madrid,1,2,0,0,0,,,,
Group stage,5,Tue,22-11-2016,19:45,Leicester Cityeng,2–1,beClub Brugge,31443,King Power Stadium,Ruddy Buquet,Match Report,,Leicester City,Club Brugge,2,1,0,0,0,,,,
Group stage,5,Tue,22-11-2016,20:00,CSKA Moscowru,1–1,deLeverkusen,19164,VEB Arena,Alberto Undiano,Match Report,,CSKA Moscow,Leverkusen,1,1,0,0,0,,,,
Group stage,5,Tue,22-11-2016,20:45,Dortmundde,8–4,plLegia Warsaw,55094,Signal Iduna Park,Martin Strömbergsson,Match Report,,Dortmund,Legia Warsaw,8,4,0,0,0,,,,
Group stage,5,Tue,22-11-2016,20:45,Monacofr,2–1,engTottenham,13100,Stade Louis II.,Björn Kuipers,Match Report,,Monaco,Tottenham,2,1,0,0,0,,,,
Group stage,5,Tue,22-11-2016,20:45,FC Copenhagendk,0–0,ptPorto,32036,Telia Parken,Milorad Mažić,Match Report,,FC Copenhagen,Porto,0,0,0,0,0,,,,
Group stage,5,Tue,22-11-2016,20:45,Sevillaes,1–3,itJuventus,38942,Estadio Ramón Sánchez Pizjuán,Mark Clattenburg,Match Report,,Sevilla,Juventus,1,3,0,0,0,,,,
Group stage,5,Tue,22-11-2016,20:45,Dinamo Zagrebhr,0–1,frLyon,7834,Stadion Maksimir,Pavel Královec,Match Report,,Dinamo Zagreb,Lyon,0,1,0,0,0,,,,
Group stage,5,Wed,23-11-2016,19:45,Arsenaleng,2–2,frParis S-G,59628,Emirates Stadium,Felix Brych,Match Report,,Arsenal,Paris S-G,2,2,0,0,0,,,,
Group stage,5,Wed,23-11-2016,19:45,Celticsct,0–2,esBarcelona,57937,Celtic Park,Daniele Orsato,Match Report,,Celtic,Barcelona,0,2,0,0,0,,,,
Group stage,5,Wed,23-11-2016,20:00,Rostovru,3–2,deBayern Munich,15211,Stadion Olimp 2,Artur Soares Dias,Match Report,,Rostov,Bayern Munich,3,2,0,0,0,,,,
Group stage,5,Wed,23-11-2016,20:45,M'Gladbachde,1–1,engManchester City,45921,Stadion im Borussia-Park,Cüneyt Çakιr,Match Report,,M'Gladbach,Manchester City,1,1,0,0,0,,,,
Group stage,5,Wed,23-11-2016,20:45,Atlético Madrides,2–0,nlPSV Eindhoven,37891,Estadio Vicente Calderón,Aliaksei Kulbakov,Match Report,,Atlético Madrid,PSV Eindhoven,2,0,0,0,0,,,,
Group stage,5,Wed,23-11-2016,20:45,Napoliit,0–0,uaDynamo Kyiv,33736,Stadio San Paolo,Ovidiu Hațegan,Match Report,,Napoli,Dynamo Kyiv,0,0,0,0,0,,,,
Group stage,5,Wed,23-11-2016,20:45,Beşiktaştr,3–3,ptBenfica,36063,Vodafone Arena,Damir Skomina,Match Report,,Beşiktaş,Benfica,3,3,0,0,0,,,,
Group stage,5,Wed,23-11-2016,21:45,Ludogoretsbg,0–0,chBasel,20821,Stadion Vasil Levski,Martin Atkinson,Match Report,,Ludogorets,Basel,0,0,0,0,0,,,,
,,,,,,,,,,,,,#VALUE!,,,,,,,,,,
Group stage,6,Tue,06-12-2016,19:45,Manchester Cityeng,1–1,sctCeltic,51297,Etihad Stadium,Slavko Vinčić,Match Report,,Manchester City,Celtic,1,1,0,0,0,,,,
Group stage,6,Tue,06-12-2016,19:45,Benficapt,1–2,itNapoli,55634,Estádio do Sport Lisboa e Benfica,Antonio Matéu Lahoz,Match Report,,Benfica,Napoli,1,2,0,0,0,,,,
Group stage,6,Tue,06-12-2016,20:45,Baselch,1–4,engArsenal,36000,St. Jakob-Park,Jorge de Sousa,Match Report,,Basel,Arsenal,1,4,0,0,0,,,,
Group stage,6,Tue,06-12-2016,20:45,Paris S-Gfr,2–2,bgLudogorets,42650,Parc des Princes,Tasos Sidiropoulos,Match Report,,Paris S-G,Ludogorets,2,2,0,0,0,,,,
Group stage,6,Tue,06-12-2016,20:45,Barcelonaes,4–0,deM'Gladbach,67157,Camp Nou,Sergey Karasev,Match Report,,Barcelona,M'Gladbach,4,0,0,0,0,,,,
Group stage,6,Tue,06-12-2016,20:45,PSV Eindhovennl,0–0,ruRostov,33400,Philips Stadion,Deniz Aytekin,Match Report,,PSV Eindhoven,Rostov,0,0,0,0,0,,,,
Group stage,6,Tue,06-12-2016,20:45,Bayern Munichde,1–0,esAtlético Madrid,70000,Allianz Arena,Clément Turpin,Match Report,,Bayern Munich,Atlético Madrid,1,0,0,0,0,,,,
Group stage,6,Tue,06-12-2016,21:45,Dynamo Kyivua,6–0,trBeşiktaş,14036,NSK Olimpijs'kyj,Craig Thomson,Match Report,,Dynamo Kyiv,Beşiktaş,6,0,0,0,0,,,,
Group stage,6,Wed,07-12-2016,19:45,Tottenhameng,3–1,ruCSKA Moscow,62034,Wembley Stadium,Nicola Rizzoli,Match Report,,Tottenham,CSKA Moscow,3,1,0,0,0,,,,
Group stage,6,Wed,07-12-2016,19:45,Portopt,5–0,engLeicester City,39310,Estádio Do Dragão,Felix Zwayer,Match Report,,Porto,Leicester City,5,0,0,0,0,,,,
Group stage,6,Wed,07-12-2016,20:45,Legia Warsawpl,1–0,ptSporting CP,28232,Stadion Miejski Legii Warszawa im. Marsz...,Gianluca Rocchi,Match Report,,Legia Warsaw,Sporting CP,1,0,0,0,0,,,,
Group stage,6,Wed,07-12-2016,20:45,Lyonfr,0–0,esSevilla,52423,Groupama Stadium,Jonas Eriksson,Match Report,,Lyon,Sevilla,0,0,0,0,0,,,,
Group stage,6,Wed,07-12-2016,20:45,Real Madrides,2–2,deDortmund,76894,Estadio Santiago Bernabéu,Szymon Marciniak,Match Report,,Real Madrid,Dortmund,2,2,0,0,0,,,,
Group stage,6,Wed,07-12-2016,20:45,Club Bruggebe,0–2,dkFC Copenhagen,18981,Jan Breydelstadion,Michael Oliver,Match Report,,Club Brugge,FC Copenhagen,0,2,0,0,0,,,,
Group stage,6,Wed,07-12-2016,20:45,Leverkusende,3–0,frMonaco,21928,BayArena,Gediminas Mažeika,Match Report,,Leverkusen,Monaco,3,0,0,0,0,,,,
Group stage,6,Wed,07-12-2016,20:45,Juventusit,2–0,hrDinamo Zagreb,39380,Allianz Stadium,Anthony Taylor,Match Report,,Juventus,Dinamo Zagreb,2,0,0,0,0,,,,
,,,,,,,,,,,,,#VALUE!,,,,,,,,,,
Round of 16,,Tue,14-02-2017,19:45,Benficapt,1–0,deDortmund,55124,Estádio do Sport Lisboa e Benfica,Nicola Rizzoli,Match Report,Leg 1 of 2,Benfica,Dortmund,1,0,1,0,0,#VALUE!,#VALUE!,#VALUE!,#VALUE!
Round of 16,,Tue,14-02-2017,20:45,Paris S-Gfr,4–0,esBarcelona,46484,Parc des Princes,Szymon Marciniak,Match Report,Leg 1 of 2,Paris S-G,Barcelona,4,0,1,0,0,#VALUE!,#VALUE!,#VALUE!,#VALUE!
Round of 16,,Wed,15-02-2017,20:45,Bayern Munichde,5–1,engArsenal,70000,Allianz Arena,Milorad Mažić,Match Report,Leg 1 of 2,Bayern Munich,Arsenal,5,1,1,0,0,#VALUE!,#VALUE!,#VALUE!,#VALUE!
Round of 16,,Wed,15-02-2017,20:45,Real Madrides,3–1,itNapoli,78000,Estadio Santiago Bernabéu,Damir Skomina,Match Report,Leg 1 of 2,Real Madrid,Napoli,3,1,1,0,0,#VALUE!,#VALUE!,#VALUE!,#VALUE!
Round of 16,,Tue,21-02-2017,19:45,Manchester Cityeng,5–3,frMonaco,53351,Etihad Stadium,Antonio Matéu Lahoz,Match Report,Leg 1 of 2,Manchester City,Monaco,5,3,1,0,0,#VALUE!,#VALUE!,#VALUE!,#VALUE!
Round of 16,,Tue,21-02-2017,20:45,Leverkusende,2–4,esAtlético Madrid,29300,BayArena,William Collum,Match Report,Leg 1 of 2,Leverkusen,Atlético Madrid,2,4,1,0,0,#VALUE!,#VALUE!,#VALUE!,#VALUE!
Round of 16,,Wed,22-02-2017,19:45,Portopt,0–2,itJuventus,49229,Estádio Do Dragão,Felix Brych,Match Report,Leg 1 of 2,Porto,Juventus,0,2,1,0,0,#VALUE!,#VALUE!,#VALUE!,#VALUE!
Round of 16,,Wed,22-02-2017,20:45,Sevillaes,2–1,engLeicester City,38834,Estadio Ramón Sánchez Pizjuán,Clément Turpin,Match Report,Leg 1 of 2,Sevilla,Leicester City,2,1,1,0,0,#VALUE!,#VALUE!,#VALUE!,#VALUE!
Round of 16,,Tue,07-03-2017,19:45,Arsenaleng,1–5,deBayern Munich,59911,Emirates Stadium,Tasos Sidiropoulos,Match Report,Leg 2 of 2; Bayern Munich won,Arsenal,Bayern Munich,1,5,0,1,0,#VALUE!,#VALUE!,#VALUE!,#VALUE!
Round of 16,,Tue,07-03-2017,20:45,Napoliit,1–3,esReal Madrid,56695,Stadio San Paolo,Cüneyt Çakιr,Match Report,Leg 2 of 2; Real Madrid won,Napoli,Real Madrid,1,3,0,1,0,#VALUE!,#VALUE!,#VALUE!,#VALUE!
Round of 16,,Wed,08-03-2017,20:45,Barcelonaes,6–1,frParis S-G,96290,Camp Nou,Deniz Aytekin,Match Report,Leg 2 of 2; Barcelona won,Barcelona,Paris S-G,6,1,0,1,0,#VALUE!,#VALUE!,#VALUE!,#VALUE!
Round of 16,,Wed,08-03-2017,20:45,Dortmundde,4–0,ptBenfica,65849,Signal Iduna Park,Martin Atkinson,Match Report,Leg 2 of 2; Dortmund won,Dortmund,Benfica,4,0,0,1,0,#VALUE!,#VALUE!,#VALUE!,#VALUE!
Round of 16,,Tue,14-03-2017,19:45,Leicester Cityeng,2–0,esSevilla,31520,King Power Stadium,Daniele Orsato,Match Report,Leg 2 of 2; Leicester City won,Leicester City,Sevilla,2,0,0,1,0,#VALUE!,#VALUE!,#VALUE!,#VALUE!
Round of 16,,Tue,14-03-2017,20:45,Juventusit,1–0,ptPorto,41161,Allianz Stadium,Ovidiu Hațegan,Match Report,Leg 2 of 2; Juventus won,Juventus,Porto,1,0,0,1,0,#VALUE!,#VALUE!,#VALUE!,#VALUE!
Round of 16,,Wed,15-03-2017,20:45,Atlético Madrides,0–0,deLeverkusen,49133,Estadio Vicente Calderón,Sergey Karasev,Match Report,Leg 2 of 2; Atlético Madrid won,Atlético Madrid,Leverkusen,0,0,0,1,0,#VALUE!,#VALUE!,#VALUE!,#VALUE!
Round of 16,,Wed,15-03-2017,20:45,Monacofr,3–1,engManchester City,15700,Stade Louis II.,Gianluca Rocchi,Match Report,Leg 2 of 2; Monaco won,Monaco,Manchester City,3,1,0,1,0,#VALUE!,#VALUE!,#VALUE!,#VALUE!
Quarter-finals,,Tue,11-04-2017,20:45,Juventusit,3–0,esBarcelona,41092,Allianz Stadium,Szymon Marciniak,Match Report,Leg 1 of 2,Juventus,Barcelona,3,0,1,0,0,#VALUE!,#VALUE!,#VALUE!,#VALUE!
Quarter-finals,,Wed,12-04-2017,18:45,Dortmundde,2–3,frMonaco,65849,Signal Iduna Park,Daniele Orsato,Match Report,Leg 1 of 2,Dortmund,Monaco,2,3,1,0,0,#VALUE!,#VALUE!,#VALUE!,#VALUE!
Quarter-finals,,Wed,12-04-2017,20:45,Atlético Madrides,1–0,engLeicester City,51423,Estadio Vicente Calderón,Jonas Eriksson,Match Report,Leg 1 of 2,Atlético Madrid,Leicester City,1,0,1,0,0,#VALUE!,#VALUE!,#VALUE!,#VALUE!
Quarter-finals,,Wed,12-04-2017,20:45,Bayern Munichde,1–2,esReal Madrid,70000,Allianz Arena,Nicola Rizzoli,Match Report,Leg 1 of 2,Bayern Munich,Real Madrid,1,2,1,0,0,#VALUE!,#VALUE!,#VALUE!,#VALUE!
Quarter-finals,,Tue,18-04-2017,19:45,Leicester Cityeng,1–1,esAtlético Madrid,31548,King Power Stadium,Gianluca Rocchi,Match Report,Leg 2 of 2; Atlético Madrid won,Leicester City,Atlético Madrid,1,1,0,1,0,#VALUE!,#VALUE!,#VALUE!,#VALUE!
Quarter-finals,,Tue,18-04-2017,20:45,Real Madrides,4–2,deBayern Munich,78346,Estadio Santiago Bernabéu,Viktor Kassai,Match Report,Leg 2 of 2; Real Madrid won; Required Extra Time,Real Madrid,Bayern Munich,4,2,0,1,1,#VALUE!,#VALUE!,#VALUE!,#VALUE!
Quarter-finals,,Wed,19-04-2017,20:45,Barcelonaes,0–0,itJuventus,96290,Camp Nou,Björn Kuipers,Match Report,Leg 2 of 2; Juventus won,Barcelona,Juventus,0,0,0,1,0,#VALUE!,#VALUE!,#VALUE!,#VALUE!
Quarter-finals,,Wed,19-04-2017,20:45,Monacofr,3–1,deDortmund,17135,Stade Louis II.,Damir Skomina,Match Report,Leg 2 of 2; Monaco won,Monaco,Dortmund,3,1,0,1,0,#VALUE!,#VALUE!,#VALUE!,#VALUE!
Semi-finals,,Tue,02-05-2017,20:45,Real Madrides,3–0,esAtlético Madrid,77609,Estadio Santiago Bernabéu,Martin Atkinson,Match Report,Leg 1 of 2,Real Madrid,Atlético Madrid,3,0,1,0,0,#VALUE!,#VALUE!,#VALUE!,#VALUE!
Round,Wk,Day,Date,Time,Home,Score,Away,Attendance,Venue,Referee,Match Report,Notes,Ho,Away,Score,,0,0,0,#VALUE!,#VALUE!,#VALUE!,#VALUE!
Semi-finals,,Wed,03-05-2017,20:45,Monacofr,0–2,itJuventus,16762,Stade Louis II.,Antonio Matéu Lahoz,Match Report,Leg 1 of 2,Monaco,Juventus,0,2,1,0,0,#VALUE!,#VALUE!,#VALUE!,#VALUE!
Semi-finals,,Tue,09-05-2017,20:45,Juventusit,2–1,frMonaco,40244,Allianz Stadium,Björn Kuipers,Match Report,Leg 2 of 2; Juventus won,Juventus,Monaco,2,1,0,1,0,#VALUE!,#VALUE!,#VALUE!,#VALUE!
Semi-finals,,Wed,10-05-2017,20:45,Atlético Madrides,2–1,esReal Madrid,53422,Estadio Vicente Calderón,Cüneyt Çakιr,Match Report,Leg 2 of 2; Real Madrid won,Atlético Madrid,Real Madrid,2,1,0,1,0,#VALUE!,#VALUE!,#VALUE!,#VALUE!
Final,,Sat,03-06-2017,19:45,Juventusit,1–4,esReal Madrid,65842,National Stadium,Felix Brych,Match Report,,Juventus,Real Madrid,1,4,0,0,0,#VALUE!,#VALUE!,#VALUE!,#VALUE!