Round,Wk,Day,Date,Time,Home,xG,Score,xG,Away,Attendance,Venue,Referee,Match Report,Notes,Home_Clean,Away_Clean,Home_Score,Away_Score,Leg 1,Leg 2,Extra Time Required,Home_Score_2,Away_Score_2,Home_Pens,Away_Pens
Group stage,1,Tue,12-09-2017,19:45,Chelseaeng,2,6–0,0.3,azQarabağ FK,41150,Stamford Bridge,Tasos Sidiropoulos,Match Report,,Chelsea,Qarabağ FK,6,0,0,0,0,,,,
Group stage,1,Tue,12-09-2017,19:45,Celticsct,0.4,0–5,2.5,frParis S-G,57562,Celtic Park,Daniele Orsato,Match Report,,Celtic,Paris S-G,0,5,0,0,0,,,,
Group stage,1,Tue,12-09-2017,19:45,Manchester Utdeng,3.4,3–0,0.6,chBasel,73854,Old Trafford,Ruddy Buquet,Match Report,,Manchester Utd,Basel,3,0,0,0,0,,,,
Group stage,1,Tue,12-09-2017,19:45,Benficapt,2.1,1–2,1.6,ruCSKA Moscow,38323,Estádio do Sport Lisboa e Benfica,Alberto Undiano,Match Report,,Benfica,CSKA Moscow,1,2,0,0,0,,,,
Group stage,1,Tue,12-09-2017,20:45,Romait,0.5,0–0,2.4,esAtlético Madrid,36064,Stadio Olimpico,Milorad Mažić,Match Report,,Roma,Atlético Madrid,0,0,0,0,0,,,,
Group stage,1,Tue,12-09-2017,20:45,Barcelonaes,0.9,3–0,0.7,itJuventus,78656,Camp Nou,Damir Skomina,Match Report,,Barcelona,Juventus,3,0,0,0,0,,,,
Group stage,1,Tue,12-09-2017,20:45,Bayern Munichde,4.2,3–0,0.8,beAnderlecht,70000,Allianz Arena,Paolo Tagliavento,Match Report,,Bayern Munich,Anderlecht,3,0,0,0,0,,,,
Group stage,1,Tue,12-09-2017,21:45,Olympiacosgr,1.1,2–3,2.6,ptSporting CP,30168,Stadio Georgios Karaiskáki,Viktor Kassai,Match Report,,Olympiacos,Sporting CP,2,3,0,0,0,,,,
Group stage,1,Wed,13-09-2017,19:45,Portopt,1.5,1–3,0.9,trBeşiktaş,42429,Estádio Do Dragão,Anthony Taylor,Match Report,,Porto,Beşiktaş,1,3,0,0,0,,,,
Group stage,1,Wed,13-09-2017,19:45,Liverpooleng,2.4,2–2,1.2,esSevilla,52332,Anfield,Danny Makkelie,Match Report,,Liverpool,Sevilla,2,2,0,0,0,,,,
Group stage,1,Wed,13-09-2017,19:45,Tottenhameng,1.2,3–1,0.8,deDortmund,67343,Wembley Stadium,Gianluca Rocchi,Match Report,,Tottenham,Dortmund,3,1,0,0,0,,,,
Group stage,1,Wed,13-09-2017,20:45,NK Mariborsi,1.1,1–1,1.8,ruSpartak Moscow,12566,Ljudski vrt,Deniz Aytekin,Match Report,,NK Maribor,Spartak Moscow,1,1,0,0,0,,,,
Group stage,1,Wed,13-09-2017,20:45,Feyenoordnl,0.3,0–4,1.3,engManchester City,43500,Stadion Feijenoord,Szymon Marciniak,Match Report,,Feyenoord,Manchester City,0,4,0,0,0,,,,
Group stage,1,Wed,13-09-2017,20:45,RB Leipzigde,0.9,1–1,1.1,frMonaco,40068,Red Bull Arena,Michael Oliver,Match Report,,RB Leipzig,Monaco,1,1,0,0,0,,,,
Group stage,1,Wed,13-09-2017,20:45,Real Madrides,3.9,3–0,0.2,cyAPOEL FC,71060,Estadio Santiago Bernabéu,Benoît Bastien,Match Report,,Real Madrid,APOEL FC,3,0,0,0,0,,,,
Group stage,1,Wed,13-09-2017,21:45,Shakhtarua,1.4,2–1,1.9,itNapoli,32679,L'viv Arena,Felix Zwayer,Match Report,,Shakhtar,Napoli,2,1,0,0,0,,,,
,,,,,,,,,,,,,,,#VALUE!,,,,,,,,,,
Group stage,2,Tue,26-09-2017,19:45,Manchester Cityeng,3.2,2–0,0.5,uaShakhtar,45310,Academy Stadium,Jorge de Sousa,Match Report,,Manchester City,Shakhtar,2,0,0,0,0,,,,
Group stage,2,Tue,26-09-2017,20:45,Sevillaes,3.9,3–0,0.4,siNK Maribor,34705,Estadio Ramón Sánchez Pizjuán,Aliaksei Kulbakov,Match Report,,Sevilla,NK Maribor,3,0,0,0,0,,,,
Group stage,2,Tue,26-09-2017,20:45,Dortmundde,1.2,1–3,3.2,esReal Madrid,65849,Signal Iduna Park,Björn Kuipers,Match Report,,Dortmund,Real Madrid,1,3,0,0,0,,,,
Group stage,2,Tue,26-09-2017,20:45,Monacofr,0.6,0–3,2.9,ptPorto,11703,Stade Louis II.,Slavko Vinčić,Match Report,,Monaco,Porto,0,3,0,0,0,,,,
Group stage,2,Tue,26-09-2017,20:45,Napoliit,0.9,3–1,1.6,nlFeyenoord,22577,Stadio San Paolo,William Collum,Match Report,,Napoli,Feyenoord,3,1,0,0,0,,,,
Group stage,2,Tue,26-09-2017,21:45,Spartak Moscowru,0.2,1–1,2.8,engLiverpool,43376,Otkrytie Arena,Clément Turpin,Match Report,,Spartak Moscow,Liverpool,1,1,0,0,0,,,,
Group stage,2,Tue,26-09-2017,21:45,Beşiktaştr,1,2–0,1.1,deRB Leipzig,36641,Vodafone Arena,Sergey Karasev,Match Report,,Beşiktaş,RB Leipzig,2,0,0,0,0,,,,
Group stage,2,Tue,26-09-2017,21:45,APOEL FCcy,1,0–3,1.8,engTottenham,16324,Neo GSP,Pavel Královec,Match Report,,APOEL FC,Tottenham,0,3,0,0,0,,,,
Group stage,2,Thu,28-09-2017,0:45,CSKA Moscowru,0.6,1–4,4.3,engManchester Utd,29073,Stadion CSKA,Jonas Eriksson,Match Report,,CSKA Moscow,Manchester Utd,1,4,0,0,0,,,,
Group stage,2,Wed,27-09-2017,19:45,Sporting CPpt,0.7,0–1,0.9,esBarcelona,48575,Estádio José Alvalade,Ovidiu Hațegan,Match Report,,Sporting CP,Barcelona,0,1,0,0,0,,,,
Group stage,2,Wed,27-09-2017,20:00,Qarabağ FKaz,0.9,1–2,1.9,itRoma,67200,Bakı Olimpiya Stadionu,Artur Soares Dias,Match Report,,Qarabağ FK,Roma,1,2,0,0,0,,,,
Group stage,2,Wed,27-09-2017,20:45,Atlético Madrides,1.4,1–2,2.5,engChelsea,60643,Estadio Wanda Metropolitano,Cüneyt Çakιr,Match Report,,Atlético Madrid,Chelsea,1,2,0,0,0,,,,
Group stage,2,Wed,27-09-2017,20:45,Juventusit,2.3,2–0,0.5,grOlympiacos,33460,Allianz Stadium,Tobias Stieler,Match Report,,Juventus,Olympiacos,2,0,0,0,0,,,,
Group stage,2,Wed,27-09-2017,20:45,Baselch,3.2,5–0,0.4,ptBenfica,34111,St. Jakob-Park,Craig Thomson,Match Report,,Basel,Benfica,5,0,0,0,0,,,,
Group stage,2,Wed,27-09-2017,20:45,Paris S-Gfr,2,3–0,1,deBayern Munich,46252,Parc des Princes,Antonio Matéu Lahoz,Match Report,,Paris S-G,Bayern Munich,3,0,0,0,0,,,,
Group stage,2,Wed,27-09-2017,20:45,Anderlechtbe,0.6,0–3,1.2,sctCeltic,19898,Stade Constant Vanden Stock,Jesús Gil,Match Report,,Anderlecht,Celtic,0,3,0,0,0,,,,
,,,,,,,,,,,,,,,#VALUE!,,,,,,,,,,
Group stage,3,Tue,17-10-2017,19:45,Manchester Cityeng,2.7,2–1,2.2,itNapoli,48520,Etihad Stadium,Antonio Matéu Lahoz,Match Report,,Manchester City,Napoli,2,1,0,0,0,,,,
Group stage,3,Tue,17-10-2017,20:45,Feyenoordnl,1.6,1–2,1.3,uaShakhtar,43500,Stadion Feijenoord,Alberto Undiano,Match Report,,Feyenoord,Shakhtar,1,2,0,0,0,,,,
Group stage,3,Tue,17-10-2017,20:45,Monacofr,0.7,1–2,1.2,trBeşiktaş,7403,Stade Louis II.,Milorad Mažić,Match Report,,Monaco,Beşiktaş,1,2,0,0,0,,,,
Group stage,3,Tue,17-10-2017,20:45,RB Leipzigde,2.5,3–2,1.1,ptPorto,41496,Red Bull Arena,Paolo Tagliavento,Match Report,,RB Leipzig,Porto,3,2,0,0,0,,,,
Group stage,3,Tue,17-10-2017,20:45,Real Madrides,2.9,1–1,0.9,engTottenham,76589,Estadio Santiago Bernabéu,Szymon Marciniak,Match Report,,Real Madrid,Tottenham,1,1,0,0,0,,,,
Group stage,3,Tue,17-10-2017,20:45,NK Mariborsi,0.4,0–7,4.6,engLiverpool,12506,Ljudski vrt,Viktor Kassai,Match Report,,NK Maribor,Liverpool,0,7,0,0,0,,,,
Group stage,3,Tue,17-10-2017,21:45,Spartak Moscowru,1.7,5–1,1.3,esSevilla,44307,Otkrytie Arena,Gianluca Rocchi,Match Report,,Spartak Moscow,Sevilla,5,1,0,0,0,,,,
Group stage,3,Tue,17-10-2017,21:45,APOEL FCcy,1,1–1,2.1,deDortmund,15604,Neo GSP,Aliaksei Kulbakov,Match Report,,APOEL FC,Dortmund,1,1,0,0,0,,,,
Group stage,3,Wed,18-10-2017,19:45,Benficapt,0.5,0–1,0.6,engManchester Utd,57684,Estádio do Sport Lisboa e Benfica,Felix Zwayer,Match Report,,Benfica,Manchester Utd,0,1,0,0,0,,,,
Group stage,3,Wed,18-10-2017,19:45,Chelseaeng,1.6,3–3,1.6,itRoma,41105,Stamford Bridge,Damir Skomina,Match Report,,Chelsea,Roma,3,3,0,0,0,,,,
Group stage,3,Wed,18-10-2017,20:00,Qarabağ FKaz,0.4,0–0,1.9,esAtlético Madrid,47923,Bakı Olimpiya Stadionu,Ruddy Buquet,Match Report,,Qarabağ FK,Atlético Madrid,0,0,0,0,0,,,,
Group stage,3,Wed,18-10-2017,20:45,Barcelonaes,3.5,3–1,0.2,grOlympiacos,55026,Camp Nou,William Collum,Match Report,,Barcelona,Olympiacos,3,1,0,0,0,,,,
Group stage,3,Wed,18-10-2017,20:45,Anderlechtbe,1.2,0–4,3.3,frParis S-G,19108,Stade Constant Vanden Stock,Pavel Královec,Match Report,,Anderlecht,Paris S-G,0,4,0,0,0,,,,
Group stage,3,Wed,18-10-2017,20:45,Bayern Munichde,3.2,3–0,0.6,sctCeltic,70000,Allianz Arena,Sergey Karasev,Match Report,,Bayern Munich,Celtic,3,0,0,0,0,,,,
Group stage,3,Wed,18-10-2017,20:45,Juventusit,1.5,2–1,0.5,ptSporting CP,36288,Allianz Stadium,Michael Oliver,Match Report,,Juventus,Sporting CP,2,1,0,0,0,,,,
Group stage,3,Wed,18-10-2017,21:45,CSKA Moscowru,0.4,0–2,1.4,chBasel,27996,VEB Arena,Björn Kuipers,Match Report,,CSKA Moscow,Basel,0,2,0,0,0,,,,
,,,,,,,,,,,,,,,#VALUE!,,,,,,,,,,
Group stage,4,Tue,31-10-2017,19:45,Celticsct,1.4,1–2,0.7,deBayern Munich,58269,Celtic Park,Danny Makkelie,Match Report,,Celtic,Bayern Munich,1,2,0,0,0,,,,
Group stage,4,Tue,31-10-2017,19:45,Sporting CPpt,0.5,1–1,2,itJuventus,48442,Estádio José Alvalade,Clément Turpin,Match Report,,Sporting CP,Juventus,1,1,0,0,0,,,,
Group stage,4,Tue,31-10-2017,19:45,Manchester Utdeng,2.7,2–0,0.9,ptBenfica,74437,Old Trafford,Gediminas Mažeika,Match Report,,Manchester Utd,Benfica,2,0,0,0,0,,,,
Group stage,4,Tue,31-10-2017,20:45,Paris S-Gfr,2.6,5–0,0.2,beAnderlecht,46403,Parc des Princes,David Fernández,Match Report,,Paris S-G,Anderlecht,5,0,0,0,0,,,,
Group stage,4,Tue,31-10-2017,20:45,Atlético Madrides,3.2,1–1,0.2,azQarabağ FK,55893,Estadio Wanda Metropolitano,Deniz Aytekin,Match Report,,Atlético Madrid,Qarabağ FK,1,1,0,0,0,,,,
Group stage,4,Tue,31-10-2017,20:45,Romait,1.5,3–0,1.3,engChelsea,55036,Stadio Olimpico,Jonas Eriksson,Match Report,,Roma,Chelsea,3,0,0,0,0,,,,
Group stage,4,Tue,31-10-2017,20:45,Baselch,1.2,1–2,1.3,ruCSKA Moscow,33303,St. Jakob-Park,Milorad Mažić,Match Report,,Basel,CSKA Moscow,1,2,0,0,0,,,,
Group stage,4,Tue,31-10-2017,21:45,Olympiacosgr,0.3,0–0,1.8,esBarcelona,31600,Stadio Georgios Karaiskáki,Anthony Taylor,Match Report,,Olympiacos,Barcelona,0,0,0,0,0,,,,
Group stage,4,Wed,01-11-2017,19:45,Tottenhameng,2.3,3–1,2.2,esReal Madrid,83782,Wembley Stadium,Cüneyt Çakιr,Match Report,,Tottenham,Real Madrid,3,1,0,0,0,,,,
Group stage,4,Wed,01-11-2017,19:45,Portopt,1.8,3–1,0.6,deRB Leipzig,41616,Estádio Do Dragão,Ovidiu Hațegan,Match Report,,Porto,RB Leipzig,3,1,0,0,0,,,,
Group stage,4,Wed,01-11-2017,19:45,Liverpooleng,2.7,3–0,0.3,siNK Maribor,47957,Anfield,Ivan Kružliak,Match Report,,Liverpool,NK Maribor,3,0,0,0,0,,,,
Group stage,4,Wed,01-11-2017,20:00,Beşiktaştr,1.3,1–1,1,frMonaco,39346,Vodafone Arena,Paolo Tagliavento,Match Report,,Beşiktaş,Monaco,1,1,0,0,0,,,,
Group stage,4,Wed,01-11-2017,20:45,Sevillaes,0.9,2–1,1.2,ruSpartak Moscow,38002,Estadio Ramón Sánchez Pizjuán,Artur Soares Dias,Match Report,,Sevilla,Spartak Moscow,2,1,0,0,0,,,,
Group stage,4,Wed,01-11-2017,20:45,Dortmundde,2.8,1–1,0.6,cyAPOEL FC,64500,Fußballpark BVB Hohenbuschei,Matej Jug,Match Report,,Dortmund,APOEL FC,1,1,0,0,0,,,,
Group stage,4,Wed,01-11-2017,20:45,Napoliit,2.1,2–4,1.4,engManchester City,44483,Stadio San Paolo,Felix Brych,Match Report,,Napoli,Manchester City,2,4,0,0,0,,,,
Group stage,4,Wed,01-11-2017,21:45,Shakhtarua,2.6,3–1,1,nlFeyenoord,24570,Oblasny SportKomplex Metalist,Tasos Sidiropoulos,Match Report,,Shakhtar,Feyenoord,3,1,0,0,0,,,,
,,,,,,,,,,,,,,,#VALUE!,,,,,,,,,,
Group stage,5,Tue,21-11-2017,19:45,Manchester Cityeng,1.3,1–0,0.3,nlFeyenoord,43548,Etihad Stadium,Ivan Kružliak,Match Report,,Manchester City,Feyenoord,1,0,0,0,0,,,,
Group stage,5,Tue,21-11-2017,20:00,Beşiktaştr,0.7,1–1,0.7,ptPorto,36919,Vodafone Arena,Antonio Matéu Lahoz,Match Report,,Beşiktaş,Porto,1,1,0,0,0,,,,
Group stage,5,Tue,21-11-2017,20:00,Spartak Moscowru,1.4,1–1,1.2,siNK Maribor,42920,Otkrytie Arena,William Collum,Match Report,,Spartak Moscow,NK Maribor,1,1,0,0,0,,,,
Group stage,5,Tue,21-11-2017,20:45,Sevillaes,1.9,3–3,2.3,engLiverpool,39495,Estadio Ramón Sánchez Pizjuán,Felix Brych,Match Report,,Sevilla,Liverpool,3,3,0,0,0,,,,
Group stage,5,Tue,21-11-2017,20:45,Napoliit,1.9,3–0,0.5,uaShakhtar,10573,Stadio San Paolo,Damir Skomina,Match Report,,Napoli,Shakhtar,3,0,0,0,0,,,,
Group stage,5,Tue,21-11-2017,20:45,Dortmundde,1.1,1–2,1.1,engTottenham,65849,Signal Iduna Park,Clément Turpin,Match Report,,Dortmund,Tottenham,1,2,0,0,0,,,,
Group stage,5,Tue,21-11-2017,20:45,Monacofr,0.8,1–4,1.5,deRB Leipzig,9029,Stade Louis II.,Alberto Undiano,Match Report,,Monaco,RB Leipzig,1,4,0,0,0,,,,
Group stage,5,Tue,21-11-2017,21:45,APOEL FCcy,0.5,0–6,3.7,esReal Madrid,19705,Neo GSP,Artur Soares Dias,Match Report,,APOEL FC,Real Madrid,0,6,0,0,0,,,,
Group stage,5,Wed,22-11-2017,19:45,Sporting CPpt,2,3–1,0.4,grOlympiacos,42528,Estádio José Alvalade,Felix Zwayer,Match Report,,Sporting CP,Olympiacos,3,1,0,0,0,,,,
Group stage,5,Wed,22-11-2017,20:00,CSKA Moscowru,1,2–0,1,ptBenfica,27709,VEB Arena,Deniz Aytekin,Match Report,,CSKA Moscow,Benfica,2,0,0,0,0,,,,
Group stage,5,Wed,22-11-2017,20:45,Juventusit,0.5,0–0,0.9,esBarcelona,40876,Allianz Stadium,Milorad Mažić,Match Report,,Juventus,Barcelona,0,0,0,0,0,,,,
Group stage,5,Wed,22-11-2017,20:45,Baselch,1.1,1–0,1.5,engManchester Utd,36000,St. Jakob-Park,Daniele Orsato,Match Report,,Basel,Manchester Utd,1,0,0,0,0,,,,
Group stage,5,Wed,22-11-2017,20:45,Anderlechtbe,1.8,1–2,2.2,deBayern Munich,19753,Stade Constant Vanden Stock,Anthony Taylor,Match Report,,Anderlecht,Bayern Munich,1,2,0,0,0,,,,
Group stage,5,Wed,22-11-2017,20:45,Paris S-Gfr,2.8,7–1,0.3,sctCeltic,46288,Parc des Princes,Tasos Sidiropoulos,Match Report,,Paris S-G,Celtic,7,1,0,0,0,,,,
Group stage,5,Wed,22-11-2017,20:45,Atlético Madrides,1.4,2–0,0.5,itRoma,56253,Estadio Wanda Metropolitano,Björn Kuipers,Match Report,,Atlético Madrid,Roma,2,0,0,0,0,,,,
Group stage,5,Wed,22-11-2017,21:00,Qarabağ FKaz,0.2,0–4,3.9,engChelsea,67100,Bakı Olimpiya Stadionu,Jorge de Sousa,Match Report,,Qarabağ FK,Chelsea,0,4,0,0,0,,,,
,,,,,,,,,,,,,,,#VALUE!,,,,,,,,,,
Group stage,6,Tue,05-12-2017,19:45,Chelseaeng,2.9,1–1,1,esAtlético Madrid,40875,Stamford Bridge,Danny Makkelie,Match Report,,Chelsea,Atlético Madrid,1,1,0,0,0,,,,
Group stage,6,Tue,05-12-2017,19:45,Celticsct,0.8,0–1,0.7,beAnderlecht,57931,Celtic Park,Matej Jug,Match Report,,Celtic,Anderlecht,0,1,0,0,0,,,,
Group stage,6,Tue,05-12-2017,19:45,Manchester Utdeng,2.9,2–1,0.8,ruCSKA Moscow,74669,Old Trafford,Gianluca Rocchi,Match Report,,Manchester Utd,CSKA Moscow,2,1,0,0,0,,,,
Group stage,6,Tue,05-12-2017,19:45,Benficapt,1.4,0–2,1.4,chBasel,22470,Estádio do Sport Lisboa e Benfica,Jesús Gil,Match Report,,Benfica,Basel,0,2,0,0,0,,,,
Group stage,6,Tue,05-12-2017,20:45,Barcelonaes,1.2,2–0,1,ptSporting CP,48336,Camp Nou,Craig Thomson,Match Report,,Barcelona,Sporting CP,2,0,0,0,0,,,,
Group stage,6,Tue,05-12-2017,20:45,Romait,1.9,1–0,0.4,azQarabağ FK,34258,Stadio Olimpico,Tobias Stieler,Match Report,,Roma,Qarabağ FK,1,0,0,0,0,,,,
Group stage,6,Tue,05-12-2017,20:45,Bayern Munichde,1.8,3–1,1.9,frParis S-G,70000,Allianz Arena,Cüneyt Çakιr,Match Report,,Bayern Munich,Paris S-G,3,1,0,0,0,,,,
Group stage,6,Tue,05-12-2017,21:45,Olympiacosgr,1,0–2,1.5,itJuventus,29567,Stadio Georgios Karaiskáki,David Fernández,Match Report,,Olympiacos,Juventus,0,2,0,0,0,,,,
Group stage,6,Wed,06-12-2017,19:45,Tottenhameng,2.3,3–0,0.6,cyAPOEL FC,42679,Wembley Stadium,Slavko Vinčić,Match Report,,Tottenham,APOEL FC,3,0,0,0,0,,,,
Group stage,6,Wed,06-12-2017,19:45,Portopt,1.9,5–2,1.7,frMonaco,42509,Estádio Do Dragão,Jonas Eriksson,Match Report,,Porto,Monaco,5,2,0,0,0,,,,
Group stage,6,Wed,06-12-2017,19:45,Liverpooleng,4.2,7–0,0.6,ruSpartak Moscow,48779,Anfield,Szymon Marciniak,Match Report,,Liverpool,Spartak Moscow,7,0,0,0,0,,,,
Group stage,6,Wed,06-12-2017,20:45,RB Leipzigde,3,1–2,1.8,trBeşiktaş,42558,Red Bull Arena,Viktor Kassai,Match Report,,RB Leipzig,Beşiktaş,1,2,0,0,0,,,,
Group stage,6,Wed,06-12-2017,20:45,Feyenoordnl,0.7,2–1,1.3,itNapoli,36500,Stadion Feijenoord,Michael Oliver,Match Report,,Feyenoord,Napoli,2,1,0,0,0,,,,
Group stage,6,Wed,06-12-2017,20:45,NK Mariborsi,0.8,1–1,1.7,esSevilla,11976,Ljudski vrt,Ovidiu Hațegan,Match Report,,NK Maribor,Sevilla,1,1,0,0,0,,,,
Group stage,6,Wed,06-12-2017,20:45,Real Madrides,2.7,3–2,1.7,deDortmund,73323,Estadio Santiago Bernabéu,Pavel Královec,Match Report,,Real Madrid,Dortmund,3,2,0,0,0,,,,
Group stage,6,Wed,06-12-2017,21:45,Shakhtarua,1.7,2–1,1.7,engManchester City,33154,Oblasny SportKomplex Metalist,Benoît Bastien,Match Report,,Shakhtar,Manchester City,2,1,0,0,0,,,,
,,,,,,,,,,,,,,,#VALUE!,,,,,,,,,,
Round of 16,,Tue,13-02-2018,20:45,Baselch,1,0–4,0.7,engManchester City,36000,St. Jakob-Park,Jonas Eriksson,Match Report,Leg 1 of 2,Basel,Manchester City,0,4,1,0,0,#VALUE!,#VALUE!,#VALUE!,#VALUE!
Round of 16,,Tue,13-02-2018,20:45,Juventusit,2.5,2–2,1.8,engTottenham,41232,Allianz Stadium,Felix Brych,Match Report,Leg 1 of 2,Juventus,Tottenham,2,2,1,0,0,#VALUE!,#VALUE!,#VALUE!,#VALUE!
Round of 16,,Wed,14-02-2018,19:45,Portopt,0.5,0–5,2.6,engLiverpool,47718,Estádio Do Dragão,Daniele Orsato,Match Report,Leg 1 of 2,Porto,Liverpool,0,5,1,0,0,#VALUE!,#VALUE!,#VALUE!,#VALUE!
Round of 16,,Wed,14-02-2018,20:45,Real Madrides,2.4,3–1,1,frParis S-G,78158,Estadio Ramón Sánchez Pizjuán,Gianluca Rocchi,Match Report,Leg 1 of 2,Real Madrid,Paris S-G,3,1,1,0,0,#VALUE!,#VALUE!,#VALUE!,#VALUE!
Round of 16,,Tue,20-02-2018,19:45,Chelseaeng,0.5,1–1,0.6,esBarcelona,37741,Stamford Bridge,Cüneyt Çakιr,Match Report,Leg 1 of 2,Chelsea,Barcelona,1,1,1,0,0,#VALUE!,#VALUE!,#VALUE!,#VALUE!
Round of 16,,Tue,20-02-2018,20:45,Bayern Munichde,4.9,5–0,0.3,trBeşiktaş,70000,Allianz Arena,Ovidiu Hațegan,Match Report,Leg 1 of 2,Bayern Munich,Beşiktaş,5,0,1,0,0,#VALUE!,#VALUE!,#VALUE!,#VALUE!
Round of 16,,Wed,21-02-2018,20:45,Sevillaes,2,0–0,0.7,engManchester Utd,39725,Estadio Ramón Sánchez Pizjuán,Clément Turpin,Match Report,Leg 1 of 2,Sevilla,Manchester Utd,0,0,1,0,0,#VALUE!,#VALUE!,#VALUE!,#VALUE!
Round of 16,,Wed,21-02-2018,21:45,Shakhtarua,1.7,2–1,1.8,itRoma,35124,Oblasny SportKomplex Metalist,William Collum,Match Report,Leg 1 of 2,Shakhtar,Roma,2,1,1,0,0,#VALUE!,#VALUE!,#VALUE!,#VALUE!
Round of 16,,Tue,06-03-2018,19:45,Liverpooleng,1.6,0–0,0.6,ptPorto,48768,Anfield,Felix Zwayer,Match Report,Leg 2 of 2; Liverpool won,Liverpool,Porto,0,0,0,1,0,#VALUE!,#VALUE!,#VALUE!,#VALUE!
Round of 16,,Tue,06-03-2018,20:45,Paris S-Gfr,1.1,1–2,2.2,esReal Madrid,46585,Parc des Princes,Felix Brych,Match Report,Leg 2 of 2; Real Madrid won,Paris S-G,Real Madrid,1,2,0,1,0,#VALUE!,#VALUE!,#VALUE!,#VALUE!
Round of 16,,Wed,07-03-2018,19:45,Tottenhameng,1.7,1–2,1.5,itJuventus,84010,Wembley Stadium,Szymon Marciniak,Match Report,Leg 2 of 2; Juventus won,Tottenham,Juventus,1,2,0,1,0,#VALUE!,#VALUE!,#VALUE!,#VALUE!
Round of 16,,Wed,07-03-2018,19:45,Manchester Cityeng,1.6,1–2,0.6,chBasel,49411,Etihad Stadium,Pavel Královec,Match Report,Leg 2 of 2; Manchester City won,Manchester City,Basel,1,2,0,1,0,#VALUE!,#VALUE!,#VALUE!,#VALUE!
Round of 16,,Tue,13-03-2018,19:45,Manchester Utdeng,1.9,1–2,1.7,esSevilla,74909,Old Trafford,Danny Makkelie,Match Report,Leg 2 of 2; Sevilla won,Manchester Utd,Sevilla,1,2,0,1,0,#VALUE!,#VALUE!,#VALUE!,#VALUE!
Round of 16,,Tue,13-03-2018,20:45,Romait,0.7,1–0,0.2,uaShakhtar,47693,Stadio Olimpico,Alberto Undiano,Match Report,Leg 2 of 2; Roma won,Roma,Shakhtar,1,0,0,1,0,#VALUE!,#VALUE!,#VALUE!,#VALUE!
Round of 16,,Wed,14-03-2018,20:00,Beşiktaştr,1.2,1–3,2.1,deBayern Munich,36885,Vodafone Arena,Michael Oliver,Match Report,Leg 2 of 2; Bayern Munich won,Beşiktaş,Bayern Munich,1,3,0,1,0,#VALUE!,#VALUE!,#VALUE!,#VALUE!
Round of 16,,Wed,14-03-2018,20:45,Barcelonaes,1,3–0,0.7,engChelsea,97183,Camp Nou,Damir Skomina,Match Report,Leg 2 of 2; Barcelona won,Barcelona,Chelsea,3,0,0,1,0,#VALUE!,#VALUE!,#VALUE!,#VALUE!
Quarter-finals,,Tue,03-04-2018,20:45,Sevillaes,0.9,1–2,1.4,deBayern Munich,40635,Estadio Ramón Sánchez Pizjuán,Daniele Orsato,Match Report,Leg 1 of 2,Sevilla,Bayern Munich,1,2,1,0,0,#VALUE!,#VALUE!,#VALUE!,#VALUE!
Quarter-finals,,Tue,03-04-2018,20:45,Juventusit,1.6,0–3,3.1,esReal Madrid,40849,Allianz Stadium,Cüneyt Çakιr,Match Report,Leg 1 of 2,Juventus,Real Madrid,0,3,1,0,0,#VALUE!,#VALUE!,#VALUE!,#VALUE!
Quarter-finals,,Wed,04-04-2018,19:45,Liverpooleng,1.6,3–0,0.6,engManchester City,50685,Anfield,Felix Brych,Match Report,Leg 1 of 2,Liverpool,Manchester City,3,0,1,0,0,#VALUE!,#VALUE!,#VALUE!,#VALUE!
Quarter-finals,,Wed,04-04-2018,20:45,Barcelonaes,1.9,4–1,1.7,itRoma,90106,Camp Nou,Danny Makkelie,Match Report,Leg 1 of 2,Barcelona,Roma,4,1,1,0,0,#VALUE!,#VALUE!,#VALUE!,#VALUE!
Quarter-finals,,Tue,10-04-2018,19:45,Manchester Cityeng,1.2,1–2,0.8,engLiverpool,53461,Etihad Stadium,Antonio Matéu Lahoz,Match Report,Leg 2 of 2; Liverpool won,Manchester City,Liverpool,1,2,0,1,0,#VALUE!,#VALUE!,#VALUE!,#VALUE!
Quarter-finals,,Tue,10-04-2018,20:45,Romait,2.7,3–0,0.9,esBarcelona,56580,Stadio Olimpico,Clément Turpin,Match Report,Leg 2 of 2; Roma won,Roma,Barcelona,3,0,0,1,0,#VALUE!,#VALUE!,#VALUE!,#VALUE!
Quarter-finals,,Wed,11-04-2018,20:45,Bayern Munichde,1.2,0–0,0.6,esSevilla,70000,Allianz Arena,William Collum,Match Report,Leg 2 of 2; Bayern Munich won,Bayern Munich,Sevilla,0,0,0,1,0,#VALUE!,#VALUE!,#VALUE!,#VALUE!
Quarter-finals,,Wed,11-04-2018,20:45,Real Madrides,2.7,1–3,2.7,itJuventus,75796,Estadio Santiago Bernabéu,Michael Oliver,Match Report,Leg 2 of 2; Real Madrid won,Real Madrid,Juventus,1,3,0,1,0,#VALUE!,#VALUE!,#VALUE!,#VALUE!
Semi-finals,,Tue,24-04-2018,19:45,Liverpooleng,3.7,5–2,1.9,itRoma,51236,Anfield,Felix Brych,Match Report,Leg 1 of 2,Liverpool,Roma,5,2,1,0,0,#VALUE!,#VALUE!,#VALUE!,#VALUE!
Round,Wk,Day,Date,Time,Home,xG,Score,xG,Away,Attendance,Venue,Referee,Match Report,Notes,Ho,Away,Score,,0,0,0,#VALUE!,#VALUE!,#VALUE!,#VALUE!
Semi-finals,,Wed,25-04-2018,20:45,Bayern Munichde,1.9,1–2,0.7,esReal Madrid,70000,Allianz Arena,Björn Kuipers,Match Report,Leg 1 of 2,Bayern Munich,Real Madrid,1,2,1,0,0,#VALUE!,#VALUE!,#VALUE!,#VALUE!
Semi-finals,,Tue,01-05-2018,20:45,Real Madrides,1.8,2–2,3,deBayern Munich,77459,Estadio Santiago Bernabéu,Cüneyt Çakιr,Match Report,Leg 2 of 2; Real Madrid won,Real Madrid,Bayern Munich,2,2,0,1,0,#VALUE!,#VALUE!,#VALUE!,#VALUE!
Semi-finals,,Wed,02-05-2018,20:45,Romait,2.4,4–2,1.6,engLiverpool,61889,Stadio Olimpico,Damir Skomina,Match Report,Leg 2 of 2; Liverpool won,Roma,Liverpool,4,2,0,1,0,#VALUE!,#VALUE!,#VALUE!,#VALUE!
Final,,Sat,26-05-2018,21:45,Real Madrides,1.5,3–1,1.9,engLiverpool,61561,NSK Olimpijs'kyj (Neutral Site),Milorad Mažić,Match Report,,Real Madrid,Liverpool,3,1,0,0,0,#VALUE!,#VALUE!,#VALUE!,#VALUE!