Round,Wk,Day,Date,Time,Home,xG,Score,xG,Away,Attendance,Venue,Referee,Match Report,Notes,Home_Clean,Away_Clean,Home_Score,Away_Score,Leg 1,Leg 2,Extra Time Required,Home_Score_2,Away_Score_2,Home_Pens,Away_Pens
Group stage,1,Tue,18-09-2018,18:55,Barcelonaes,1.5,4–0,0.7,nlPSV Eindhoven,73462,Camp Nou,Tasos Sidiropoulos,Match Report,,Barcelona,PSV Eindhoven,4,0,0,0,0,,,,
Group stage,1,Tue,18-09-2018,18:55,Interit,1.2,2–1,0.8,engTottenham,64123,Stadio Giuseppe Meazza,Ruddy Buquet,Match Report,,Inter,Tottenham,2,1,0,0,0,,,,
Group stage,1,Tue,18-09-2018,20:00,Liverpooleng,2.3,3–2,0.8,frParis S-G,52478,Anfield,Baris Şimşek,Match Report,,Liverpool,Paris S-G,3,2,0,0,0,,,,
Group stage,1,Tue,18-09-2018,21:00,Red Starrs,0.2,0–0,1.6,itNapoli,49112,Stadion Rajko Mitić,Tomasz Musiał,Match Report,,Red Star,Napoli,0,0,0,0,0,,,,
Group stage,1,Tue,18-09-2018,21:00,Club Bruggebe,0.6,0–1,1,deDortmund,25181,Jan Breydelstadion,Danny Makkelie,Match Report,,Club Brugge,Dortmund,0,1,0,0,0,,,,
Group stage,1,Tue,18-09-2018,21:00,Monacofr,0.7,1–2,0.9,esAtlético Madrid,10575,Stade Louis II.,William Collum,Match Report,,Monaco,Atlético Madrid,1,2,0,0,0,,,,
Group stage,1,Tue,18-09-2018,21:00,Schalke 04de,0.9,1–1,2.2,ptPorto,45755,Veltins-Arena,Ricardo de Burgos,Match Report,,Schalke 04,Porto,1,1,0,0,0,,,,
Group stage,1,Tue,18-09-2018,22:00,Galatasaraytr,1.8,3–0,0.9,ruLoko Moscow,43542,Türk Telekom Arena,Luca Banti,Match Report,,Galatasaray,Loko Moscow,3,0,0,0,0,,,,
Group stage,1,Wed,19-09-2018,18:55,Ajaxnl,1.7,3–0,0.4,grAEK Athens,52285,Johan Cruyff ArenA,Carlos del Cerro,Match Report,,Ajax,AEK Athens,3,0,0,0,0,,,,
Group stage,1,Wed,19-09-2018,19:55,Shakhtarua,0.6,2–2,1.8,deHoffenheim,28336,Oblasny SportKomplex Metalist,Jakob Kehlet,Match Report,,Shakhtar,Hoffenheim,2,2,0,0,0,,,,
Group stage,1,Wed,19-09-2018,20:00,Manchester Cityeng,1.2,1–2,0.8,frLyon,40111,Etihad Stadium,Daniele Orsato,Match Report,,Manchester City,Lyon,1,2,0,0,0,,,,
Group stage,1,Wed,19-09-2018,20:00,Benficapt,0.7,0–2,2.4,deBayern Munich,60274,Estádio do Sport Lisboa e Benfica,Antonio Matéu Lahoz,Match Report,,Benfica,Bayern Munich,0,2,0,0,0,,,,
Group stage,1,Wed,19-09-2018,21:00,Valenciaes,2,0–2,3.7,itJuventus,46067,Estadio de Mestalla,Felix Brych,Match Report,,Valencia,Juventus,0,2,0,0,0,,,,
Group stage,1,Wed,19-09-2018,21:00,Real Madrides,3.5,3–0,0.6,itRoma,69251,Estadio Santiago Bernabéu,Björn Kuipers,Match Report,,Real Madrid,Roma,3,0,0,0,0,,,,
Group stage,1,Wed,19-09-2018,21:00,Young Boysch,1.7,0–3,2,engManchester Utd,31120,Stade de Suisse Wankdorf Bern,Deniz Aytekin,Match Report,,Young Boys,Manchester Utd,0,3,0,0,0,,,,
Group stage,1,Wed,19-09-2018,21:00,Viktoria Plzeňcz,1.5,2–2,1.7,ruCSKA Moscow,11312,Doosan Arena,Benoît Bastien,Match Report,,Viktoria Plzeň,CSKA Moscow,2,2,0,0,0,,,,
,,,,,,,,,,,,,,,#VALUE!,,,,,,,,,,
Group stage,2,Tue,02-10-2018,18:55,Hoffenheimde,0.6,1–2,2.2,engManchester City,24851,PreZero Arena,Matej Jug,Match Report,,Hoffenheim,Manchester City,1,2,0,0,0,,,,
Group stage,2,Tue,02-10-2018,18:55,Juventusit,3.3,3–0,0.2,chYoung Boys,40961,Allianz Stadium,Sergey Karasev,Match Report,,Juventus,Young Boys,3,0,0,0,0,,,,
Group stage,2,Tue,02-10-2018,20:00,Manchester Utdeng,0.9,0–0,0.4,esValencia,73569,Old Trafford,Slavko Vinčič,Match Report,,Manchester Utd,Valencia,0,0,0,0,0,,,,
Group stage,2,Tue,02-10-2018,21:00,Bayern Munichde,1.5,1–1,1.2,nlAjax,70000,Allianz Arena,Pavel Královec,Match Report,,Bayern Munich,Ajax,1,1,0,0,0,,,,
Group stage,2,Tue,02-10-2018,21:00,Lyonfr,2.8,2–2,1.6,uaShakhtar,,Groupama OL Academy Décines-Charpieu,Aleksandrs Golubevs,Match Report,,Lyon,Shakhtar,2,2,0,0,0,,,,
Group stage,2,Tue,02-10-2018,21:00,Romait,3.1,5–0,0.3,czViktoria Plzeň,41243,Stadio Olimpico,Paweł Raczkowski,Match Report,,Roma,Viktoria Plzeň,5,0,0,0,0,,,,
Group stage,2,Tue,02-10-2018,22:00,CSKA Moscowru,0.4,1–0,2.2,esReal Madrid,71811,VEB Arena,Ovidiu Hațegan,Match Report,,CSKA Moscow,Real Madrid,1,0,0,0,0,,,,
Group stage,2,Tue,02-10-2018,22:00,AEK Athensgr,2.8,2–3,1.2,ptBenfica,31154,Olympiako Stadio Spyros Louis,Orel Grinfeeld,Match Report,,AEK Athens,Benfica,2,3,0,0,0,,,,
Group stage,2,Wed,03-10-2018,18:55,Paris S-Gfr,5.4,6–1,0.3,rsRed Star,39979,Parc des Princes,Artur Dias,Match Report,,Paris S-G,Red Star,6,1,0,0,0,,,,
Group stage,2,Wed,03-10-2018,19:55,Loko Moscowru,0.7,0–1,1,deSchalke 04,21471,RZD Arena,Anthony Taylor,Match Report,,Loko Moscow,Schalke 04,0,1,0,0,0,,,,
Group stage,2,Wed,03-10-2018,20:00,Portopt,1.8,1–0,1.5,trGalatasaray,42711,Estádio Do Dragão,Michael Oliver,Match Report,,Porto,Galatasaray,1,0,0,0,0,,,,
Group stage,2,Wed,03-10-2018,20:00,Tottenhameng,0.5,2–4,1.4,esBarcelona,82137,Wembley Stadium,Tobias Stieler,Match Report,,Tottenham,Barcelona,2,4,0,0,0,,,,
Group stage,2,Wed,03-10-2018,21:00,Dortmundde,3.2,3–0,0.5,frMonaco,66099,Signal Iduna Park,Aliaksei Kulbakou,Match Report,,Dortmund,Monaco,3,0,0,0,0,,,,
Group stage,2,Wed,03-10-2018,21:00,PSV Eindhovennl,0.7,1–2,2.6,itInter,34750,Philips Stadion,Danilo Grujić,Match Report,,PSV Eindhoven,Inter,1,2,0,0,0,,,,
Group stage,2,Wed,03-10-2018,21:00,Napoliit,1.9,1–0,0.1,engLiverpool,37057,Stadio San Paolo,Sándor Andó-Szabó,Match Report,,Napoli,Liverpool,1,0,0,0,0,,,,
Group stage,2,Wed,03-10-2018,21:00,Atlético Madrides,1.8,3–1,0.6,beClub Brugge,55742,Estadio Wanda Metropolitano,Filip Glova,Match Report,,Atlético Madrid,Club Brugge,3,1,0,0,0,,,,
,,,,,,,,,,,,,,,#VALUE!,,,,,,,,,,
Group stage,3,Tue,23-10-2018,18:55,Young Boysch,1.9,1–1,0.9,esValencia,31120,Stade de Suisse Wankdorf Bern,Aleksandrs Anufrijevs,Match Report,,Young Boys,Valencia,1,1,0,0,0,,,,
Group stage,3,Tue,23-10-2018,19:55,AEK Athensgr,0.3,0–2,2.3,deBayern Munich,61221,Olympiako Stadio Spyros Louis,Aliaksei Kulbakou,Match Report,,AEK Athens,Bayern Munich,0,2,0,0,0,,,,
Group stage,3,Tue,23-10-2018,20:00,Manchester Utdeng,0.3,0–1,1.3,itJuventus,73946,Old Trafford,Danilo Grujić,Match Report,,Manchester Utd,Juventus,0,1,0,0,0,,,,
Group stage,3,Tue,23-10-2018,21:00,Real Madrides,2.6,2–1,1.6,czViktoria Plzeň,67356,Estadio Santiago Bernabéu,Orel Grinfeeld,Match Report,,Real Madrid,Viktoria Plzeň,2,1,0,0,0,,,,
Group stage,3,Tue,23-10-2018,21:00,Romait,2.3,3–0,0.5,ruCSKA Moscow,46005,Stadio Olimpico,Tasos Sidiropoulos,Match Report,,Roma,CSKA Moscow,3,0,0,0,0,,,,
Group stage,3,Tue,23-10-2018,21:00,Hoffenheimde,4.1,3–3,1.5,frLyon,24144,PreZero Arena,Alberto Undiano,Match Report,,Hoffenheim,Lyon,3,3,0,0,0,,,,
Group stage,3,Tue,23-10-2018,21:00,Ajaxnl,1.5,1–0,0.7,ptBenfica,52489,Johan Cruyff ArenA,Ruddy Buquet,Match Report,,Ajax,Benfica,1,0,0,0,0,,,,
Group stage,3,Tue,23-10-2018,22:00,Shakhtarua,1.1,0–3,2.6,engManchester City,37106,Oblasny SportKomplex Metalist,Carlos del Cerro,Match Report,,Shakhtar,Manchester City,0,3,0,0,0,,,,
Group stage,3,Wed,24-10-2018,18:55,Club Bruggebe,1.5,1–1,0.8,frMonaco,23957,Jan Breydelstadion,Michael Oliver,Match Report,,Club Brugge,Monaco,1,1,0,0,0,,,,
Group stage,3,Wed,24-10-2018,18:55,PSV Eindhovennl,0.9,2–2,2,engTottenham,35000,Philips Stadion,Slavko Vinčič,Match Report,,PSV Eindhoven,Tottenham,2,2,0,0,0,,,,
Group stage,3,Wed,24-10-2018,20:00,Liverpooleng,5,4–0,0.5,rsRed Star,53024,Anfield,Daniel Siebert,Match Report,,Liverpool,Red Star,4,0,0,0,0,,,,
Group stage,3,Wed,24-10-2018,21:00,Barcelonaes,2.2,2–0,1,itInter,86290,Camp Nou,Ovidiu Hațegan,Match Report,,Barcelona,Inter,2,0,0,0,0,,,,
Group stage,3,Wed,24-10-2018,21:00,Paris S-Gfr,1.1,2–2,1.7,itNapoli,46274,Parc des Princes,Tobias Stieler,Match Report,,Paris S-G,Napoli,2,2,0,0,0,,,,
Group stage,3,Wed,24-10-2018,21:00,Dortmundde,2,4–0,0.6,esAtlético Madrid,66099,Signal Iduna Park,Anthony Taylor,Match Report,,Dortmund,Atlético Madrid,4,0,0,0,0,,,,
Group stage,3,Wed,24-10-2018,22:00,Loko Moscowru,2.1,1–3,1.5,ptPorto,16034,RZD Arena,John Beaton,Match Report,,Loko Moscow,Porto,1,3,0,0,0,,,,
Group stage,3,Wed,24-10-2018,22:00,Galatasaraytr,0.6,0–0,2.2,deSchalke 04,46667,Türk Telekom Arena,Benoît Bastien,Match Report,,Galatasaray,Schalke 04,0,0,0,0,0,,,,
,,,,,,,,,,,,,,,#VALUE!,,,,,,,,,,
Group stage,4,Tue,06-11-2018,18:55,Red Starrs,0.7,2–0,2.2,engLiverpool,51318,Stadion Rajko Mitić,Antonio Matéu Lahoz,Match Report,,Red Star,Liverpool,2,0,0,0,0,,,,
Group stage,4,Tue,06-11-2018,18:55,Monacofr,1.1,0–4,1.9,beClub Brugge,8347,Stade Louis II.,Hugo Miguel,Match Report,,Monaco,Club Brugge,0,4,0,0,0,,,,
Group stage,4,Tue,06-11-2018,20:00,Portopt,1.4,4–1,0.7,ruLoko Moscow,34616,Estádio Do Dragão,Massimiliano Irrati,Match Report,,Porto,Loko Moscow,4,1,0,0,0,,,,
Group stage,4,Tue,06-11-2018,20:00,Tottenhameng,3.5,2–1,0.6,nlPSV Eindhoven,46588,Wembley Stadium,Filip Glova,Match Report,,Tottenham,PSV Eindhoven,2,1,0,0,0,,,,
Group stage,4,Tue,06-11-2018,21:00,Napoliit,2,1–1,1.3,frParis S-G,55489,Stadio San Paolo,Björn Kuipers,Match Report,,Napoli,Paris S-G,1,1,0,0,0,,,,
Group stage,4,Tue,06-11-2018,21:00,Schalke 04de,1.5,2–0,0.7,trGalatasaray,54740,Veltins-Arena,William Collum,Match Report,,Schalke 04,Galatasaray,2,0,0,0,0,,,,
Group stage,4,Tue,06-11-2018,21:00,Atlético Madrides,1.5,2–0,0.6,deDortmund,61023,Estadio Wanda Metropolitano,Daniele Orsato,Match Report,,Atlético Madrid,Dortmund,2,0,0,0,0,,,,
Group stage,4,Tue,06-11-2018,21:00,Interit,1,1–1,1.6,esBarcelona,70915,Stadio Giuseppe Meazza,Szymon Marciniak,Match Report,,Inter,Barcelona,1,1,0,0,0,,,,
Group stage,4,Wed,07-11-2018,18:55,Valenciaes,1.8,3–1,1,chYoung Boys,36480,Estadio de Mestalla,István Kovács,Match Report,,Valencia,Young Boys,3,1,0,0,0,,,,
Group stage,4,Wed,07-11-2018,20:00,Benficapt,1.4,1–1,1.6,nlAjax,51328,Estádio do Sport Lisboa e Benfica,Luca Banti,Match Report,,Benfica,Ajax,1,1,0,0,0,,,,
Group stage,4,Wed,07-11-2018,20:00,Manchester Cityeng,3.4,6–0,0.4,uaShakhtar,52286,Etihad Stadium,Sándor Andó-Szabó,Match Report,,Manchester City,Shakhtar,6,0,0,0,0,,,,
Group stage,4,Wed,07-11-2018,20:55,CSKA Moscowru,1.1,1–2,2.4,itRoma,64454,VEB Arena,Baris Şimşek,Match Report,,CSKA Moscow,Roma,1,2,0,0,0,,,,
Group stage,4,Wed,07-11-2018,21:00,Viktoria Plzeňcz,0.5,0–5,1.6,esReal Madrid,11483,Doosan Arena,Deniz Aytekin,Match Report,,Viktoria Plzeň,Real Madrid,0,5,0,0,0,,,,
Group stage,4,Wed,07-11-2018,21:00,Bayern Munichde,2.7,2–0,0.4,grAEK Athens,70000,Allianz Arena,Slavko Vinčič,Match Report,,Bayern Munich,AEK Athens,2,0,0,0,0,,,,
Group stage,4,Wed,07-11-2018,21:00,Lyonfr,2.5,2–2,1.9,deHoffenheim,53850,Groupama Stadium,Danny Makkelie,Match Report,,Lyon,Hoffenheim,2,2,0,0,0,,,,
Group stage,4,Wed,07-11-2018,21:00,Juventusit,1.9,1–2,0.8,engManchester Utd,41470,Allianz Stadium,Ovidiu Hațegan,Match Report,,Juventus,Manchester Utd,1,2,0,0,0,,,,
,,,,,,,,,,,,,,,#VALUE!,,,,,,,,,,
Group stage,5,Tue,27-11-2018,19:55,AEK Athensgr,0.4,0–2,2.2,nlAjax,25756,Olympiako Stadio Spyros Louis,Michael Oliver,Match Report,,AEK Athens,Ajax,0,2,0,0,0,,,,
Group stage,5,Tue,27-11-2018,20:00,Manchester Utdeng,1.3,1–0,0.6,chYoung Boys,72876,Old Trafford,Felix Brych,Match Report,,Manchester Utd,Young Boys,1,0,0,0,0,,,,
Group stage,5,Tue,27-11-2018,20:55,CSKA Moscowru,2.2,1–2,2,czViktoria Plzeň,52892,VEB Arena,Jochem Kamphuis,Match Report,,CSKA Moscow,Viktoria Plzeň,1,2,0,0,0,,,,
Group stage,5,Tue,27-11-2018,21:00,Romait,2.1,0–2,1.7,esReal Madrid,59124,Stadio Olimpico,Ruddy Buquet,Match Report,,Roma,Real Madrid,0,2,0,0,0,,,,
Group stage,5,Tue,27-11-2018,21:00,Juventusit,1.8,1–0,0.3,esValencia,39070,Allianz Stadium,William Collum,Match Report,,Juventus,Valencia,1,0,0,0,0,,,,
Group stage,5,Tue,27-11-2018,21:00,Lyonfr,2.3,2–2,1,engManchester City,56039,Groupama Stadium,Luca Banti,Match Report,,Lyon,Manchester City,2,2,0,0,0,,,,
Group stage,5,Tue,27-11-2018,21:00,Hoffenheimde,1.3,2–3,2.1,uaShakhtar,22920,PreZero Arena,Filip Glova,Match Report,,Hoffenheim,Shakhtar,2,3,0,0,0,,,,
Group stage,5,Tue,27-11-2018,21:00,Bayern Munichde,1.9,5–1,0.5,ptBenfica,70000,Allianz Arena,Daniele Orsato,Match Report,,Bayern Munich,Benfica,5,1,0,0,0,,,,
Group stage,5,Wed,28-11-2018,18:55,Atlético Madrides,0.9,2–0,1.3,frMonaco,56314,Estadio Wanda Metropolitano,Mattias Gestranius,Match Report,,Atlético Madrid,Monaco,2,0,0,0,0,,,,
Group stage,5,Wed,28-11-2018,20:00,Tottenhameng,1.3,1–0,1,itInter,57132,Wembley Stadium,Baris Şimşek,Match Report,,Tottenham,Inter,1,0,0,0,0,,,,
Group stage,5,Wed,28-11-2018,20:00,Portopt,1.6,3–1,0.9,deSchalke 04,41603,Estádio Do Dragão,Ovidiu Hațegan,Match Report,,Porto,Schalke 04,3,1,0,0,0,,,,
Group stage,5,Wed,28-11-2018,20:55,Loko Moscowru,1.4,2–0,1.3,trGalatasaray,14037,RZD Arena,Antonio Matéu Lahoz,Match Report,,Loko Moscow,Galatasaray,2,0,0,0,0,,,,
Group stage,5,Wed,28-11-2018,21:00,Paris S-Gfr,1.5,2–1,1.3,engLiverpool,46880,Parc des Princes,Tomasz Musiał,Match Report,,Paris S-G,Liverpool,2,1,0,0,0,,,,
Group stage,5,Wed,28-11-2018,21:00,Dortmundde,1.2,0–0,0.3,beClub Brugge,66099,Signal Iduna Park,Gediminas Mažeika,Match Report,,Dortmund,Club Brugge,0,0,0,0,0,,,,
Group stage,5,Wed,28-11-2018,21:00,Napoliit,2.4,3–1,0.8,rsRed Star,44470,Stadio San Paolo,Ricardo de Burgos,Match Report,,Napoli,Red Star,3,1,0,0,0,,,,
Group stage,5,Wed,28-11-2018,21:00,PSV Eindhovennl,3,1–2,2.4,esBarcelona,34600,Philips Stadion,Miroslav Zelinka,Match Report,,PSV Eindhoven,Barcelona,1,2,0,0,0,,,,
,,,,,,,,,,,,,,,#VALUE!,,,,,,,,,,
Group stage,6,Tue,11-12-2018,18:55,Schalke 04de,2.1,1–0,0.7,ruLoko Moscow,48883,Veltins-Arena,Tasos Sidiropoulos,Match Report,,Schalke 04,Loko Moscow,1,0,0,0,0,,,,
Group stage,6,Tue,11-12-2018,20:00,Liverpooleng,3,1–0,1.2,itNapoli,52015,Anfield,Damir Skomina,Match Report,,Liverpool,Napoli,1,0,0,0,0,,,,
Group stage,6,Tue,11-12-2018,20:55,Galatasaraytr,3.9,2–3,1.7,ptPorto,33972,Türk Telekom Arena,Aliaksei Kulbakou,Match Report,,Galatasaray,Porto,2,3,0,0,0,,,,
Group stage,6,Tue,11-12-2018,21:00,Red Starrs,0.4,1–4,2.9,frParis S-G,48357,Stadion Rajko Mitić,William Collum,Match Report,,Red Star,Paris S-G,1,4,0,0,0,,,,
Group stage,6,Tue,11-12-2018,21:00,Monacofr,0.6,0–2,2.6,deDortmund,8731,Stade Louis II.,Craig Pawson,Match Report,,Monaco,Dortmund,0,2,0,0,0,,,,
Group stage,6,Tue,11-12-2018,21:00,Club Bruggebe,0.6,0–0,0.4,esAtlético Madrid,25645,Jan Breydelstadion,Davide Massa,Match Report,,Club Brugge,Atlético Madrid,0,0,0,0,0,,,,
Group stage,6,Tue,11-12-2018,21:00,Barcelonaes,1.3,1–1,2.4,engTottenham,69961,Camp Nou,Milorad Mažić,Match Report,,Barcelona,Tottenham,1,1,0,0,0,,,,
Group stage,6,Tue,11-12-2018,21:00,Interit,1.9,1–1,1.2,nlPSV Eindhoven,62533,Stadio Giuseppe Meazza,Felix Zwayer,Match Report,,Inter,PSV Eindhoven,1,1,0,0,0,,,,
Group stage,6,Wed,12-12-2018,18:55,Viktoria Plzeňcz,2,2–1,1.1,itRoma,11217,Doosan Arena,Anthony Taylor,Match Report,,Viktoria Plzeň,Roma,2,1,0,0,0,,,,
Group stage,6,Wed,12-12-2018,18:55,Real Madrides,1.3,0–3,0.9,ruCSKA Moscow,51636,Estadio Santiago Bernabéu,Hugo Miguel,Match Report,,Real Madrid,CSKA Moscow,0,3,0,0,0,,,,
Group stage,6,Wed,12-12-2018,20:00,Manchester Cityeng,3.4,2–1,1.4,deHoffenheim,50411,Etihad Stadium,Andreas Ekberg,Match Report,,Manchester City,Hoffenheim,2,1,0,0,0,,,,
Group stage,6,Wed,12-12-2018,20:00,Benficapt,1.8,1–0,0.4,grAEK Athens,33633,Estádio do Sport Lisboa e Benfica,Bobby Madden,Match Report,,Benfica,AEK Athens,1,0,0,0,0,,,,
Group stage,6,Wed,12-12-2018,21:00,Valenciaes,1.4,2–1,1.8,engManchester Utd,36544,Estadio de Mestalla,Georgi Kabakov,Match Report,,Valencia,Manchester Utd,2,1,0,0,0,,,,
Group stage,6,Wed,12-12-2018,21:00,Young Boysch,1.2,2–1,2.1,itJuventus,30114,Stade de Suisse Wankdorf Bern,Tobias Stieler,Match Report,,Young Boys,Juventus,2,1,0,0,0,,,,
Group stage,6,Wed,12-12-2018,21:00,Ajaxnl,3,3–3,3.1,deBayern Munich,52244,Johan Cruyff ArenA,Clément Turpin,Match Report,,Ajax,Bayern Munich,3,3,0,0,0,,,,
Group stage,6,Wed,12-12-2018,22:00,Shakhtarua,1.1,1–1,1.3,frLyon,38916,NSK Olimpijs'kyj,Björn Kuipers,Match Report,,Shakhtar,Lyon,1,1,0,0,0,,,,
,,,,,,,,,,,,,,,#VALUE!,,,,,,,,,,
Round of 16,,Tue,12-02-2019,20:00,Manchester Utdeng,0.4,0–2,2.5,frParis S-G,74054,Old Trafford,Daniele Orsato,Match Report,Leg 1 of 2,Manchester Utd,Paris S-G,0,2,1,0,0,#VALUE!,#VALUE!,#VALUE!,#VALUE!
Round of 16,,Tue,12-02-2019,21:00,Romait,1.5,2–1,0.6,ptPorto,51727,Stadio Olimpico,Jochem Kamphuis,Match Report,Leg 1 of 2,Roma,Porto,2,1,1,0,0,#VALUE!,#VALUE!,#VALUE!,#VALUE!
Round of 16,,Wed,13-02-2019,20:00,Tottenhameng,1.8,3–0,0.3,deDortmund,71214,Wembley Stadium,Antonio Matéu Lahoz,Match Report,Leg 1 of 2,Tottenham,Dortmund,3,0,1,0,0,#VALUE!,#VALUE!,#VALUE!,#VALUE!
Round of 16,,Wed,13-02-2019,21:00,Ajaxnl,2.2,1–2,1.5,esReal Madrid,52286,Johan Cruyff ArenA,Szymon Marciniak,Match Report,Leg 1 of 2,Ajax,Real Madrid,1,2,1,0,0,#VALUE!,#VALUE!,#VALUE!,#VALUE!
Round of 16,,Tue,19-02-2019,20:00,Liverpooleng,2.1,0–0,0.4,deBayern Munich,52250,Anfield,Gianluca Rocchi,Match Report,Leg 1 of 2,Liverpool,Bayern Munich,0,0,1,0,0,#VALUE!,#VALUE!,#VALUE!,#VALUE!
Round of 16,,Tue,19-02-2019,21:00,Lyonfr,0.3,0–0,2.1,esBarcelona,57889,Groupama Stadium,Cüneyt Çakιr,Match Report,Leg 1 of 2,Lyon,Barcelona,0,0,1,0,0,#VALUE!,#VALUE!,#VALUE!,#VALUE!
Round of 16,,Wed,20-02-2019,21:00,Schalke 04de,1.8,2–3,1.6,engManchester City,54417,Veltins-Arena,Alejandro Hernández,Match Report,Leg 1 of 2,Schalke 04,Manchester City,2,3,1,0,0,#VALUE!,#VALUE!,#VALUE!,#VALUE!
Round of 16,,Wed,20-02-2019,21:00,Atlético Madrides,1.4,2–0,0.7,itJuventus,67193,Estadio Wanda Metropolitano,Felix Zwayer,Match Report,Leg 1 of 2,Atlético Madrid,Juventus,2,0,1,0,0,#VALUE!,#VALUE!,#VALUE!,#VALUE!
Round of 16,,Tue,05-03-2019,21:00,Real Madrides,2.5,1–4,2.6,nlAjax,77013,Estadio Santiago Bernabéu,Felix Brych,Match Report,Leg 2 of 2; Ajax won,Real Madrid,Ajax,1,4,0,1,0,#VALUE!,#VALUE!,#VALUE!,#VALUE!
Round of 16,,Tue,05-03-2019,21:00,Dortmundde,1.4,0–1,1,engTottenham,66099,Signal Iduna Park,Danny Makkelie,Match Report,Leg 2 of 2; Tottenham won,Dortmund,Tottenham,0,1,0,1,0,#VALUE!,#VALUE!,#VALUE!,#VALUE!
Round of 16,,Wed,06-03-2019,20:00,Portopt,4.2,3–1,1.9,itRoma,49029,Estádio Do Dragão,Paweł Gil,Match Report,Leg 2 of 2; Porto won; Required Extra Time,Porto,Roma,3,1,0,1,1,#VALUE!,#VALUE!,#VALUE!,#VALUE!
Round of 16,,Wed,06-03-2019,21:00,Paris S-Gfr,1.4,1–3,2.1,engManchester Utd,47441,Parc des Princes,Damir Skomina,Match Report,Leg 2 of 2; Manchester Utd won,Paris S-G,Manchester Utd,1,3,0,1,0,#VALUE!,#VALUE!,#VALUE!,#VALUE!
Round of 16,,Tue,12-03-2019,20:00,Manchester Cityeng,3.7,7–0,0.1,deSchalke 04,51518,Etihad Stadium,Clément Turpin,Match Report,Leg 2 of 2; Manchester City won,Manchester City,Schalke 04,7,0,0,1,0,#VALUE!,#VALUE!,#VALUE!,#VALUE!
Round of 16,,Tue,12-03-2019,21:00,Juventusit,2.5,3–0,0.4,esAtlético Madrid,40884,Allianz Stadium,Björn Kuipers,Match Report,Leg 2 of 2; Juventus won,Juventus,Atlético Madrid,3,0,0,1,0,#VALUE!,#VALUE!,#VALUE!,#VALUE!
Round of 16,,Wed,13-03-2019,21:00,Barcelonaes,4.3,5–1,0.6,frLyon,92346,Camp Nou,Szymon Marciniak,Match Report,Leg 2 of 2; Barcelona won,Barcelona,Lyon,5,1,0,1,0,#VALUE!,#VALUE!,#VALUE!,#VALUE!
Round of 16,,Wed,13-03-2019,21:00,Bayern Munichde,0.3,1–3,1.1,engLiverpool,68145,Allianz Arena,Daniele Orsato,Match Report,Leg 2 of 2; Liverpool won,Bayern Munich,Liverpool,1,3,0,1,0,#VALUE!,#VALUE!,#VALUE!,#VALUE!
Quarter-finals,,Tue,09-04-2019,20:00,Liverpooleng,2.3,2–0,0.8,ptPorto,52465,Anfield,Antonio Matéu Lahoz,Match Report,Leg 1 of 2,Liverpool,Porto,2,0,1,0,0,#VALUE!,#VALUE!,#VALUE!,#VALUE!
Quarter-finals,,Tue,09-04-2019,20:00,Tottenhameng,0.9,1–0,1.3,engManchester City,60044,Tottenham Hotspur Stadium,Björn Kuipers,Match Report,Leg 1 of 2,Tottenham,Manchester City,1,0,1,0,0,#VALUE!,#VALUE!,#VALUE!,#VALUE!
Quarter-finals,,Wed,10-04-2019,20:00,Manchester Utdeng,0.5,0–1,1.1,esBarcelona,74093,Old Trafford,Gianluca Rocchi,Match Report,Leg 1 of 2,Manchester Utd,Barcelona,0,1,1,0,0,#VALUE!,#VALUE!,#VALUE!,#VALUE!
Quarter-finals,,Wed,10-04-2019,21:00,Ajaxnl,1.2,1–1,0.7,itJuventus,50390,Johan Cruyff ArenA,Carlos del Cerro,Match Report,Leg 1 of 2,Ajax,Juventus,1,1,1,0,0,#VALUE!,#VALUE!,#VALUE!,#VALUE!
Quarter-finals,,Tue,16-04-2019,21:00,Juventusit,0.8,1–2,2.2,nlAjax,41445,Allianz Stadium,Clément Turpin,Match Report,Leg 2 of 2; Ajax won,Juventus,Ajax,1,2,0,1,0,#VALUE!,#VALUE!,#VALUE!,#VALUE!
Quarter-finals,,Tue,16-04-2019,21:00,Barcelonaes,1.4,3–0,0.4,engManchester Utd,96708,Camp Nou,Felix Brych,Match Report,Leg 2 of 2; Barcelona won,Barcelona,Manchester Utd,3,0,0,1,0,#VALUE!,#VALUE!,#VALUE!,#VALUE!
Quarter-finals,,Wed,17-04-2019,20:00,Portopt,1,1–4,3.5,engLiverpool,49117,Estádio Do Dragão,Danny Makkelie,Match Report,Leg 2 of 2; Liverpool won,Porto,Liverpool,1,4,0,1,0,#VALUE!,#VALUE!,#VALUE!,#VALUE!
Quarter-finals,,Wed,17-04-2019,20:00,Manchester Cityeng,2.5,4–3,0.7,engTottenham,53348,Etihad Stadium,Cüneyt Çakιr,Match Report,Leg 2 of 2; Tottenham won,Manchester City,Tottenham,4,3,0,1,0,#VALUE!,#VALUE!,#VALUE!,#VALUE!
Semi-finals,,Tue,30-04-2019,20:00,Tottenhameng,0.6,0–1,1.3,nlAjax,60243,Tottenham Hotspur Stadium,Antonio Matéu Lahoz,Match Report,Leg 1 of 2,Tottenham,Ajax,0,1,1,0,0,#VALUE!,#VALUE!,#VALUE!,#VALUE!
Round,Wk,Day,Date,Time,Home,xG,Score,xG,Away,Attendance,Venue,Referee,Match Report,Notes,Ho,Away,Score,,0,0,0,#VALUE!,#VALUE!,#VALUE!,#VALUE!
Semi-finals,,Wed,01-05-2019,21:00,Barcelonaes,2.4,3–0,1.8,engLiverpool,98299,Camp Nou,Björn Kuipers,Match Report,Leg 1 of 2,Barcelona,Liverpool,3,0,1,0,0,#VALUE!,#VALUE!,#VALUE!,#VALUE!
Semi-finals,,Tue,07-05-2019,20:00,Liverpooleng,2.3,4–0,1.4,esBarcelona,55212,Anfield,Cüneyt Çakιr,Match Report,Leg 2 of 2; Liverpool won,Liverpool,Barcelona,4,0,0,1,0,#VALUE!,#VALUE!,#VALUE!,#VALUE!
Semi-finals,,Wed,08-05-2019,21:00,Ajaxnl,1.6,2–3,4.2,engTottenham,52641,Johan Cruyff ArenA,Felix Brych,Match Report,Leg 2 of 2; Tottenham won,Ajax,Tottenham,2,3,0,1,0,#VALUE!,#VALUE!,#VALUE!,#VALUE!
Final,,Sat,01-06-2019,21:00,Tottenhameng,0.8,0–2,1.3,engLiverpool,63272,Estadio Wanda Metropolitano,Damir Skomina,Match Report,,Tottenham,Liverpool,0,2,0,0,0,#VALUE!,#VALUE!,#VALUE!,#VALUE!