Round,Wk,Day,Date,Time,Home,xG,Score,xG,Away,Attendance,Venue,Referee,Match Report,Notes,Home_Clean,Away_Clean,Home_Score,Away_Score,Leg 1,Leg 2,Extra Time Required,Home_Score_2,Away_Score_2,Home_Pens,Away_Pens
Group stage,1,Tue,17-09-2019,18:55,Lyonfr,1.6,1–1,1,ruZenit,47201,Groupama Stadium,Michael Oliver,Match Report,,Lyon,Zenit,1,1,0,0,0,,,,
Group stage,1,Tue,17-09-2019,18:55,Interit,1.4,1–1,1,czSlavia Prague,50128,Stadio Giuseppe Meazza,Ruddy Buquet,Match Report,,Inter,Slavia Prague,1,1,0,0,0,,,,
Group stage,1,Tue,17-09-2019,20:00,Chelseaeng,2.8,0–1,1,esValencia,39469,Stamford Bridge,Cüneyt Çakιr,Match Report,,Chelsea,Valencia,0,1,0,0,0,,,,
Group stage,1,Tue,17-09-2019,20:00,Benficapt,1.8,1–2,1,deRB Leipzig,46460,Estádio do Sport Lisboa e Benfica,Tasos Sidiropoulos,Match Report,,Benfica,RB Leipzig,1,2,0,0,0,,,,
Group stage,1,Tue,17-09-2019,21:00,Dortmundde,3.4,0–0,0.4,esBarcelona,66099,Signal Iduna Park,Ovidiu Hațegan,Match Report,,Dortmund,Barcelona,0,0,0,0,0,,,,
Group stage,1,Tue,17-09-2019,21:00,RB Salzburgat,4.3,6–2,0.7,beGenk,29520,Red Bull Arena,Felix Zwayer,Match Report,,RB Salzburg,Genk,6,2,0,0,0,,,,
Group stage,1,Tue,17-09-2019,21:00,Ajaxnl,1.5,3–0,2,frLille,51441,Johan Cruyff ArenA,Srđan Jovanović,Match Report,,Ajax,Lille,3,0,0,0,0,,,,
Group stage,1,Tue,17-09-2019,21:00,Napoliit,1.8,2–0,0.7,engLiverpool,38878,Stadio San Paolo,Felix Brych,Match Report,,Napoli,Liverpool,2,0,0,0,0,,,,
Group stage,1,Wed,18-09-2019,18:55,Club Bruggebe,1.7,0–0,0.6,trGalatasaray,26616,Jan Breydelstadion,Slavko Vinčič,Match Report,,Club Brugge,Galatasaray,0,0,0,0,0,,,,
Group stage,1,Wed,18-09-2019,19:55,Olympiacosgr,1.7,2–2,1.7,engTottenham,31001,Stadio Georgios Karaiskáki,Gianluca Rocchi,Match Report,,Olympiacos,Tottenham,2,2,0,0,0,,,,
Group stage,1,Wed,18-09-2019,21:00,Atlético Madrides,2.3,2–2,1.1,itJuventus,66283,Estadio Wanda Metropolitano,Danny Makkelie,Match Report,,Atlético Madrid,Juventus,2,2,0,0,0,,,,
Group stage,1,Wed,18-09-2019,21:00,Paris S-Gfr,1.7,3–0,0.6,esReal Madrid,46361,Parc des Princes,Anthony Taylor,Match Report,,Paris S-G,Real Madrid,3,0,0,0,0,,,,
Group stage,1,Wed,18-09-2019,21:00,Bayern Munichde,4.3,3–0,0.3,rsRed Star,70000,Allianz Arena,Bobby Madden,Match Report,,Bayern Munich,Red Star,3,0,0,0,0,,,,
Group stage,1,Wed,18-09-2019,21:00,Dinamo Zagrebhr,2.7,4–0,1.8,itAtalanta,28863,Stadion Maksimir,Jesús Gil,Match Report,,Dinamo Zagreb,Atalanta,4,0,0,0,0,,,,
Group stage,1,Wed,18-09-2019,21:00,Leverkusende,1.5,1–2,0.9,ruLoko Moscow,26592,BayArena,Paweł Raczkowski,Match Report,,Leverkusen,Loko Moscow,1,2,0,0,0,,,,
Group stage,1,Wed,18-09-2019,22:00,Shakhtarua,0.9,0–3,2.5,engManchester City,36675,Oblasny SportKomplex Metalist,Artur Soares Dias,Match Report,,Shakhtar,Manchester City,0,3,0,0,0,,,,
,,,,,,,,,,,,,,,#VALUE!,,,,,,,,,,
Group stage,2,Tue,01-10-2019,18:55,Atalantait,2.5,1–2,1.5,uaShakhtar,26022,Stadio Giuseppe Meazza,Tobias Stieler,Match Report,,Atalanta,Shakhtar,1,2,0,0,0,,,,
Group stage,2,Tue,01-10-2019,18:55,Real Madrides,2.3,2–2,1.4,beClub Brugge,65112,Estadio Santiago Bernabéu,Georgi Kabakov,Match Report,,Real Madrid,Club Brugge,2,2,0,0,0,,,,
Group stage,2,Tue,01-10-2019,20:00,Manchester Cityeng,3.6,2–0,0.1,hrDinamo Zagreb,49046,Etihad Stadium,Serdar Gözübüyük,Match Report,,Manchester City,Dinamo Zagreb,2,0,0,0,0,,,,
Group stage,2,Tue,01-10-2019,20:00,Tottenhameng,1.9,2–7,1.3,deBayern Munich,60127,Tottenham Hotspur Stadium,Clément Turpin,Match Report,,Tottenham,Bayern Munich,2,7,0,0,0,,,,
Group stage,2,Tue,01-10-2019,21:00,Juventusit,1.2,3–0,0.5,deLeverkusen,34525,Allianz Stadium,William Collum,Match Report,,Juventus,Leverkusen,3,0,0,0,0,,,,
Group stage,2,Tue,01-10-2019,21:00,Red Starrs,1.3,3–1,0.9,grOlympiacos,43291,Stadion Rajko Mitić,Benoît Bastien,Match Report,,Red Star,Olympiacos,3,1,0,0,0,,,,
Group stage,2,Tue,01-10-2019,22:00,Loko Moscowru,1.1,0–2,2.9,esAtlético Madrid,27051,RZD Arena,Orel Grinfeeld,Match Report,,Loko Moscow,Atlético Madrid,0,2,0,0,0,,,,
Group stage,2,Tue,01-10-2019,22:00,Galatasaraytr,0.5,0–1,2.6,frParis S-G,46532,Türk Telekom Arena,Szymon Marciniak,Match Report,,Galatasaray,Paris S-G,0,1,0,0,0,,,,
Group stage,2,Wed,02-10-2019,18:55,Genkbe,0.7,0–0,3.2,itNapoli,19962,Luminus Arena,István Kovács,Match Report,,Genk,Napoli,0,0,0,0,0,,,,
Group stage,2,Wed,02-10-2019,18:55,Slavia Praguecz,1.4,0–2,0.8,deDortmund,19370,Sinobo Stadium,Björn Kuipers,Match Report,,Slavia Prague,Dortmund,0,2,0,0,0,,,,
Group stage,2,Wed,02-10-2019,20:00,Liverpooleng,2.5,4–3,1.6,atRB Salzburg,52243,Anfield,Andreas Ekberg,Match Report,,Liverpool,RB Salzburg,4,3,0,0,0,,,,
Group stage,2,Wed,02-10-2019,21:00,Barcelonaes,1.5,2–1,1.1,itInter,86141,Camp Nou,Damir Skomina,Match Report,,Barcelona,Inter,2,1,0,0,0,,,,
Group stage,2,Wed,02-10-2019,21:00,RB Leipzigde,1.9,0–2,1.5,frLyon,40194,Red Bull Arena,Antonio Matéu Lahoz,Match Report,,RB Leipzig,Lyon,0,2,0,0,0,,,,
Group stage,2,Wed,02-10-2019,21:00,Lillefr,0.6,1–2,1.4,engChelsea,48523,Stade Pierre-Mauroy,Aliaksei Kulbakou,Match Report,,Lille,Chelsea,1,2,0,0,0,,,,
Group stage,2,Wed,02-10-2019,21:00,Valenciaes,2,0–3,1.7,nlAjax,44659,Estadio de Mestalla,Daniele Orsato,Match Report,,Valencia,Ajax,0,3,0,0,0,,,,
Group stage,2,Wed,02-10-2019,22:00,Zenitru,2.1,3–1,1.2,ptBenfica,51683,Gazprom Arena,Carlos del Cerro,Match Report,,Zenit,Benfica,3,1,0,0,0,,,,
,,,,,,,,,,,,,,,#VALUE!,,,,,,,,,,
Group stage,3,Tue,22-10-2019,18:55,Atlético Madrides,0.8,1–0,0.5,deLeverkusen,56776,Estadio Wanda Metropolitano,Artur Soares Dias,Match Report,,Atlético Madrid,Leverkusen,1,0,0,0,0,,,,
Group stage,3,Tue,22-10-2019,19:55,Shakhtarua,1.5,2–2,2.1,hrDinamo Zagreb,21526,Oblasny SportKomplex Metalist,Antonio Matéu Lahoz,Match Report,,Shakhtar,Dinamo Zagreb,2,2,0,0,0,,,,
Group stage,3,Tue,22-10-2019,20:00,Tottenhameng,3.7,5–0,0.6,rsRed Star,51743,Tottenham Hotspur Stadium,Marco Guida,Match Report,,Tottenham,Red Star,5,0,0,0,0,,,,
Group stage,3,Tue,22-10-2019,20:00,Manchester Cityeng,4.2,5–1,1.8,itAtalanta,49308,Etihad Stadium,Orel Grinfeeld,Match Report,,Manchester City,Atalanta,5,1,0,0,0,,,,
Group stage,3,Tue,22-10-2019,21:00,Club Bruggebe,0.3,0–5,3.5,frParis S-G,26946,Jan Breydelstadion,Daniel Siebert,Match Report,,Club Brugge,Paris S-G,0,5,0,0,0,,,,
Group stage,3,Tue,22-10-2019,21:00,Juventusit,2.4,2–1,0.7,ruLoko Moscow,38547,Allianz Stadium,Tasos Sidiropoulos,Match Report,,Juventus,Loko Moscow,2,1,0,0,0,,,,
Group stage,3,Tue,22-10-2019,22:00,Olympiacosgr,0.5,2–3,2.6,deBayern Munich,31670,Stadio Georgios Karaiskáki,Danny Makkelie,Match Report,,Olympiacos,Bayern Munich,2,3,0,0,0,,,,
Group stage,3,Tue,22-10-2019,22:00,Galatasaraytr,1.2,0–1,2.4,esReal Madrid,48886,Türk Telekom Arena,Daniele Orsato,Match Report,,Galatasaray,Real Madrid,0,1,0,0,0,,,,
Group stage,3,Wed,23-10-2019,18:55,RB Leipzigde,2.2,2–1,0.7,ruZenit,41058,Red Bull Arena,Ali Palabıyık,Match Report,,RB Leipzig,Zenit,2,1,0,0,0,,,,
Group stage,3,Wed,23-10-2019,18:55,Ajaxnl,0.5,0–1,1.6,engChelsea,52482,Johan Cruyff ArenA,Ovidiu Hațegan,Match Report,,Ajax,Chelsea,0,1,0,0,0,,,,
Group stage,3,Wed,23-10-2019,20:00,Benficapt,0.5,2–1,1.5,frLyon,53035,Estádio do Sport Lisboa e Benfica,Ivan Kružliak,Match Report,,Benfica,Lyon,2,1,0,0,0,,,,
Group stage,3,Wed,23-10-2019,21:00,Interit,2.1,2–0,0.4,deDortmund,65673,Stadio Giuseppe Meazza,Anthony Taylor,Match Report,,Inter,Dortmund,2,0,0,0,0,,,,
Group stage,3,Wed,23-10-2019,21:00,RB Salzburgat,2.7,2–3,0.9,itNapoli,29520,Red Bull Arena,Clément Turpin,Match Report,,RB Salzburg,Napoli,2,3,0,0,0,,,,
Group stage,3,Wed,23-10-2019,21:00,Lillefr,1.9,1–1,0.6,esValencia,47488,Stade Pierre-Mauroy,Deniz Aytekin,Match Report,,Lille,Valencia,1,1,0,0,0,,,,
Group stage,3,Wed,23-10-2019,21:00,Genkbe,1.3,1–4,2.5,engLiverpool,19626,Luminus Arena,Slavko Vinčič,Match Report,,Genk,Liverpool,1,4,0,0,0,,,,
Group stage,3,Wed,23-10-2019,21:00,Slavia Praguecz,1.5,1–2,2.5,esBarcelona,19170,Sinobo Stadium,Bobby Madden,Match Report,,Slavia Prague,Barcelona,1,2,0,0,0,,,,
,,,,,,,,,,,,,,,#VALUE!,,,,,,,,,,
Group stage,4,Tue,05-11-2019,18:55,Barcelonaes,2.3,0–0,0.3,czSlavia Prague,67023,Camp Nou,Michael Oliver,Match Report,,Barcelona,Slavia Prague,0,0,0,0,0,,,,
Group stage,4,Tue,05-11-2019,20:00,Liverpooleng,2.3,2–1,0.7,beGenk,52611,Anfield,Ivan Kružliak,Match Report,,Liverpool,Genk,2,1,0,0,0,,,,
Group stage,4,Tue,05-11-2019,20:00,Chelseaeng,4.8,4–4,1,nlAjax,39132,Stamford Bridge,Gianluca Rocchi,Match Report,,Chelsea,Ajax,4,4,0,0,0,,,,
Group stage,4,Tue,05-11-2019,20:55,Zenitru,1.2,0–2,1.4,deRB Leipzig,50452,Gazprom Arena,Orel Grinfeeld,Match Report,,Zenit,RB Leipzig,0,2,0,0,0,,,,
Group stage,4,Tue,05-11-2019,21:00,Valenciaes,2.3,4–1,1.5,frLille,38252,Estadio de Mestalla,Sergey Karasev,Match Report,,Valencia,Lille,4,1,0,0,0,,,,
Group stage,4,Tue,05-11-2019,21:00,Napoliit,2.7,1–1,1.5,atRB Salzburg,32862,Stadio San Paolo,Szymon Marciniak,Match Report,,Napoli,RB Salzburg,1,1,0,0,0,,,,
Group stage,4,Tue,05-11-2019,21:00,Dortmundde,3.5,3–2,1.4,itInter,66099,Signal Iduna Park,Danny Makkelie,Match Report,,Dortmund,Inter,3,2,0,0,0,,,,
Group stage,4,Tue,05-11-2019,21:00,Lyonfr,1.4,3–1,1.3,ptBenfica,51077,Groupama Stadium,Björn Kuipers,Match Report,,Lyon,Benfica,3,1,0,0,0,,,,
Group stage,4,Wed,06-11-2019,18:55,Bayern Munichde,3.3,2–0,0.2,grOlympiacos,63646,Allianz Arena,Paweł Raczkowski,Match Report,,Bayern Munich,Olympiacos,2,0,0,0,0,,,,
Group stage,4,Wed,06-11-2019,20:55,Loko Moscowru,2.4,1–2,2.4,itJuventus,26862,RZD Arena,Ruddy Buquet,Match Report,,Loko Moscow,Juventus,1,2,0,0,0,,,,
Group stage,4,Wed,06-11-2019,21:00,Atalantait,0.7,1–1,2,engManchester City,34326,Stadio Giuseppe Meazza,Aliaksei Kulbakou,Match Report,,Atalanta,Manchester City,1,1,0,0,0,,,,
Group stage,4,Wed,06-11-2019,21:00,Leverkusende,1.3,2–1,2,esAtlético Madrid,28160,BayArena,Damir Skomina,Match Report,,Leverkusen,Atlético Madrid,2,1,0,0,0,,,,
Group stage,4,Wed,06-11-2019,21:00,Paris S-Gfr,1.9,1–0,1.8,beClub Brugge,47418,Parc des Princes,Bobby Madden,Match Report,,Paris S-G,Club Brugge,1,0,0,0,0,,,,
Group stage,4,Wed,06-11-2019,21:00,Real Madrides,4.2,6–0,0.6,trGalatasaray,65492,Estadio Santiago Bernabéu,Felix Zwayer,Match Report,,Real Madrid,Galatasaray,6,0,0,0,0,,,,
Group stage,4,Wed,06-11-2019,21:00,Red Starrs,0.5,0–4,2.5,engTottenham,42381,Stadion Rajko Mitić,Carlos del Cerro,Match Report,,Red Star,Tottenham,0,4,0,0,0,,,,
Group stage,4,Wed,06-11-2019,21:00,Dinamo Zagrebhr,2,3–3,2.7,uaShakhtar,28316,Stadion Maksimir,Felix Brych,Match Report,,Dinamo Zagreb,Shakhtar,3,3,0,0,0,,,,
,,,,,,,,,,,,,,,#VALUE!,,,,,,,,,,
Group stage,5,Tue,26-11-2019,20:00,Manchester Cityeng,1.2,1–1,1,uaShakhtar,52020,Etihad Stadium,Slavko Vinčič,Match Report,,Manchester City,Shakhtar,1,1,0,0,0,,,,
Group stage,5,Tue,26-11-2019,20:00,Tottenhameng,2.2,4–2,1.2,grOlympiacos,57024,Tottenham Hotspur Stadium,Georgi Kabakov,Match Report,,Tottenham,Olympiacos,4,2,0,0,0,,,,
Group stage,5,Tue,26-11-2019,20:55,Galatasaraytr,0.9,1–1,1.1,beClub Brugge,34500,Türk Telekom Arena,Ivan Kružliak,Match Report,,Galatasaray,Club Brugge,1,1,0,0,0,,,,
Group stage,5,Tue,26-11-2019,20:55,Loko Moscowru,1,0–2,0.7,deLeverkusen,25757,RZD Arena,Michael Oliver,Match Report,,Loko Moscow,Leverkusen,0,2,0,0,0,,,,
Group stage,5,Tue,26-11-2019,21:00,Real Madrides,3.9,2–2,2.4,frParis S-G,75534,Estadio Santiago Bernabéu,Artur Soares Dias,Match Report,,Real Madrid,Paris S-G,2,2,0,0,0,,,,
Group stage,5,Tue,26-11-2019,21:00,Red Starrs,0.2,0–6,4.9,deBayern Munich,44118,Stadion Rajko Mitić,Björn Kuipers,Match Report,,Red Star,Bayern Munich,0,6,0,0,0,,,,
Group stage,5,Tue,26-11-2019,21:00,Juventusit,0.4,1–0,0.7,esAtlético Madrid,40486,Allianz Stadium,Anthony Taylor,Match Report,,Juventus,Atlético Madrid,1,0,0,0,0,,,,
Group stage,5,Tue,26-11-2019,21:00,Atalantait,3,2–0,0.3,hrDinamo Zagreb,26496,Stadio Giuseppe Meazza,Sergey Karasev,Match Report,,Atalanta,Dinamo Zagreb,2,0,0,0,0,,,,
Group stage,5,Wed,27-11-2019,18:55,Valenciaes,3.1,2–2,2.1,engChelsea,43486,Estadio de Mestalla,Felix Zwayer,Match Report,,Valencia,Chelsea,2,2,0,0,0,,,,
Group stage,5,Wed,27-11-2019,20:00,Liverpooleng,0.8,1–1,0.5,itNapoli,52128,Anfield,Carlos del Cerro,Match Report,,Liverpool,Napoli,1,1,0,0,0,,,,
Group stage,5,Wed,27-11-2019,20:55,Zenitru,0.9,2–0,0.6,frLyon,51183,Gazprom Arena,Daniele Orsato,Match Report,,Zenit,Lyon,2,0,0,0,0,,,,
Group stage,5,Wed,27-11-2019,21:00,Slavia Praguecz,2.4,1–3,2.3,itInter,19370,Sinobo Stadium,Szymon Marciniak,Match Report,,Slavia Prague,Inter,1,3,0,0,0,,,,
Group stage,5,Wed,27-11-2019,21:00,Genkbe,1.6,1–4,3,atRB Salzburg,17284,Luminus Arena,Mattias Gestranius,Match Report,,Genk,RB Salzburg,1,4,0,0,0,,,,
Group stage,5,Wed,27-11-2019,21:00,Lillefr,2.4,0–2,1.6,nlAjax,48612,Stade Pierre-Mauroy,Felix Brych,Match Report,,Lille,Ajax,0,2,0,0,0,,,,
Group stage,5,Wed,27-11-2019,21:00,RB Leipzigde,3.2,2–2,0.9,ptBenfica,38339,Red Bull Arena,Jesús Gil,Match Report,,RB Leipzig,Benfica,2,2,0,0,0,,,,
Group stage,5,Wed,27-11-2019,21:00,Barcelonaes,2.4,3–1,1.6,deDortmund,90071,Camp Nou,Clément Turpin,Match Report,,Barcelona,Dortmund,3,1,0,0,0,,,,
,,,,,,,,,,,,,,,#VALUE!,,,,,,,,,,
Group stage,6,Tue,10-12-2019,18:55,Napoliit,3,4–0,1.8,beGenk,22265,Stadio San Paolo,Cüneyt Çakιr,Match Report,,Napoli,Genk,4,0,0,0,0,,,,
Group stage,6,Tue,10-12-2019,18:55,RB Salzburgat,0.7,0–2,3.4,engLiverpool,29520,Red Bull Arena,Danny Makkelie,Match Report,,RB Salzburg,Liverpool,0,2,0,0,0,,,,
Group stage,6,Tue,10-12-2019,20:00,Benficapt,2.4,3–0,0.1,ruZenit,40232,Estádio do Sport Lisboa e Benfica,Antonio Matéu Lahoz,Match Report,,Benfica,Zenit,3,0,0,0,0,,,,
Group stage,6,Tue,10-12-2019,20:00,Chelseaeng,2.7,2–1,0.3,frLille,40016,Stamford Bridge,Anastasios Sidiropoulos,Match Report,,Chelsea,Lille,2,1,0,0,0,,,,
Group stage,6,Tue,10-12-2019,21:00,Interit,1.7,1–2,1.5,esBarcelona,71818,Stadio Giuseppe Meazza,Björn Kuipers,Match Report,,Inter,Barcelona,1,2,0,0,0,,,,
Group stage,6,Tue,10-12-2019,21:00,Lyonfr,1.1,2–2,3.4,deRB Leipzig,53288,Groupama Stadium,Anthony Taylor,Match Report,,Lyon,RB Leipzig,2,2,0,0,0,,,,
Group stage,6,Tue,10-12-2019,21:00,Ajaxnl,1.2,0–1,1.1,esValencia,51931,Johan Cruyff ArenA,Clément Turpin,Match Report,,Ajax,Valencia,0,1,0,0,0,,,,
Group stage,6,Tue,10-12-2019,21:00,Dortmundde,2.9,2–1,2.8,czSlavia Prague,65079,Signal Iduna Park,Sergey Karasev,Match Report,,Dortmund,Slavia Prague,2,1,0,0,0,,,,
Group stage,6,Wed,11-12-2019,18:55,Dinamo Zagrebhr,0.4,1–4,3.6,engManchester City,29385,Stadion Maksimir,Carlos del Cerro,Match Report,,Dinamo Zagreb,Manchester City,1,4,0,0,0,,,,
Group stage,6,Wed,11-12-2019,19:55,Shakhtarua,0.6,0–3,2.9,itAtalanta,26536,Oblasny SportKomplex Metalist,Felix Zwayer,Match Report,,Shakhtar,Atalanta,0,3,0,0,0,,,,
Group stage,6,Wed,11-12-2019,21:00,Paris S-Gfr,4.4,5–0,0.3,trGalatasaray,46509,Parc des Princes,István Kovács,Match Report,,Paris S-G,Galatasaray,5,0,0,0,0,,,,
Group stage,6,Wed,11-12-2019,21:00,Bayern Munichde,2.9,3–1,1,engTottenham,66353,Allianz Arena,Gianluca Rocchi,Match Report,,Bayern Munich,Tottenham,3,1,0,0,0,,,,
Group stage,6,Wed,11-12-2019,21:00,Atlético Madrides,3.2,2–0,0.1,ruLoko Moscow,58426,Estadio Wanda Metropolitano,Viktor Kassai,Match Report,,Atlético Madrid,Loko Moscow,2,0,0,0,0,,,,
Group stage,6,Wed,11-12-2019,21:00,Leverkusende,2.2,0–2,0.9,itJuventus,29542,BayArena,Benoît Bastien,Match Report,,Leverkusen,Juventus,0,2,0,0,0,,,,
Group stage,6,Wed,11-12-2019,21:00,Club Bruggebe,1,1–3,1.2,esReal Madrid,27308,Jan Breydelstadion,Tobias Stieler,Match Report,,Club Brugge,Real Madrid,1,3,0,0,0,,,,
Group stage,6,Wed,11-12-2019,22:00,Olympiacosgr,3.5,1–0,1.2,rsRed Star,31898,Stadio Georgios Karaiskáki,Daniele Orsato,Match Report,,Olympiacos,Red Star,1,0,0,0,0,,,,
,,,,,,,,,,,,,,,#VALUE!,,,,,,,,,,
Round of 16,,Tue,18-02-2020,21:00,Dortmundde,1.3,2–1,1.5,frParis S-G,66099,Signal Iduna Park,Antonio Matéu Lahoz,Match Report,Leg 1 of 2,Dortmund,Paris S-G,2,1,1,0,0,#VALUE!,#VALUE!,#VALUE!,#VALUE!
Round of 16,,Tue,18-02-2020,21:00,Atlético Madrides,1.2,1–0,0.5,engLiverpool,67443,Estadio Wanda Metropolitano,Szymon Marciniak,Match Report,Leg 1 of 2,Atlético Madrid,Liverpool,1,0,1,0,0,#VALUE!,#VALUE!,#VALUE!,#VALUE!
Round of 16,,Wed,19-02-2020,20:00,Tottenhameng,1.1,0–1,2.1,deRB Leipzig,60095,Tottenham Hotspur Stadium,Cüneyt Çakιr,Match Report,Leg 1 of 2,Tottenham,RB Leipzig,0,1,1,0,0,#VALUE!,#VALUE!,#VALUE!,#VALUE!
Round of 16,,Wed,19-02-2020,21:00,Atalantait,1.8,4–1,2.5,esValencia,44236,Stadio Giuseppe Meazza,Michael Oliver,Match Report,Leg 1 of 2,Atalanta,Valencia,4,1,1,0,0,#VALUE!,#VALUE!,#VALUE!,#VALUE!
Round of 16,,Tue,25-02-2020,20:00,Chelseaeng,1.1,0–3,3.4,deBayern Munich,36761,Stamford Bridge,Clément Turpin,Match Report,Leg 1 of 2,Chelsea,Bayern Munich,0,3,1,0,0,#VALUE!,#VALUE!,#VALUE!,#VALUE!
Round of 16,,Tue,25-02-2020,21:00,Napoliit,0.7,1–1,1.6,esBarcelona,44388,Stadio San Paolo,Felix Brych,Match Report,Leg 1 of 2,Napoli,Barcelona,1,1,1,0,0,#VALUE!,#VALUE!,#VALUE!,#VALUE!
Round of 16,,Wed,26-02-2020,21:00,Real Madrides,1.2,1–2,3.2,engManchester City,75615,Estadio Santiago Bernabéu,Daniele Orsato,Match Report,Leg 1 of 2,Real Madrid,Manchester City,1,2,1,0,0,#VALUE!,#VALUE!,#VALUE!,#VALUE!
Round of 16,,Wed,26-02-2020,21:00,Lyonfr,1.1,1–0,1.1,itJuventus,57335,Groupama Stadium,Jesús Gil,Match Report,Leg 1 of 2,Lyon,Juventus,1,0,1,0,0,#VALUE!,#VALUE!,#VALUE!,#VALUE!
Round of 16,,Tue,10-03-2020,21:00,Valenciaes,2.2,3–4,2.7,itAtalanta,,Estadio de Mestalla,Ovidiu Hațegan,Match Report,Leg 2 of 2; Atalanta won,Valencia,Atalanta,3,4,0,1,0,#VALUE!,#VALUE!,#VALUE!,#VALUE!
Round of 16,,Tue,10-03-2020,21:00,RB Leipzigde,0.9,3–0,0.3,engTottenham,42146,Red Bull Arena,Carlos del Cerro,Match Report,Leg 2 of 2; RB Leipzig won,RB Leipzig,Tottenham,3,0,0,1,0,#VALUE!,#VALUE!,#VALUE!,#VALUE!
Round of 16,,Wed,11-03-2020,20:00,Liverpooleng,3.4,2–3,1.1,esAtlético Madrid,52267,Anfield,Danny Makkelie,Match Report,Leg 2 of 2; Atlético Madrid won; Required Extra Time,Liverpool,Atlético Madrid,2,3,0,1,1,#VALUE!,#VALUE!,#VALUE!,#VALUE!
Round of 16,,Wed,11-03-2020,21:00,Paris S-Gfr,1.2,2–0,0.5,deDortmund,,Parc des Princes,Anthony Taylor,Match Report,Leg 2 of 2; Paris S-G won,Paris S-G,Dortmund,2,0,0,1,0,#VALUE!,#VALUE!,#VALUE!,#VALUE!
Round of 16,,Fri,07-08-2020,20:00,Manchester Cityeng,2.1,2–1,0.8,esReal Madrid,,Etihad Stadium,Felix Brych,Match Report,Leg 2 of 2; Manchester City won,Manchester City,Real Madrid,2,1,0,1,0,#VALUE!,#VALUE!,#VALUE!,#VALUE!
Round of 16,,Fri,07-08-2020,21:00,Juventusit,2.6,2–1,1,frLyon,,Allianz Stadium,Felix Zwayer,Match Report,Leg 2 of 2; Lyon won,Juventus,Lyon,2,1,0,1,0,#VALUE!,#VALUE!,#VALUE!,#VALUE!
Round of 16,,Sat,08-08-2020,21:00,Barcelonaes,1.1,3–1,2.2,itNapoli,,Camp Nou,Cüneyt Çakιr,Match Report,Leg 2 of 2; Barcelona won,Barcelona,Napoli,3,1,0,1,0,#VALUE!,#VALUE!,#VALUE!,#VALUE!
Round of 16,,Sat,08-08-2020,21:00,Bayern Munichde,2.9,4–1,1,engChelsea,,Allianz Arena,Ovidiu Hațegan,Match Report,Leg 2 of 2; Bayern Munich won,Bayern Munich,Chelsea,4,1,0,1,0,#VALUE!,#VALUE!,#VALUE!,#VALUE!
Quarter-finals,,Wed,12-08-2020,21:00,Atalantait,0.5,1–2,2.8,frParis S-G,,Estádio do Sport Lisboa e Benfica (Neutral Site),Anthony Taylor,Match Report,,Atalanta,Paris S-G,1,2,0,0,0,#VALUE!,#VALUE!,#VALUE!,#VALUE!
Quarter-finals,,Thu,13-08-2020,21:00,RB Leipzigde,0.9,2–1,1.1,esAtlético Madrid,,Estádio José Alvalade (Neutral Site),Szymon Marciniak,Match Report,,RB Leipzig,Atlético Madrid,2,1,0,0,0,#VALUE!,#VALUE!,#VALUE!,#VALUE!
Quarter-finals,,Fri,14-08-2020,20:00,Barcelonaes,1.1,2–8,5.3,deBayern Munich,,Estádio do Sport Lisboa e Benfica (Neutral Site),Damir Skomina,Match Report,,Barcelona,Bayern Munich,2,8,0,0,0,#VALUE!,#VALUE!,#VALUE!,#VALUE!
Quarter-finals,,Sat,15-08-2020,20:00,Manchester Cityeng,2.5,1–3,1,frLyon,,Estádio José Alvalade (Neutral Site),Danny Makkelie,Match Report,,Manchester City,Lyon,1,3,0,0,0,#VALUE!,#VALUE!,#VALUE!,#VALUE!
Semi-finals,,Tue,18-08-2020,20:00,RB Leipzigde,1,0–3,3.2,frParis S-G,,Estádio do Sport Lisboa e Benfica,Björn Kuipers,Match Report,,RB Leipzig,Paris S-G,0,3,0,0,0,#VALUE!,#VALUE!,#VALUE!,#VALUE!
Semi-finals,,Wed,19-08-2020,20:00,Lyonfr,1.8,0–3,3.2,deBayern Munich,,Estádio José Alvalade,Antonio Matéu Lahoz,Match Report,,Lyon,Bayern Munich,0,3,0,0,0,#VALUE!,#VALUE!,#VALUE!,#VALUE!
Final,,Sun,23-08-2020,20:00,Paris S-Gfr,1.1,0–1,1.5,deBayern Munich,,Estádio do Sport Lisboa e Benfica,Daniele Orsato,Match Report,,Paris S-G,Bayern Munich,0,1,0,0,0,#VALUE!,#VALUE!,#VALUE!,#VALUE!
,,,,,,,,,,,,,,,#VALUE!,,#VALUE!,,0,0,0,#VALUE!,#VALUE!,#VALUE!,#VALUE!
,,,,,,,,,,,,,,,#VALUE!,,#VALUE!,,0,0,0,#VALUE!,#VALUE!,#VALUE!,#VALUE!
,,,,,,,,,,,,,,,#VALUE!,,#VALUE!,,0,0,0,#VALUE!,#VALUE!,#VALUE!,#VALUE!
,,,,,,,,,,,,,,,#VALUE!,,#VALUE!,,0,0,0,#VALUE!,#VALUE!,#VALUE!,#VALUE!
,,,,,,,,,,,,,,,#VALUE!,,#VALUE!,,0,0,0,#VALUE!,#VALUE!,#VALUE!,#VALUE!
,,,,,,,,,,,,,,,#VALUE!,,#VALUE!,,0,0,0,#VALUE!,#VALUE!,#VALUE!,#VALUE!
,,,,,,,,,,,,,,,#VALUE!,,#VALUE!,,0,0,0,#VALUE!,#VALUE!,#VALUE!,#VALUE!