Round,Wk,Day,Date,Time,Home,xG,Score,xG,Away,Attendance,Venue,Referee,Match Report,Notes,Home_Clean,Away_Clean,Home_Score,Away_Score,Leg 1,Leg 2,Extra Time Required,Home_Score_2,Away_Score_2,Home_Pens,Away_Pens
Group stage,1,Tue,20-10-2020,19:55,Zenitru,2.2,1–2,2,beClub Brugge,16682,Gazprom Arena,Benoît Bastien,Match Report,,Zenit,Club Brugge,1,2,0,0,0,,,,
Group stage,1,Tue,20-10-2020,19:55,Dynamo Kyivua,0.5,0–2,2,itJuventus,14850,NSK Olimpijs'kyj,Ovidiu Hațegan,Match Report,,Dynamo Kyiv,Juventus,0,2,0,0,0,,,,
Group stage,1,Tue,20-10-2020,20:00,Chelseaeng,0.4,0–0,0.2,esSevilla,,Stamford Bridge,Davide Massa,Match Report,,Chelsea,Sevilla,0,0,0,0,0,,,,
Group stage,1,Tue,20-10-2020,21:00,Barcelonaes,2.8,5–1,1.3,huFerencváros,,Camp Nou,Sandro Schärer,Match Report,,Barcelona,Ferencváros,5,1,0,0,0,,,,
Group stage,1,Tue,20-10-2020,21:00,RB Leipzigde,1,2–0,0.6,trBaşakşehir,999,Red Bull Arena,Jesús Gil,Match Report,,RB Leipzig,Başakşehir,2,0,0,0,0,,,,
Group stage,1,Tue,20-10-2020,21:00,Rennesfr,2.7,1–1,1.4,ruKrasnodar,4973,Roazhon Park,Anastasios Sidiropoulos,Match Report,,Rennes,Krasnodar,1,1,0,0,0,,,,
Group stage,1,Tue,20-10-2020,21:00,Paris S-Gfr,1.4,1–2,1.4,engManchester Utd,,Parc des Princes,Antonio Matéu Lahoz,Match Report,,Paris S-G,Manchester Utd,1,2,0,0,0,,,,
Group stage,1,Tue,20-10-2020,21:00,Lazioit,1.7,3–1,1.3,deDortmund,1000,Stadio Olimpico,Clément Turpin,Match Report,,Lazio,Dortmund,3,1,0,0,0,,,,
Group stage,1,Wed,21-10-2020,18:55,Real Madrides,1,2–3,1.7,uaShakhtar,,Estadio Alfredo Di Stéfano,Srđan Jovanović,Match Report,,Real Madrid,Shakhtar,2,3,0,0,0,,,,
Group stage,1,Wed,21-10-2020,18:55,RB Salzburgat,1.1,2–2,0.8,ruLoko Moscow,3000,Red Bull Arena,Serdar Gözübüyük,Match Report,,RB Salzburg,Loko Moscow,2,2,0,0,0,,,,
Group stage,1,Wed,21-10-2020,20:00,Manchester Cityeng,1.5,3–1,0.2,ptPorto,,Etihad Stadium,Andris Treimanis,Match Report,,Manchester City,Porto,3,1,0,0,0,,,,
Group stage,1,Wed,21-10-2020,21:00,Bayern Munichde,2.6,4–0,0.4,esAtlético Madrid,,Allianz Arena,Michael Oliver,Match Report,,Bayern Munich,Atlético Madrid,4,0,0,0,0,,,,
Group stage,1,Wed,21-10-2020,21:00,Interit,2.8,2–2,1.4,deM'Gladbach,1000,Stadio Giuseppe Meazza,Björn Kuipers,Match Report,,Inter,M'Gladbach,2,2,0,0,0,,,,
Group stage,1,Wed,21-10-2020,21:00,Ajaxnl,1.4,0–1,1.1,engLiverpool,,Johan Cruyff ArenA,Felix Brych,Match Report,,Ajax,Liverpool,0,1,0,0,0,,,,
Group stage,1,Wed,21-10-2020,21:00,Midtjyllanddk,0.8,0–4,2.5,itAtalanta,132,MCH Arena,Artur Soares Dias,Match Report,,Midtjylland,Atalanta,0,4,0,0,0,,,,
Group stage,1,Wed,21-10-2020,22:00,Olympiacosgr,1,1–0,0.9,frMarseille,,Stadio Georgios Karaiskáki,Daniele Orsato,Match Report,,Olympiacos,Marseille,1,0,0,0,0,,,,
,,,,,,,,,,,,,,,#VALUE!,,,,,,,,,,
Group stage,2,Tue,27-10-2020,19:55,Shakhtarua,0.1,0–0,1.7,itInter,10178,Oblasny SportKomplex Metalist,Georgi Kabakov,Match Report,,Shakhtar,Inter,0,0,0,0,0,,,,
Group stage,2,Tue,27-10-2020,20:00,Liverpooleng,2.2,2–0,1.2,dkMidtjylland,,Anfield,Paweł Raczkowski,Match Report,,Liverpool,Midtjylland,2,0,0,0,0,,,,
Group stage,2,Tue,27-10-2020,20:00,Portopt,1.4,2–0,1,grOlympiacos,2450,Estádio Do Dragão,Daniel Siebert,Match Report,,Porto,Olympiacos,2,0,0,0,0,,,,
Group stage,2,Tue,27-10-2020,20:55,Loko Moscowru,1.5,1–2,3.2,deBayern Munich,8196,RZD Arena,István Kovács,Match Report,,Loko Moscow,Bayern Munich,1,2,0,0,0,,,,
Group stage,2,Tue,27-10-2020,21:00,Marseillefr,0.1,0–3,1.9,engManchester City,,Orange Vélodrome,Tobias Stieler,Match Report,,Marseille,Manchester City,0,3,0,0,0,,,,
Group stage,2,Tue,27-10-2020,21:00,Atalantait,1.7,2–2,1.4,nlAjax,,Stadio Atleti Azzurri d'Italia,Damir Skomina,Match Report,,Atalanta,Ajax,2,2,0,0,0,,,,
Group stage,2,Tue,27-10-2020,21:00,Atlético Madrides,2.5,3–2,1.1,atRB Salzburg,,Estadio Wanda Metropolitano,Ovidiu Hațegan,Match Report,,Atlético Madrid,RB Salzburg,3,2,0,0,0,,,,
Group stage,2,Tue,27-10-2020,21:00,M'Gladbachde,1.6,2–2,2.6,esReal Madrid,,Stadion im Borussia-Park,Orel Grinfeeld,Match Report,,M'Gladbach,Real Madrid,2,2,0,0,0,,,,
Group stage,2,Wed,28-10-2020,20:00,Manchester Utdeng,3.2,5–0,0.5,deRB Leipzig,577,Old Trafford,Matej Jug,Match Report,,Manchester Utd,RB Leipzig,5,0,0,0,0,,,,
Group stage,2,Wed,28-10-2020,20:55,Krasnodarru,0.6,0–4,2.4,engChelsea,10544,Krasnodar Stadium,Ali Palabıyık,Match Report,,Krasnodar,Chelsea,0,4,0,0,0,,,,
Group stage,2,Wed,28-10-2020,20:55,Başakşehirtr,0.9,0–2,2.4,frParis S-G,350,Başakşehir Fatih Terim Stadium,Andreas Ekberg,Match Report,,Başakşehir,Paris S-G,0,2,0,0,0,,,,
Group stage,2,Wed,28-10-2020,21:00,Dortmundde,1.7,2–0,0.2,ruZenit,,Signal Iduna Park,Björn Kuipers,Match Report,,Dortmund,Zenit,2,0,0,0,0,,,,
Group stage,2,Wed,28-10-2020,21:00,Club Bruggebe,2.1,1–1,0.8,itLazio,,Jan Breydelstadion,Anthony Taylor,Match Report,,Club Brugge,Lazio,1,1,0,0,0,,,,
Group stage,2,Wed,28-10-2020,21:00,Sevillaes,2.6,1–0,0.1,frRennes,,Estadio Ramón Sánchez Pizjuán,Cüneyt Çakιr,Match Report,,Sevilla,Rennes,1,0,0,0,0,,,,
Group stage,2,Wed,28-10-2020,21:00,Ferencvároshu,1,2–2,1.6,uaDynamo Kyiv,6171,Groupama Arena,Ivan Kružliak,Match Report,,Ferencváros,Dynamo Kyiv,2,2,0,0,0,,,,
Group stage,2,Wed,28-10-2020,21:00,Juventusit,0.4,0–2,2.3,esBarcelona,,Allianz Stadium,Danny Makkelie,Match Report,,Juventus,Barcelona,0,2,0,0,0,,,,
,,,,,,,,,,,,,,,#VALUE!,,,,,,,,,,
Group stage,3,Tue,03-11-2020,19:55,Shakhtarua,0.4,0–6,2.3,deM'Gladbach,,Oblasny SportKomplex Metalist,Serdar Gözübüyük,Match Report,,Shakhtar,M'Gladbach,0,6,0,0,0,,,,
Group stage,3,Tue,03-11-2020,20:00,Portopt,2.4,3–0,1,frMarseille,,Estádio Do Dragão,Antonio Matéu Lahoz,Match Report,,Porto,Marseille,3,0,0,0,0,,,,
Group stage,3,Tue,03-11-2020,20:00,Manchester Cityeng,1.7,3–0,0.6,grOlympiacos,,Etihad Stadium,Carlos del Cerro,Match Report,,Manchester City,Olympiacos,3,0,0,0,0,,,,
Group stage,3,Tue,03-11-2020,20:55,Loko Moscowru,0.9,1–1,1,esAtlético Madrid,8147,RZD Arena,Benoît Bastien,Match Report,,Loko Moscow,Atlético Madrid,1,1,0,0,0,,,,
Group stage,3,Tue,03-11-2020,21:00,RB Salzburgat,1.8,2–6,2.9,deBayern Munich,,Red Bull Arena,Danny Makkelie,Match Report,,RB Salzburg,Bayern Munich,2,6,0,0,0,,,,
Group stage,3,Tue,03-11-2020,21:00,Midtjyllanddk,0.7,1–2,0.7,nlAjax,132,MCH Arena,Bobby Madden,Match Report,,Midtjylland,Ajax,1,2,0,0,0,,,,
Group stage,3,Tue,03-11-2020,21:00,Real Madrides,1.2,3–2,0.7,itInter,,Estadio Alfredo Di Stéfano,Clément Turpin,Match Report,,Real Madrid,Inter,3,2,0,0,0,,,,
Group stage,3,Tue,03-11-2020,21:00,Atalantait,1.2,0–5,2.5,engLiverpool,,Stadio Atleti Azzurri d'Italia,Ovidiu Hațegan,Match Report,,Atalanta,Liverpool,0,5,0,0,0,,,,
Group stage,3,Wed,04-11-2020,20:00,Chelseaeng,3.3,3–0,0.6,frRennes,,Stamford Bridge,Felix Zwayer,Match Report,,Chelsea,Rennes,3,0,0,0,0,,,,
Group stage,3,Wed,04-11-2020,20:55,Başakşehirtr,1,2–1,0.7,engManchester Utd,350,Başakşehir Fatih Terim Stadium,Davide Massa,Match Report,,Başakşehir,Manchester Utd,2,1,0,0,0,,,,
Group stage,3,Wed,04-11-2020,20:55,Zenitru,1.2,1–1,0.7,itLazio,17427,Gazprom Arena,Artur Soares Dias,Match Report,,Zenit,Lazio,1,1,0,0,0,,,,
Group stage,3,Wed,04-11-2020,21:00,Sevillaes,2,3–2,1.4,ruKrasnodar,,Estadio Ramón Sánchez Pizjuán,Felix Brych,Match Report,,Sevilla,Krasnodar,3,2,0,0,0,,,,
Group stage,3,Wed,04-11-2020,21:00,Club Bruggebe,1.2,0–3,1.8,deDortmund,,Jan Breydelstadion,Damir Skomina,Match Report,,Club Brugge,Dortmund,0,3,0,0,0,,,,
Group stage,3,Wed,04-11-2020,21:00,Ferencvároshu,1.5,1–4,2.7,itJuventus,18531,Puskás Aréna,Orel Grinfeeld,Match Report,,Ferencváros,Juventus,1,4,0,0,0,,,,
Group stage,3,Wed,04-11-2020,21:00,Barcelonaes,3.5,2–1,2.7,uaDynamo Kyiv,,Camp Nou,Michael Oliver,Match Report,,Barcelona,Dynamo Kyiv,2,1,0,0,0,,,,
Group stage,3,Wed,04-11-2020,21:00,RB Leipzigde,1.9,2–1,1.3,frParis S-G,,Red Bull Arena,Szymon Marciniak,Match Report,,RB Leipzig,Paris S-G,2,1,0,0,0,,,,
,,,,,,,,,,,,,,,#VALUE!,,,,,,,,,,
Group stage,4,Tue,24-11-2020,18:55,Rennesfr,1.1,1–2,2.2,engChelsea,,Roazhon Park,Björn Kuipers,Match Report,,Rennes,Chelsea,1,2,0,0,0,,,,
Group stage,4,Tue,24-11-2020,20:00,Manchester Utdeng,2.9,4–1,1.3,trBaşakşehir,545,Old Trafford,Ovidiu Hațegan,Match Report,,Manchester Utd,Başakşehir,4,1,0,0,0,,,,
Group stage,4,Tue,24-11-2020,20:55,Krasnodarru,1.1,1–2,1.6,esSevilla,10554,Krasnodar Stadium,Marco Guida,Match Report,,Krasnodar,Sevilla,1,2,0,0,0,,,,
Group stage,4,Tue,24-11-2020,21:00,Lazioit,3.3,3–1,0.6,ruZenit,,Stadio Olimpico,Michael Oliver,Match Report,,Lazio,Zenit,3,1,0,0,0,,,,
Group stage,4,Tue,24-11-2020,21:00,Paris S-Gfr,1.1,1–0,1.4,deRB Leipzig,,Parc des Princes,Danny Makkelie,Match Report,,Paris S-G,RB Leipzig,1,0,0,0,0,,,,
Group stage,4,Tue,24-11-2020,21:00,Dortmundde,1.6,3–0,0.1,beClub Brugge,,Signal Iduna Park,Ivan Kružliak,Match Report,,Dortmund,Club Brugge,3,0,0,0,0,,,,
Group stage,4,Tue,24-11-2020,21:00,Juventusit,1,2–1,0.4,huFerencváros,,Allianz Stadium,Daniel Siebert,Match Report,,Juventus,Ferencváros,2,1,0,0,0,,,,
Group stage,4,Tue,24-11-2020,22:00,Dynamo Kyivua,0.3,0–4,3,esBarcelona,,NSK Olimpijs'kyj,Matej Jug,Match Report,,Dynamo Kyiv,Barcelona,0,4,0,0,0,,,,
Group stage,4,Wed,25-11-2020,18:55,M'Gladbachde,3.2,4–0,0.7,uaShakhtar,,Stadion im Borussia-Park,Cüneyt Çakιr,Match Report,,M'Gladbach,Shakhtar,4,0,0,0,0,,,,
Group stage,4,Wed,25-11-2020,19:55,Olympiacosgr,0.1,0–1,2.4,engManchester City,,Stadio Georgios Karaiskáki,Davide Massa,Match Report,,Olympiacos,Manchester City,0,1,0,0,0,,,,
Group stage,4,Wed,25-11-2020,20:00,Liverpooleng,0.2,0–2,1.2,itAtalanta,,Anfield,Carlos del Cerro,Match Report,,Liverpool,Atalanta,0,2,0,0,0,,,,
Group stage,4,Wed,25-11-2020,21:00,Marseillefr,1.3,0–2,2.1,ptPorto,,Orange Vélodrome,Andreas Ekberg,Match Report,,Marseille,Porto,0,2,0,0,0,,,,
Group stage,4,Wed,25-11-2020,21:00,Interit,0.2,0–2,2,esReal Madrid,,Stadio Giuseppe Meazza,Anthony Taylor,Match Report,,Inter,Real Madrid,0,2,0,0,0,,,,
Group stage,4,Wed,25-11-2020,21:00,Ajaxnl,2.4,3–1,1.4,dkMidtjylland,,Johan Cruyff ArenA,Sergey Karasev,Match Report,,Ajax,Midtjylland,3,1,0,0,0,,,,
Group stage,4,Wed,25-11-2020,21:00,Atlético Madrides,1.6,0–0,0.2,ruLoko Moscow,,Estadio Wanda Metropolitano,Slavko Vinčič,Match Report,,Atlético Madrid,Loko Moscow,0,0,0,0,0,,,,
Group stage,4,Wed,25-11-2020,21:00,Bayern Munichde,1.3,3–1,3.3,atRB Salzburg,,Allianz Arena,Orel Grinfeeld,Match Report,,Bayern Munich,RB Salzburg,3,1,0,0,0,,,,
,,,,,,,,,,,,,,,#VALUE!,,,,,,,,,,
Group stage,5,Tue,01-12-2020,19:55,Shakhtarua,1.3,2–0,1.4,esReal Madrid,,Oblasny SportKomplex Metalist,Ovidiu Hațegan,Match Report,,Shakhtar,Real Madrid,2,0,0,0,0,,,,
Group stage,5,Tue,01-12-2020,20:00,Liverpooleng,2,1–0,1.5,nlAjax,,Anfield,Tobias Stieler,Match Report,,Liverpool,Ajax,1,0,0,0,0,,,,
Group stage,5,Tue,01-12-2020,20:00,Portopt,0.1,0–0,2.5,engManchester City,,Estádio Do Dragão,Björn Kuipers,Match Report,,Porto,Manchester City,0,0,0,0,0,,,,
Group stage,5,Tue,01-12-2020,20:55,Loko Moscowru,1.1,1–3,2.4,atRB Salzburg,6759,RZD Arena,Ali Palabıyık,Match Report,,Loko Moscow,RB Salzburg,1,3,0,0,0,,,,
Group stage,5,Tue,01-12-2020,21:00,Marseillefr,2,2–1,0.3,grOlympiacos,,Orange Vélodrome,Jesús Gil,Match Report,,Marseille,Olympiacos,2,1,0,0,0,,,,
Group stage,5,Tue,01-12-2020,21:00,Atalantait,2.4,1–1,0.7,dkMidtjylland,,Stadio Atleti Azzurri d'Italia,Anastasios Sidiropoulos,Match Report,,Atalanta,Midtjylland,1,1,0,0,0,,,,
Group stage,5,Tue,01-12-2020,21:00,M'Gladbachde,1.3,2–3,1.6,itInter,,Stadion im Borussia-Park,Danny Makkelie,Match Report,,M'Gladbach,Inter,2,3,0,0,0,,,,
Group stage,5,Tue,01-12-2020,21:00,Atlético Madrides,1.6,1–1,1.1,deBayern Munich,,Estadio Wanda Metropolitano,Clément Turpin,Match Report,,Atlético Madrid,Bayern Munich,1,1,0,0,0,,,,
Group stage,5,Wed,02-12-2020,20:00,Manchester Utdeng,1.2,1–3,2.8,frParis S-G,,Old Trafford,Daniele Orsato,Match Report,,Manchester Utd,Paris S-G,1,3,0,0,0,,,,
Group stage,5,Wed,02-12-2020,20:55,Krasnodarru,1.5,1–0,0.7,frRennes,8747,Krasnodar Stadium,William Collum,Match Report,,Krasnodar,Rennes,1,0,0,0,0,,,,
Group stage,5,Wed,02-12-2020,20:55,Başakşehirtr,0.6,3–4,2.1,deRB Leipzig,,Başakşehir Fatih Terim Stadium,Carlos del Cerro,Match Report,,Başakşehir,RB Leipzig,3,4,0,0,0,,,,
Group stage,5,Wed,02-12-2020,21:00,Club Bruggebe,2,3–0,0.2,ruZenit,,Jan Breydelstadion,Serdar Gözübüyük,Match Report,,Club Brugge,Zenit,3,0,0,0,0,,,,
Group stage,5,Wed,02-12-2020,21:00,Juventusit,2.9,3–0,0.6,uaDynamo Kyiv,,Allianz Stadium,Stéphanie Frappart,Match Report,,Juventus,Dynamo Kyiv,3,0,0,0,0,,,,
Group stage,5,Wed,02-12-2020,21:00,Dortmundde,1.4,1–1,1.9,itLazio,,Signal Iduna Park,Antonio Matéu Lahoz,Match Report,,Dortmund,Lazio,1,1,0,0,0,,,,
Group stage,5,Wed,02-12-2020,21:00,Ferencvároshu,0.8,0–3,4,esBarcelona,,Puskás Aréna,Aliaksei Kulbakou,Match Report,,Ferencváros,Barcelona,0,3,0,0,0,,,,
Group stage,5,Wed,02-12-2020,21:00,Sevillaes,1.3,0–4,2.4,engChelsea,,Estadio Ramón Sánchez Pizjuán,Artur Soares Dias,Match Report,,Sevilla,Chelsea,0,4,0,0,0,,,,
,,,,,,,,,,,,,,,#VALUE!,,,,,,,,,,
Group stage,6,Tue,08-12-2020,18:55,Lazioit,2.7,2–2,1.1,beClub Brugge,,Stadio Olimpico,Cüneyt Çakιr,Match Report,,Lazio,Club Brugge,2,2,0,0,0,,,,
Group stage,6,Tue,08-12-2020,20:00,Chelseaeng,2.5,1–1,0.4,ruKrasnodar,2000,Stamford Bridge,Pavel Královec,Match Report,,Chelsea,Krasnodar,1,1,0,0,0,,,,
Group stage,6,Tue,08-12-2020,20:55,Zenitru,1.2,1–2,1.6,deDortmund,10860,Gazprom Arena,István Kovács,Match Report,,Zenit,Dortmund,1,2,0,0,0,,,,
Group stage,6,Tue,08-12-2020,21:00,Barcelonaes,0.9,0–3,2.9,itJuventus,,Camp Nou,Tobias Stieler,Match Report,,Barcelona,Juventus,0,3,0,0,0,,,,
Group stage,6,Tue,08-12-2020,21:00,Rennesfr,2.4,1–3,1.5,esSevilla,,Roazhon Park,Bartosz Frankowski,Match Report,,Rennes,Sevilla,1,3,0,0,0,,,,
Group stage,6,Tue,08-12-2020,21:00,RB Leipzigde,1.5,3–2,2,engManchester Utd,,Red Bull Arena,Antonio Matéu Lahoz,Match Report,,RB Leipzig,Manchester Utd,3,2,0,0,0,,,,
Group stage,6,Tue,08-12-2020,22:00,Dynamo Kyivua,0.5,1–0,0.7,huFerencváros,,NSK Olimpijs'kyj,Andreas Ekberg,Match Report,,Dynamo Kyiv,Ferencváros,1,0,0,0,0,,,,
Group stage,6,Wed,09-12-2020,18:55,Ajaxnl,0.7,0–1,1.2,itAtalanta,,Johan Cruyff ArenA,Carlos del Cerro,Match Report,,Ajax,Atalanta,0,1,0,0,0,,,,
Group stage,6,Wed,09-12-2020,18:55,Paris S-Gfr,3.1,5–1,0.8,trBaşakşehir,,Parc des Princes,Danny Makkelie,Match Report,,Paris S-G,Başakşehir,5,1,0,0,0,,,,
Group stage,6,Wed,09-12-2020,18:55,Midtjyllanddk,2.3,1–1,1.1,engLiverpool,,MCH Arena,François Letexier,Match Report,,Midtjylland,Liverpool,1,1,0,0,0,,,,
Group stage,6,Wed,09-12-2020,20:00,Manchester Cityeng,2.4,3–0,0.5,frMarseille,,Etihad Stadium,Halil Umut Meler,Match Report,,Manchester City,Marseille,3,0,0,0,0,,,,
Group stage,6,Wed,09-12-2020,21:00,Real Madrides,2.8,2–0,1,deM'Gladbach,,Estadio Alfredo Di Stéfano,Björn Kuipers,Match Report,,Real Madrid,M'Gladbach,2,0,0,0,0,,,,
Group stage,6,Wed,09-12-2020,21:00,Bayern Munichde,1.7,2–0,0.4,ruLoko Moscow,,Allianz Arena,Sandro Schärer,Match Report,,Bayern Munich,Loko Moscow,2,0,0,0,0,,,,
Group stage,6,Wed,09-12-2020,21:00,RB Salzburgat,1.4,0–2,0.6,esAtlético Madrid,,Red Bull Arena,Anthony Taylor,Match Report,,RB Salzburg,Atlético Madrid,0,2,0,0,0,,,,
Group stage,6,Wed,09-12-2020,21:00,Interit,1.3,0–0,0.4,uaShakhtar,,Stadio Giuseppe Meazza,Slavko Vinčič,Match Report,,Inter,Shakhtar,0,0,0,0,0,,,,
Group stage,6,Wed,09-12-2020,22:00,Olympiacosgr,1,0–2,1,ptPorto,,Stadio Georgios Karaiskáki,Felix Brych,Match Report,,Olympiacos,Porto,0,2,0,0,0,,,,
,,,,,,,,,,,,,,,#VALUE!,,,,,,,,,,
Round of 16,,Tue,16-02-2021,21:00,Barcelonaes,1.6,1–4,2.8,frParis S-G,,Camp Nou,Björn Kuipers,Match Report,Leg 1 of 2,Barcelona,Paris S-G,1,4,1,0,0,#VALUE!,#VALUE!,#VALUE!,#VALUE!
Round of 16,,Tue,16-02-2021,21:00,RB Leipzigde,1.3,0–2,1.4,engLiverpool,,Puskás Aréna,Slavko Vinčič,Match Report,Leg 1 of 2,RB Leipzig,Liverpool,0,2,1,0,0,#VALUE!,#VALUE!,#VALUE!,#VALUE!
Round of 16,,Wed,17-02-2021,20:00,Portopt,1.3,2–1,0.9,itJuventus,,Estádio Do Dragão,Carlos del Cerro,Match Report,Leg 1 of 2,Porto,Juventus,2,1,1,0,0,#VALUE!,#VALUE!,#VALUE!,#VALUE!
Round of 16,,Wed,17-02-2021,21:00,Sevillaes,0.9,2–3,1.2,deDortmund,,Estadio Ramón Sánchez Pizjuán,Danny Makkelie,Match Report,Leg 1 of 2,Sevilla,Dortmund,2,3,1,0,0,#VALUE!,#VALUE!,#VALUE!,#VALUE!
Round of 16,,Tue,23-02-2021,21:00,Lazioit,0.9,1–4,1.9,deBayern Munich,,Stadio Olimpico,Orel Grinfeeld,Match Report,Leg 1 of 2,Lazio,Bayern Munich,1,4,1,0,0,#VALUE!,#VALUE!,#VALUE!,#VALUE!
Round of 16,,Tue,23-02-2021,21:00,Atlético Madrides,0.8,0–1,1,engChelsea,,Arena Naţională,Felix Brych,Match Report,Leg 1 of 2,Atlético Madrid,Chelsea,0,1,1,0,0,#VALUE!,#VALUE!,#VALUE!,#VALUE!
Round of 16,,Wed,24-02-2021,21:00,M'Gladbachde,0.4,0–2,1.6,engManchester City,,Puskás Aréna,Artur Soares Dias,Match Report,Leg 1 of 2,M'Gladbach,Manchester City,0,2,1,0,0,#VALUE!,#VALUE!,#VALUE!,#VALUE!
Round of 16,,Wed,24-02-2021,21:00,Atalantait,0.1,0–1,1.5,esReal Madrid,,Stadio Atleti Azzurri d'Italia,Tobias Stieler,Match Report,Leg 1 of 2,Atalanta,Real Madrid,0,1,1,0,0,#VALUE!,#VALUE!,#VALUE!,#VALUE!
Round of 16,,Tue,09-03-2021,21:00,Juventusit,3,3–2,2.2,ptPorto,,Allianz Stadium,Björn Kuipers,Match Report,Leg 2 of 2; Porto won; Required Extra Time,Juventus,Porto,3,2,0,1,1,#VALUE!,#VALUE!,#VALUE!,#VALUE!
Round of 16,,Tue,09-03-2021,21:00,Dortmundde,2.2,2–2,2,esSevilla,,Fußballpark BVB Hohenbuschei,Cüneyt Çakιr,Match Report,Leg 2 of 2; Dortmund won,Dortmund,Sevilla,2,2,0,1,0,#VALUE!,#VALUE!,#VALUE!,#VALUE!
Round of 16,,Wed,10-03-2021,20:00,Liverpooleng,2.4,2–0,0.9,deRB Leipzig,,Puskás Aréna,Clément Turpin,Match Report,Leg 2 of 2; Liverpool won,Liverpool,RB Leipzig,2,0,0,1,0,#VALUE!,#VALUE!,#VALUE!,#VALUE!
Round of 16,,Wed,10-03-2021,21:00,Paris S-Gfr,1.7,1–1,2.2,esBarcelona,,Parc des Princes,Anthony Taylor,Match Report,Leg 2 of 2; Paris S-G won,Paris S-G,Barcelona,1,1,0,1,0,#VALUE!,#VALUE!,#VALUE!,#VALUE!
Round of 16,,Tue,16-03-2021,20:00,Manchester Cityeng,1.4,2–0,0.3,deM'Gladbach,,Etihad Stadium,Sergey Karasev,Match Report,Leg 2 of 2; Manchester City won,Manchester City,M'Gladbach,2,0,0,1,0,#VALUE!,#VALUE!,#VALUE!,#VALUE!
Round of 16,,Tue,16-03-2021,21:00,Real Madrides,2.7,3–1,1.3,itAtalanta,,Estadio Alfredo Di Stéfano,Danny Makkelie,Match Report,Leg 2 of 2; Real Madrid won,Real Madrid,Atalanta,3,1,0,1,0,#VALUE!,#VALUE!,#VALUE!,#VALUE!
Round of 16,,Wed,17-03-2021,20:00,Chelseaeng,2,2–0,0.5,esAtlético Madrid,,Stamford Bridge,Daniele Orsato,Match Report,Leg 2 of 2; Chelsea won,Chelsea,Atlético Madrid,2,0,0,1,0,#VALUE!,#VALUE!,#VALUE!,#VALUE!
Round of 16,,Wed,17-03-2021,21:00,Bayern Munichde,1.9,2–1,1.1,itLazio,,Allianz Arena,István Kovács,Match Report,Leg 2 of 2; Bayern Munich won,Bayern Munich,Lazio,2,1,0,1,0,#VALUE!,#VALUE!,#VALUE!,#VALUE!
Quarter-finals,,Tue,06-04-2021,20:00,Manchester Cityeng,2.1,2–1,1.1,deDortmund,,Etihad Stadium,Ovidiu Hațegan,Match Report,Leg 1 of 2,Manchester City,Dortmund,2,1,1,0,0,#VALUE!,#VALUE!,#VALUE!,#VALUE!
Quarter-finals,,Tue,06-04-2021,21:00,Real Madrides,2.1,3–1,0.7,engLiverpool,,Estadio Alfredo Di Stéfano,Felix Brych,Match Report,Leg 1 of 2,Real Madrid,Liverpool,3,1,1,0,0,#VALUE!,#VALUE!,#VALUE!,#VALUE!
Quarter-finals,,Wed,07-04-2021,20:00,Portopt,1.4,0–2,1.6,engChelsea,,Estadio Ramón Sánchez Pizjuán,Slavko Vinčič,Match Report,Leg 1 of 2,Porto,Chelsea,0,2,1,0,0,#VALUE!,#VALUE!,#VALUE!,#VALUE!
Quarter-finals,,Wed,07-04-2021,21:00,Bayern Munichde,3.7,2–3,1.3,frParis S-G,,Allianz Arena,Antonio Matéu Lahoz,Match Report,Leg 1 of 2,Bayern Munich,Paris S-G,2,3,1,0,0,#VALUE!,#VALUE!,#VALUE!,#VALUE!
Quarter-finals,,Tue,13-04-2021,20:00,Chelseaeng,1.2,0–1,0.4,ptPorto,,Estadio Ramón Sánchez Pizjuán,Clément Turpin,Match Report,Leg 2 of 2; Chelsea won,Chelsea,Porto,0,1,0,1,0,#VALUE!,#VALUE!,#VALUE!,#VALUE!
Quarter-finals,,Tue,13-04-2021,21:00,Paris S-Gfr,1.6,0–1,1.5,deBayern Munich,,Parc des Princes,Daniele Orsato,Match Report,Leg 2 of 2; Paris S-G won,Paris S-G,Bayern Munich,0,1,0,1,0,#VALUE!,#VALUE!,#VALUE!,#VALUE!
Quarter-finals,,Wed,14-04-2021,20:00,Liverpooleng,1.2,0–0,0.8,esReal Madrid,,Anfield,Björn Kuipers,Match Report,Leg 2 of 2; Real Madrid won,Liverpool,Real Madrid,0,0,0,1,0,#VALUE!,#VALUE!,#VALUE!,#VALUE!
Quarter-finals,,Wed,14-04-2021,21:00,Dortmundde,0.5,1–2,2.5,engManchester City,,Signal Iduna Park,Carlos del Cerro,Match Report,Leg 2 of 2; Manchester City won,Dortmund,Manchester City,1,2,0,1,0,#VALUE!,#VALUE!,#VALUE!,#VALUE!
Semi-finals,,Tue,27-04-2021,21:00,Real Madrides,0.7,1–1,1.7,engChelsea,,Estadio Alfredo Di Stéfano,Danny Makkelie,Match Report,Leg 1 of 2,Real Madrid,Chelsea,1,1,1,0,0,#VALUE!,#VALUE!,#VALUE!,#VALUE!
Round,Wk,Day,Date,Time,Home,xG,Score,xG,Away,Attendance,Venue,Referee,Match Report,Notes,Ho,Away,Score,,0,0,0,#VALUE!,#VALUE!,#VALUE!,#VALUE!
Semi-finals,,Wed,28-04-2021,21:00,Paris S-Gfr,1,1–2,0.8,engManchester City,,Parc des Princes,Felix Brych,Match Report,Leg 1 of 2,Paris S-G,Manchester City,1,2,1,0,0,#VALUE!,#VALUE!,#VALUE!,#VALUE!
Semi-finals,,Tue,04-05-2021,20:00,Manchester Cityeng,1.4,2–0,0.8,frParis S-G,,Etihad Stadium,Björn Kuipers,Match Report,Leg 2 of 2; Manchester City won,Manchester City,Paris S-G,2,0,0,1,0,#VALUE!,#VALUE!,#VALUE!,#VALUE!
Semi-finals,,Wed,05-05-2021,20:00,Chelseaeng,4,2–0,0.5,esReal Madrid,,Stamford Bridge,Daniele Orsato,Match Report,Leg 2 of 2; Chelsea won,Chelsea,Real Madrid,2,0,0,1,0,#VALUE!,#VALUE!,#VALUE!,#VALUE!
Final,,Sat,29-05-2021,22:00,Manchester Cityeng,0.5,0–1,1.4,engChelsea,14110,Estádio Do Dragão,Antonio Matéu Lahoz,Match Report,,Manchester City,Chelsea,0,1,0,0,0,#VALUE!,#VALUE!,#VALUE!,#VALUE!