Round,Wk,Day,Date,Time,Home,xG,Score,xG,Away,Attendance,Venue,Referee,Match Report,Notes,Home_Clean,Away_Clean,Home_Score,Away_Score,Leg 1,Leg 2,Extra Time Required,Home_Score_2,Away_Score_2,Home_Pens,Away_Pens
Group stage,1,Tue,14-09-2021,18:45,Sevillaes,1.5,1–1,2.9,atRB Salzburg,18373,Estadio Ramón Sánchez Pizjuán,Aliaksei Kulbakou,Match Report,,Sevilla,RB Salzburg,1,1,0,0,0,,,,
Group stage,1,Tue,14-09-2021,18:45,Young Boysch,1.4,2–1,0.5,engManchester Utd,31120,Wankdorfstadion,François Letexier,Match Report,,Young Boys,Manchester Utd,2,1,0,0,0,,,,
Group stage,1,Tue,14-09-2021,20:00,Chelseaeng,0.7,1–0,0.9,ruZenit,39252,Stamford Bridge,Bartosz Frankowski,Match Report,,Chelsea,Zenit,1,0,0,0,0,,,,
Group stage,1,Tue,14-09-2021,21:00,Villarreales,2.3,2–2,1.3,itAtalanta,12916,Estadio de la Cerámica,Clément Turpin,Match Report,,Villarreal,Atalanta,2,2,0,0,0,,,,
Group stage,1,Tue,14-09-2021,21:00,Barcelonaes,0.2,0–3,2.7,deBayern Munich,39737,Camp Nou,Michael Oliver,Match Report,,Barcelona,Bayern Munich,0,3,0,0,0,,,,
Group stage,1,Tue,14-09-2021,21:00,Lillefr,1.6,0–0,0.1,deWolfsburg,34314,Stade Pierre-Mauroy,Danny Makkelie,Match Report,,Lille,Wolfsburg,0,0,0,0,0,,,,
Group stage,1,Tue,14-09-2021,21:00,Malmöse,0.4,0–3,3.5,itJuventus,5832,Eleda Stadion,Artur Dias,Match Report,,Malmö,Juventus,0,3,0,0,0,,,,
Group stage,1,Tue,14-09-2021,22:00,Dynamo Kyivua,0.6,0–0,1,ptBenfica,21657,NSK Olimpijs'kyj,Anthony Taylor,Match Report,,Dynamo Kyiv,Benfica,0,0,0,0,0,,,,
Group stage,1,Wed,15-09-2021,19:45,Sheriff Tiraspolmd,1,2–0,0.8,uaShakhtar,5205,Bolshaya Sportivnaya Arena,Deniz Aytekin,Match Report,,Sheriff Tiraspol,Shakhtar,2,0,0,0,0,,,,
Group stage,1,Wed,15-09-2021,19:45,Beşiktaştr,1.2,1–2,3,deDortmund,22445,Vodafone Arena,Antonio Matéu Lahoz,Match Report,,Beşiktaş,Dortmund,1,2,0,0,0,,,,
Group stage,1,Wed,15-09-2021,20:00,Sporting CPpt,0.7,1–5,3.1,nlAjax,20382,Estádio José Alvalade,José Sánchez,Match Report,,Sporting CP,Ajax,1,5,0,0,0,,,,
Group stage,1,Wed,15-09-2021,20:00,Manchester Cityeng,2.3,6–3,1.3,deRB Leipzig,38062,Etihad Stadium,Serdar Gözübüyük,Match Report,,Manchester City,RB Leipzig,6,3,0,0,0,,,,
Group stage,1,Wed,15-09-2021,20:00,Liverpooleng,2.5,3–2,1.6,itMilan,51445,Anfield,Szymon Marciniak,Match Report,,Liverpool,Milan,3,2,0,0,0,,,,
Group stage,1,Wed,15-09-2021,21:00,Interit,2.4,0–1,1.2,esReal Madrid,37082,Stadio Giuseppe Meazza,Daniel Siebert,Match Report,,Inter,Real Madrid,0,1,0,0,0,,,,
Group stage,1,Wed,15-09-2021,21:00,Club Bruggebe,1.3,1–1,1.4,frParis S-G,27546,Jan Breydelstadion,Sandro Schärer,Match Report,,Club Brugge,Paris S-G,1,1,0,0,0,,,,
Group stage,1,Wed,15-09-2021,21:00,Atlético Madrides,0.3,0–0,1.6,ptPorto,40098,Estadio Wanda Metropolitano,Ovidiu Hațegan,Match Report,,Atlético Madrid,Porto,0,0,0,0,0,,,,
,,,,,,,,,,,,,,,#VALUE!,,,,,,,,,,
Group stage,2,Tue,28-09-2021,18:45,Ajaxnl,3.5,2–0,0.9,trBeşiktaş,52628,Johan Cruyff ArenA,Benoît Bastien,Match Report,,Ajax,Beşiktaş,2,0,0,0,0,,,,
Group stage,2,Tue,28-09-2021,19:45,Shakhtarua,1.3,0–0,1,itInter,26170,NSK Olimpijs'kyj,István Kovács,Match Report,,Shakhtar,Inter,0,0,0,0,0,,,,
Group stage,2,Tue,28-09-2021,20:00,Portopt,0.9,1–5,3.4,engLiverpool,23520,Estádio Do Dragão,Sergey Karasev,Match Report,,Porto,Liverpool,1,5,0,0,0,,,,
Group stage,2,Tue,28-09-2021,21:00,Real Madrides,3.1,1–2,0.4,mdSheriff Tiraspol,24522,Estadio Santiago Bernabéu,Lawrence Visser,Match Report,,Real Madrid,Sheriff Tiraspol,1,2,0,0,0,,,,
Group stage,2,Tue,28-09-2021,21:00,RB Leipzigde,1.3,1–2,1.4,beClub Brugge,23500,Red Bull Arena,Slavko Vinčič,Match Report,,RB Leipzig,Club Brugge,1,2,0,0,0,,,,
Group stage,2,Tue,28-09-2021,21:00,Dortmundde,0.3,1–0,0.4,ptSporting CP,25000,Signal Iduna Park,Srdjan Stojanovic,Match Report,,Dortmund,Sporting CP,1,0,0,0,0,,,,
Group stage,2,Tue,28-09-2021,21:00,Paris S-Gfr,0.4,2–0,1.9,engManchester City,37350,Parc des Princes,Carlos del Cerro,Match Report,,Paris S-G,Manchester City,2,0,0,0,0,,,,
Group stage,2,Tue,28-09-2021,21:00,Milanit,0.7,1–2,2.1,esAtlético Madrid,35374,Stadio Giuseppe Meazza,Cüneyt Çakιr,Match Report,,Milan,Atlético Madrid,1,2,0,0,0,,,,
Group stage,2,Wed,29-09-2021,18:45,Atalantait,2.5,1–0,0.1,chYoung Boys,8536,Stadio Atleti Azzurri d'Italia,Felix Brych,Match Report,,Atalanta,Young Boys,1,0,0,0,0,,,,
Group stage,2,Wed,29-09-2021,19:45,Zenitru,2.5,4–0,0.5,seMalmö,15339,Gazprom Arena,Anastasios Sidiropoulos,Match Report,,Zenit,Malmö,4,0,0,0,0,,,,
Group stage,2,Wed,29-09-2021,20:00,Manchester Utdeng,1.1,2–1,2.3,esVillarreal,73130,Old Trafford,Felix Zwayer,Match Report,,Manchester Utd,Villarreal,2,1,0,0,0,,,,
Group stage,2,Wed,29-09-2021,20:00,Benficapt,1.9,3–0,1.2,esBarcelona,29454,Estádio do Sport Lisboa e Benfica,Daniele Orsato,Match Report,,Benfica,Barcelona,3,0,0,0,0,,,,
Group stage,2,Wed,29-09-2021,21:00,RB Salzburgat,2.1,2–1,0.5,frLille,24207,Red Bull Arena,Halil Umut Meler,Match Report,,RB Salzburg,Lille,2,1,0,0,0,,,,
Group stage,2,Wed,29-09-2021,21:00,Juventusit,0.9,1–0,1.3,engChelsea,19934,Allianz Stadium,Jesús Gil,Match Report,,Juventus,Chelsea,1,0,0,0,0,,,,
Group stage,2,Wed,29-09-2021,21:00,Bayern Munichde,2.7,5–0,0.3,uaDynamo Kyiv,25000,Allianz Arena,Marco Guida,Match Report,,Bayern Munich,Dynamo Kyiv,5,0,0,0,0,,,,
Group stage,2,Wed,29-09-2021,21:00,Wolfsburgde,1.2,1–1,1.1,esSevilla,11733,Volkswagen Arena,Georgi Kabakov,Match Report,,Wolfsburg,Sevilla,1,1,0,0,0,,,,
,,,,,,,,,,,,,,,#VALUE!,,,,,,,,,,
Group stage,3,Tue,19-10-2021,18:45,Club Bruggebe,0.6,1–5,4.7,engManchester City,24915,Jan Breydelstadion,István Kovács,Match Report,,Club Brugge,Manchester City,1,5,0,0,0,,,,
Group stage,3,Tue,19-10-2021,19:45,Beşiktaştr,0.9,1–4,4.4,ptSporting CP,22936,Vodafone Arena,Slavko Vinčič,Match Report,,Beşiktaş,Sporting CP,1,4,0,0,0,,,,
Group stage,3,Tue,19-10-2021,20:00,Portopt,1.1,1–0,0.2,itMilan,32130,Estádio Do Dragão,Felix Brych,Match Report,,Porto,Milan,1,0,0,0,0,,,,
Group stage,3,Tue,19-10-2021,21:00,Atlético Madrides,2.2,2–3,1.3,engLiverpool,60725,Estadio Wanda Metropolitano,Daniel Siebert,Match Report,,Atlético Madrid,Liverpool,2,3,0,0,0,,,,
Group stage,3,Tue,19-10-2021,21:00,Interit,2.3,3–1,0.4,mdSheriff Tiraspol,43305,Stadio Giuseppe Meazza,Danny Makkelie,Match Report,,Inter,Sheriff Tiraspol,3,1,0,0,0,,,,
Group stage,3,Tue,19-10-2021,21:00,Paris S-Gfr,3,3–2,2.1,deRB Leipzig,47359,Parc des Princes,Marco Guida,Match Report,,Paris S-G,RB Leipzig,3,2,0,0,0,,,,
Group stage,3,Tue,19-10-2021,21:00,Ajaxnl,2.1,4–0,1.2,deDortmund,54029,Johan Cruyff ArenA,Jesús Gil,Match Report,,Ajax,Dortmund,4,0,0,0,0,,,,
Group stage,3,Tue,19-10-2021,22:00,Shakhtarua,0.7,0–5,2.6,esReal Madrid,34037,Oblasny SportKomplex Metalist,Srđan Jovanović,Match Report,,Shakhtar,Real Madrid,0,5,0,0,0,,,,
Group stage,3,Wed,20-10-2021,18:45,RB Salzburgat,2.7,3–1,0.9,deWolfsburg,29520,Red Bull Arena,Daniele Orsato,Match Report,,RB Salzburg,Wolfsburg,3,1,0,0,0,,,,
Group stage,3,Wed,20-10-2021,18:45,Barcelonaes,2.2,1–0,0.1,uaDynamo Kyiv,45968,Camp Nou,Clément Turpin,Match Report,,Barcelona,Dynamo Kyiv,1,0,0,0,0,,,,
Group stage,3,Wed,20-10-2021,20:00,Manchester Utdeng,2.8,3–2,1.6,itAtalanta,72279,Old Trafford,Szymon Marciniak,Match Report,,Manchester Utd,Atalanta,3,2,0,0,0,,,,
Group stage,3,Wed,20-10-2021,20:00,Benficapt,0.7,0–4,3,deBayern Munich,55201,Estádio do Sport Lisboa e Benfica,Ovidiu Hațegan,Match Report,,Benfica,Bayern Munich,0,4,0,0,0,,,,
Group stage,3,Wed,20-10-2021,20:00,Chelseaeng,2.6,4–0,0.1,seMalmö,39095,Stamford Bridge,François Letexier,Match Report,,Chelsea,Malmö,4,0,0,0,0,,,,
Group stage,3,Wed,20-10-2021,21:00,Lillefr,0.8,0–0,1.1,esSevilla,34362,Stade Pierre-Mauroy,Michael Oliver,Match Report,,Lille,Sevilla,0,0,0,0,0,,,,
Group stage,3,Wed,20-10-2021,21:00,Young Boysch,2.7,1–4,2.7,esVillarreal,27398,Wankdorfstadion,Sergey Karasev,Match Report,,Young Boys,Villarreal,1,4,0,0,0,,,,
Group stage,3,Wed,20-10-2021,22:00,Zenitru,0.6,0–1,1.2,itJuventus,18717,Gazprom Arena,Sandro Schärer,Match Report,,Zenit,Juventus,0,1,0,0,0,,,,
,,,,,,,,,,,,,,,#VALUE!,,,,,,,,,,
Group stage,4,Tue,02-11-2021,18:45,Wolfsburgde,1.7,2–1,1.6,atRB Salzburg,16112,Volkswagen Arena,Artur Dias,Match Report,,Wolfsburg,RB Salzburg,2,1,0,0,0,,,,
Group stage,4,Tue,02-11-2021,18:45,Malmöse,0.2,0–1,2.5,engChelsea,19551,Eleda Stadion,Felix Brych,Match Report,,Malmö,Chelsea,0,1,0,0,0,,,,
Group stage,4,Tue,02-11-2021,21:00,Bayern Munichde,4.8,5–2,1,ptBenfica,50000,Allianz Arena,Szymon Marciniak,Match Report,,Bayern Munich,Benfica,5,2,0,0,0,,,,
Group stage,4,Tue,02-11-2021,21:00,Atalantait,1.5,2–2,1.1,engManchester Utd,14443,Stadio Atleti Azzurri d'Italia,Slavko Vinčič,Match Report,,Atalanta,Manchester Utd,2,2,0,0,0,,,,
Group stage,4,Tue,02-11-2021,21:00,Villarreales,2.2,2–0,1.1,chYoung Boys,14890,Estadio de la Cerámica,Serdar Gözübüyük,Match Report,,Villarreal,Young Boys,2,0,0,0,0,,,,
Group stage,4,Tue,02-11-2021,21:00,Juventusit,2.7,4–2,1.3,ruZenit,20053,Allianz Stadium,Alejandro Hernández,Match Report,,Juventus,Zenit,4,2,0,0,0,,,,
Group stage,4,Tue,02-11-2021,21:00,Sevillaes,1,1–2,1.9,frLille,29369,Estadio Ramón Sánchez Pizjuán,István Kovács,Match Report,,Sevilla,Lille,1,2,0,0,0,,,,
Group stage,4,Tue,02-11-2021,22:00,Dynamo Kyivua,1,0–1,0.8,esBarcelona,31378,NSK Olimpijs'kyj,Ovidiu Hațegan,Match Report,,Dynamo Kyiv,Barcelona,0,1,0,0,0,,,,
Group stage,4,Wed,03-11-2021,18:45,Milanit,0.6,1–1,1.8,ptPorto,39675,Stadio Giuseppe Meazza,Clément Turpin,Match Report,,Milan,Porto,1,1,0,0,0,,,,
Group stage,4,Wed,03-11-2021,18:45,Real Madrides,2,2–1,1.3,uaShakhtar,38105,Estadio Santiago Bernabéu,Benoît Bastien,Match Report,,Real Madrid,Shakhtar,2,1,0,0,0,,,,
Group stage,4,Wed,03-11-2021,20:00,Manchester Cityeng,4.6,4–1,0.8,beClub Brugge,50228,Etihad Stadium,Antonio Matéu Lahoz,Match Report,,Manchester City,Club Brugge,4,1,0,0,0,,,,
Group stage,4,Wed,03-11-2021,20:00,Sporting CPpt,2.7,4–0,1.1,trBeşiktaş,40835,Estádio José Alvalade,Sergey Karasev,Match Report,,Sporting CP,Beşiktaş,4,0,0,0,0,,,,
Group stage,4,Wed,03-11-2021,20:00,Liverpooleng,3,2–0,0.2,esAtlético Madrid,51347,Anfield,Danny Makkelie,Match Report,,Liverpool,Atlético Madrid,2,0,0,0,0,,,,
Group stage,4,Wed,03-11-2021,21:00,RB Leipzigde,3.3,2–2,2.1,frParis S-G,39794,Red Bull Arena,Andreas Ekberg,Match Report,,RB Leipzig,Paris S-G,2,2,0,0,0,,,,
Group stage,4,Wed,03-11-2021,21:00,Dortmundde,1.7,1–3,2,nlAjax,54820,Signal Iduna Park,Michael Oliver,Match Report,,Dortmund,Ajax,1,3,0,0,0,,,,
Group stage,4,Wed,03-11-2021,22:00,Sheriff Tiraspolmd,0.3,1–3,2.5,itInter,5930,Bolshaya Sportivnaya Arena,Felix Zwayer,Match Report,,Sheriff Tiraspol,Inter,1,3,0,0,0,,,,
,,,,,,,,,,,,,,,#VALUE!,,,,,,,,,,
Group stage,5,Tue,23-11-2021,18:45,Villarreales,0.6,0–2,1.2,engManchester Utd,20875,Estadio de la Cerámica,Felix Brych,Match Report,,Villarreal,Manchester Utd,0,2,0,0,0,,,,
Group stage,5,Tue,23-11-2021,19:45,Dynamo Kyivua,1.1,1–2,1,deBayern Munich,28732,NSK Olimpijs'kyj,Halil Umut Meler,Match Report,,Dynamo Kyiv,Bayern Munich,1,2,0,0,0,,,,
Group stage,5,Tue,23-11-2021,20:00,Chelseaeng,3,4–0,0.7,itJuventus,39513,Stamford Bridge,Srđan Jovanović,Match Report,,Chelsea,Juventus,4,0,0,0,0,,,,
Group stage,5,Tue,23-11-2021,21:00,Barcelonaes,1.4,0–0,1.2,ptBenfica,49572,Camp Nou,Sergey Karasev,Match Report,,Barcelona,Benfica,0,0,0,0,0,,,,
Group stage,5,Tue,23-11-2021,21:00,Lillefr,0.7,1–0,0.5,atRB Salzburg,33573,Stade Pierre-Mauroy,Anthony Taylor,Match Report,,Lille,RB Salzburg,1,0,0,0,0,,,,
Group stage,5,Tue,23-11-2021,21:00,Young Boysch,0.7,3–3,1.2,itAtalanta,31120,Stade de Suisse Wankdorf Bern,Daniel Siebert,Match Report,,Young Boys,Atalanta,3,3,0,0,0,,,,
Group stage,5,Tue,23-11-2021,21:00,Sevillaes,1.6,2–0,0.3,deWolfsburg,28663,Estadio Ramón Sánchez Pizjuán,Cüneyt Çakιr,Match Report,,Sevilla,Wolfsburg,2,0,0,0,0,,,,
Group stage,5,Tue,23-11-2021,21:00,Malmöse,0.2,1–1,1.9,ruZenit,15520,Eleda Stadion,Andris Treimanis,Match Report,,Malmö,Zenit,1,1,0,0,0,,,,
Group stage,5,Wed,24-11-2021,18:45,Interit,2.6,2–0,0.6,uaShakhtar,46225,Stadio Giuseppe Meazza,Ovidiu Hațegan,Match Report,,Inter,Shakhtar,2,0,0,0,0,,,,
Group stage,5,Wed,24-11-2021,20:00,Manchester Cityeng,2.1,2–1,1,frParis S-G,52030,Etihad Stadium,Daniele Orsato,Match Report,,Manchester City,Paris S-G,2,1,0,0,0,,,,
Group stage,5,Wed,24-11-2021,20:00,Sporting CPpt,1.9,3–1,1.6,deDortmund,41341,Estádio José Alvalade,Carlos del Cerro,Match Report,,Sporting CP,Dortmund,3,1,0,0,0,,,,
Group stage,5,Wed,24-11-2021,20:00,Liverpooleng,0.6,2–0,1.1,ptPorto,52209,Anfield,Felix Zwayer,Match Report,,Liverpool,Porto,2,0,0,0,0,,,,
Group stage,5,Wed,24-11-2021,20:45,Beşiktaştr,1.9,1–2,2.5,nlAjax,11712,Vodafone Arena,Irfan Peljto,Match Report,,Beşiktaş,Ajax,1,2,0,0,0,,,,
Group stage,5,Wed,24-11-2021,21:00,Atlético Madrides,0.9,0–1,1.3,itMilan,61019,Estadio Wanda Metropolitano,Slavko Vinčič,Match Report,,Atlético Madrid,Milan,0,1,0,0,0,,,,
Group stage,5,Wed,24-11-2021,21:00,Club Bruggebe,0.9,0–5,3.8,deRB Leipzig,24072,Jan Breydelstadion,Davide Massa,Match Report,,Club Brugge,RB Leipzig,0,5,0,0,0,,,,
Group stage,5,Wed,24-11-2021,22:00,Sheriff Tiraspolmd,1.4,0–3,1.5,esReal Madrid,5932,Bolshaya Sportivnaya Arena,Szymon Marciniak,Match Report,,Sheriff Tiraspol,Real Madrid,0,3,0,0,0,,,,
,,,,,,,,,,,,,,,#VALUE!,,,,,,,,,,
Group stage,6,Tue,07-12-2021,18:45,Paris S-Gfr,3.6,4–1,1.1,beClub Brugge,47492,Parc des Princes,Jesús Gil,Match Report,,Paris S-G,Club Brugge,4,1,0,0,0,,,,
Group stage,6,Tue,07-12-2021,18:45,RB Leipzigde,1.7,2–1,1.2,engManchester City,,Red Bull Arena,Sandro Schärer,Match Report,,RB Leipzig,Manchester City,2,1,0,0,0,,,,
Group stage,6,Tue,07-12-2021,20:00,Portopt,1.6,1–3,3.7,esAtlético Madrid,38830,Estádio Do Dragão,Clément Turpin,Match Report,,Porto,Atlético Madrid,1,3,0,0,0,,,,
Group stage,6,Tue,07-12-2021,21:00,Real Madrides,1.2,2–0,0.9,itInter,44887,Estadio Santiago Bernabéu,Felix Brych,Match Report,,Real Madrid,Inter,2,0,0,0,0,,,,
Group stage,6,Tue,07-12-2021,21:00,Dortmundde,3.5,5–0,0.1,trBeşiktaş,15000,Signal Iduna Park,François Letexier,Match Report,,Dortmund,Beşiktaş,5,0,0,0,0,,,,
Group stage,6,Tue,07-12-2021,21:00,Ajaxnl,2.1,4–2,1.2,ptSporting CP,,Johan Cruyff ArenA,Davide Massa,Match Report,,Ajax,Sporting CP,4,2,0,0,0,,,,
Group stage,6,Tue,07-12-2021,21:00,Milanit,1.4,1–2,1.9,engLiverpool,56237,Stadio Giuseppe Meazza,Danny Makkelie,Match Report,,Milan,Liverpool,1,2,0,0,0,,,,
Group stage,6,Tue,07-12-2021,22:00,Shakhtarua,2,1–1,1,mdSheriff Tiraspol,6841,Oblasny SportKomplex Metalist,Donatas Rumšas,Match Report,,Shakhtar,Sheriff Tiraspol,1,1,0,0,0,,,,
Group stage,6,Wed,08-12-2021,18:45,Juventusit,2.1,1–0,0.2,seMalmö,17501,Allianz Stadium,Irfan Peljto,Match Report,,Juventus,Malmö,1,0,0,0,0,,,,
Group stage,6,Wed,08-12-2021,20:00,Benficapt,1.1,2–0,1,uaDynamo Kyiv,36591,Estádio do Sport Lisboa e Benfica,Deniz Aytekin,Match Report,,Benfica,Dynamo Kyiv,2,0,0,0,0,,,,
Group stage,6,Wed,08-12-2021,20:00,Manchester Utdeng,1.2,1–1,1.3,chYoung Boys,73156,Old Trafford,Benoît Bastien,Match Report,,Manchester Utd,Young Boys,1,1,0,0,0,,,,
Group stage,6,Wed,08-12-2021,20:45,Zenitru,2.6,3–3,2.7,engChelsea,29349,Gazprom Arena,Serdar Gözübüyük,Match Report,,Zenit,Chelsea,3,3,0,0,0,,,,
Group stage,6,Wed,08-12-2021,21:00,Bayern Munichde,2.4,3–0,0.4,esBarcelona,,Allianz Arena,Ovidiu Hațegan,Match Report,,Bayern Munich,Barcelona,3,0,0,0,0,,,,
Group stage,6,Wed,08-12-2021,21:00,Wolfsburgde,0.7,1–3,2.5,frLille,6544,Volkswagen Arena,Daniele Orsato,Match Report,,Wolfsburg,Lille,1,3,0,0,0,,,,
Group stage,6,Wed,08-12-2021,21:00,RB Salzburgat,0.6,1–0,0.9,esSevilla,,Red Bull Arena,Slavko Vinčič,Match Report,,RB Salzburg,Sevilla,1,0,0,0,0,,,,
Group stage,6,Thu,09-12-2021,19:00,Atalantait,2,2–3,2.2,esVillarreal,11690,Stadio Atleti Azzurri d'Italia,Anthony Taylor,Match Report,,Atalanta,Villarreal,2,3,0,0,0,,,,
,,,,,,,,,,,,,,,#VALUE!,,,,,,,,,,
Round of 16,,Tue,15-02-2022,20:00,Sporting CPpt,0.1,0–5,2.1,engManchester City,48129,Estádio José Alvalade,Srdjan Stojanovic,Match Report,Leg 1 of 2,Sporting CP,Manchester City,0,5,1,0,0,#VALUE!,#VALUE!,#VALUE!,#VALUE!
Round of 16,,Tue,15-02-2022,21:00,Paris S-Gfr,2.4,1–0,0.3,esReal Madrid,47443,Parc des Princes,Daniele Orsato,Match Report,Leg 1 of 2,Paris S-G,Real Madrid,1,0,1,0,0,#VALUE!,#VALUE!,#VALUE!,#VALUE!
Round of 16,,Wed,16-02-2022,21:00,RB Salzburgat,1.1,1–1,2.3,deBayern Munich,29520,Red Bull Arena,Michael Oliver,Match Report,Leg 1 of 2,RB Salzburg,Bayern Munich,1,1,1,0,0,#VALUE!,#VALUE!,#VALUE!,#VALUE!
Round of 16,,Wed,16-02-2022,21:00,Interit,0.6,0–2,1,engLiverpool,37918,Stadio Giuseppe Meazza,Szymon Marciniak,Match Report,Leg 1 of 2,Inter,Liverpool,0,2,1,0,0,#VALUE!,#VALUE!,#VALUE!,#VALUE!
Round of 16,,Tue,22-02-2022,20:00,Chelseaeng,1.2,2–0,0.8,frLille,38832,Stamford Bridge,Jesús Gil,Match Report,Leg 1 of 2,Chelsea,Lille,2,0,1,0,0,#VALUE!,#VALUE!,#VALUE!,#VALUE!
Round of 16,,Tue,22-02-2022,21:00,Villarreales,1.3,1–1,0.7,itJuventus,17686,Estadio de la Cerámica,Daniel Siebert,Match Report,Leg 1 of 2,Villarreal,Juventus,1,1,1,0,0,#VALUE!,#VALUE!,#VALUE!,#VALUE!
Round of 16,,Wed,23-02-2022,20:00,Benficapt,2,2–2,2.4,nlAjax,54760,Estádio do Sport Lisboa e Benfica,Slavko Vinčič,Match Report,Leg 1 of 2,Benfica,Ajax,2,2,1,0,0,#VALUE!,#VALUE!,#VALUE!,#VALUE!
Round of 16,,Wed,23-02-2022,21:00,Atlético Madrides,1.3,1–1,0.6,engManchester Utd,63273,Estadio Wanda Metropolitano,Ovidiu Hațegan,Match Report,Leg 1 of 2,Atlético Madrid,Manchester Utd,1,1,1,0,0,#VALUE!,#VALUE!,#VALUE!,#VALUE!
Round of 16,,Tue,08-03-2022,20:00,Liverpooleng,1.8,0–1,0.5,itInter,51747,Anfield,Antonio Matéu Lahoz,Match Report,Leg 2 of 2; Liverpool won,Liverpool,Inter,0,1,0,1,0,#VALUE!,#VALUE!,#VALUE!,#VALUE!
Round of 16,,Tue,08-03-2022,21:00,Bayern Munichde,4.2,7–1,0.7,atRB Salzburg,25000,Allianz Arena,Clément Turpin,Match Report,Leg 2 of 2; Bayern Munich won,Bayern Munich,RB Salzburg,7,1,0,1,0,#VALUE!,#VALUE!,#VALUE!,#VALUE!
Round of 16,,Wed,09-03-2022,20:00,Manchester Cityeng,1.5,0–0,0.8,ptSporting CP,51213,Etihad Stadium,Halil Umut Meler,Match Report,Leg 2 of 2; Manchester City won,Manchester City,Sporting CP,0,0,0,1,0,#VALUE!,#VALUE!,#VALUE!,#VALUE!
Round of 16,,Wed,09-03-2022,21:00,Real Madrides,1.9,3–1,1.1,frParis S-G,59895,Estadio Santiago Bernabéu,Danny Makkelie,Match Report,Leg 2 of 2; Real Madrid won,Real Madrid,Paris S-G,3,1,0,1,0,#VALUE!,#VALUE!,#VALUE!,#VALUE!
Round of 16,,Tue,15-03-2022,20:00,Manchester Utdeng,1,0–1,0.5,esAtlético Madrid,73008,Old Trafford,Slavko Vinčič,Match Report,Leg 2 of 2; Atlético Madrid won,Manchester Utd,Atlético Madrid,0,1,0,1,0,#VALUE!,#VALUE!,#VALUE!,#VALUE!
Round of 16,,Tue,15-03-2022,21:00,Ajaxnl,1.3,0–1,0.4,ptBenfica,54066,Johan Cruyff ArenA,Carlos del Cerro,Match Report,Leg 2 of 2; Benfica won,Ajax,Benfica,0,1,0,1,0,#VALUE!,#VALUE!,#VALUE!,#VALUE!
Round of 16,,Wed,16-03-2022,21:00,Lillefr,1.7,1–2,1,engChelsea,49048,Stade Pierre-Mauroy,Davide Massa,Match Report,Leg 2 of 2; Chelsea won,Lille,Chelsea,1,2,0,1,0,#VALUE!,#VALUE!,#VALUE!,#VALUE!
Round of 16,,Wed,16-03-2022,21:00,Juventusit,1.5,0–3,2.5,esVillarreal,30385,Allianz Stadium,Szymon Marciniak,Match Report,Leg 2 of 2; Villarreal won,Juventus,Villarreal,0,3,0,1,0,#VALUE!,#VALUE!,#VALUE!,#VALUE!
Quarter-finals,,Tue,05-04-2022,20:00,Benficapt,1.2,1–3,3.9,engLiverpool,59633,Estádio do Sport Lisboa e Benfica,Jesús Gil,Match Report,Leg 1 of 2,Benfica,Liverpool,1,3,1,0,0,#VALUE!,#VALUE!,#VALUE!,#VALUE!
Quarter-finals,,Tue,05-04-2022,20:00,Manchester Cityeng,1,1–0,0,esAtlético Madrid,52018,Etihad Stadium,István Kovács,Match Report,Leg 1 of 2,Manchester City,Atlético Madrid,1,0,1,0,0,#VALUE!,#VALUE!,#VALUE!,#VALUE!
Quarter-finals,,Wed,06-04-2022,20:00,Chelseaeng,1.3,1–3,1.8,esReal Madrid,38689,Stamford Bridge,Clément Turpin,Match Report,Leg 1 of 2,Chelsea,Real Madrid,1,3,1,0,0,#VALUE!,#VALUE!,#VALUE!,#VALUE!
Quarter-finals,,Wed,06-04-2022,21:00,Villarreales,1.5,1–0,1.6,deBayern Munich,21626,Estadio de la Cerámica,Anthony Taylor,Match Report,Leg 1 of 2,Villarreal,Bayern Munich,1,0,1,0,0,#VALUE!,#VALUE!,#VALUE!,#VALUE!
Quarter-finals,,Tue,12-04-2022,21:00,Bayern Munichde,1.4,1–1,0.7,esVillarreal,70000,Allianz Arena,Slavko Vinčič,Match Report,Leg 2 of 2; Villarreal won,Bayern Munich,Villarreal,1,1,0,1,0,#VALUE!,#VALUE!,#VALUE!,#VALUE!
Quarter-finals,,Tue,12-04-2022,21:00,Real Madrides,1.2,2–3,2.7,engChelsea,59839,Estadio Santiago Bernabéu,Szymon Marciniak,Match Report,Leg 2 of 2; Real Madrid won; Required Extra Time,Real Madrid,Chelsea,2,3,0,1,1,#VALUE!,#VALUE!,#VALUE!,#VALUE!
Quarter-finals,,Wed,13-04-2022,20:00,Liverpooleng,1.8,3–3,1.2,ptBenfica,51373,Anfield,Serdar Gözübüyük,Match Report,Leg 2 of 2; Liverpool won,Liverpool,Benfica,3,3,0,1,0,#VALUE!,#VALUE!,#VALUE!,#VALUE!
Quarter-finals,,Wed,13-04-2022,21:00,Atlético Madrides,0.8,0–0,1.2,engManchester City,65675,Estadio Wanda Metropolitano,Daniel Siebert,Match Report,Leg 2 of 2; Manchester City won,Atlético Madrid,Manchester City,0,0,0,1,0,#VALUE!,#VALUE!,#VALUE!,#VALUE!
Semi-finals,,Tue,26-04-2022,20:00,Manchester Cityeng,2.7,4–3,1.6,esReal Madrid,52217,Etihad Stadium,István Kovács,Match Report,Leg 1 of 2,Manchester City,Real Madrid,4,3,1,0,0,#VALUE!,#VALUE!,#VALUE!,#VALUE!
Round,Wk,Day,Date,Time,Home,xG,Score,xG,Away,Attendance,Venue,Referee,Match Report,Notes,Ho,Away,Score,,0,0,0,#VALUE!,#VALUE!,#VALUE!,#VALUE!
Semi-finals,,Wed,27-04-2022,20:00,Liverpooleng,1.6,2–0,0.1,esVillarreal,51586,Anfield,Szymon Marciniak,Match Report,Leg 1 of 2,Liverpool,Villarreal,2,0,1,0,0,#VALUE!,#VALUE!,#VALUE!,#VALUE!
Semi-finals,,Tue,03-05-2022,21:00,Villarreales,1.2,2–3,2.5,engLiverpool,23665,Estadio de la Cerámica,Danny Makkelie,Match Report,Leg 2 of 2; Liverpool won,Villarreal,Liverpool,2,3,0,1,0,#VALUE!,#VALUE!,#VALUE!,#VALUE!
Semi-finals,,Wed,04-05-2022,21:00,Real Madrides,2.3,3–1,1.4,engManchester City,61416,Estadio Santiago Bernabéu,Daniele Orsato,Match Report,Leg 2 of 2; Real Madrid won; Required Extra Time,Real Madrid,Manchester City,3,1,0,1,1,#VALUE!,#VALUE!,#VALUE!,#VALUE!
Final,,Sat,28-05-2022,21:30,Liverpooleng,2.2,0–1,0.9,esReal Madrid,75000,Stade de France (Neutral Site),Clément Turpin,Match Report,,Liverpool,Real Madrid,0,1,0,0,0,#VALUE!,#VALUE!,#VALUE!,#VALUE!